date,czk_per_eur,czk_per_usd
2006-01-02,29.045,24.559
2006-01-03,28.99,24.412
2006-01-04,29.0,24.002
2006-01-05,28.945,23.943
2006-01-06,28.925,23.916
2006-01-09,28.825,23.86
2006-01-10,28.8,23.87
2006-01-11,28.75,23.777
2006-01-12,28.785,23.768
2006-01-13,28.84,23.957
2006-01-16,28.795,23.774
2006-01-17,28.825,23.869
2006-01-18,28.86,23.805
2006-01-19,28.735,23.8
2006-01-20,28.58,23.676
2006-01-23,28.605,23.297
2006-01-24,28.575,23.287
2006-01-25,28.41,23.102
2006-01-26,28.395,23.177
2006-01-27,28.385,23.321
2006-01-30,28.39,23.5
2006-01-31,28.41,23.445
2006-02-01,28.385,23.471
2006-02-02,28.515,23.634
2006-02-03,28.51,23.637
2006-02-06,28.34,23.655
2006-02-07,28.43,23.745
2006-02-08,28.475,23.829
2006-02-09,28.36,23.688
2006-02-10,28.26,23.605
2006-02-13,28.42,23.905
2006-02-14,28.5,23.952
2006-02-15,28.405,23.86
2006-02-16,28.36,23.912
2006-02-17,28.365,23.907
2006-02-20,28.41,23.808
2006-02-21,28.46,23.911
2006-02-22,28.55,24.043
2006-02-23,28.405,23.756
2006-02-24,28.36,23.845
2006-02-27,28.34,23.909
2006-02-28,28.325,23.85
2006-03-01,28.265,23.637
2006-03-02,28.33,23.761
2006-03-03,28.515,23.719
2006-03-06,28.545,23.751
2006-03-07,28.77,24.152
2006-03-08,28.805,24.175
2006-03-09,28.695,24.069
2006-03-10,28.78,24.143
2006-03-13,28.84,24.191
2006-03-14,28.8,24.101
2006-03-15,28.75,23.909
2006-03-16,28.75,23.819
2006-03-17,28.54,23.422
2006-03-20,28.59,23.484
2006-03-21,28.575,23.526
2006-03-22,28.675,23.756
2006-03-23,28.685,23.796
2006-03-24,28.7,23.976
2006-03-27,28.67,23.841
2006-03-28,28.73,23.773
2006-03-29,28.72,23.907
2006-03-30,28.615,23.656
2006-03-31,28.595,23.623
2006-04-03,28.425,23.569
2006-04-04,28.515,23.339
2006-04-05,28.565,23.296
2006-04-06,28.55,23.184
2006-04-07,28.51,23.403
2006-04-10,28.615,23.646
2006-04-11,28.55,23.585
2006-04-12,28.565,23.558
2006-04-13,28.645,23.686
2006-04-14,28.645,23.66
2006-04-18,28.565,23.316
2006-04-19,28.525,23.104
2006-04-20,28.46,23.056
2006-04-21,28.44,23.089
2006-04-24,28.385,22.953
2006-04-25,28.39,22.853
2006-04-26,28.415,22.866
2006-04-27,28.455,22.921
2006-04-28,28.43,22.678
2006-05-02,28.415,22.475
2006-05-03,28.275,22.391
2006-05-04,28.335,22.496
2006-05-05,28.29,22.294
2006-05-09,28.29,22.278
2006-05-10,28.275,22.127
2006-05-11,28.23,22.201
2006-05-12,28.26,21.884
2006-05-15,28.42,22.156
2006-05-16,28.31,22.089
2006-05-17,28.195,21.886
2006-05-18,28.375,22.221
2006-05-19,28.285,22.157
2006-05-22,28.29,22.184
2006-05-23,28.225,21.981
2006-05-24,28.215,21.955
2006-05-25,28.23,22.135
2006-05-26,28.175,22.011
2006-05-29,28.205,22.108
2006-05-30,28.2,21.963
2006-05-31,28.205,21.913
2006-06-01,28.255,22.183
2006-06-02,28.235,22.03
2006-06-05,28.34,21.868
2006-06-06,28.28,22.012
2006-06-07,28.195,22.046
2006-06-08,28.24,22.179
2006-06-09,28.225,22.296
2006-06-12,28.305,22.515
2006-06-13,28.335,22.538
2006-06-14,28.36,22.572
2006-06-15,28.32,22.456
2006-06-16,28.39,22.436
2006-06-19,28.525,22.657
2006-06-20,28.48,22.705
2006-06-21,28.56,22.61
2006-06-22,28.525,22.67
2006-06-23,28.5,22.799
2006-06-26,28.525,22.708
2006-06-27,28.46,22.647
2006-06-28,28.43,22.618
2006-06-29,28.5,22.748
2006-06-30,28.495,22.413
2006-07-03,28.47,22.257
2006-07-04,28.445,22.234
2006-07-07,28.475,22.284
2006-07-10,28.45,22.313
2006-07-11,28.43,22.316
2006-07-12,28.49,22.381
2006-07-13,28.515,22.464
2006-07-14,28.495,22.5
2006-07-17,28.445,22.678
2006-07-18,28.445,22.7
2006-07-19,28.455,22.792
2006-07-20,28.35,22.422
2006-07-21,28.415,22.41
2006-07-24,28.435,22.507
2006-07-25,28.365,22.448
2006-07-26,28.375,22.544
2006-07-27,28.4,22.3
2006-07-28,28.465,22.478
2006-07-31,28.53,22.348
2006-08-01,28.48,22.322
2006-08-02,28.49,22.246
2006-08-03,28.435,22.25
2006-08-04,28.36,22.169
2006-08-07,28.275,22.0
2006-08-08,28.245,22.002
2006-08-09,28.095,21.815
2006-08-10,28.055,21.822
2006-08-11,28.0,21.918
2006-08-14,28.11,22.103
2006-08-15,28.1,22.083
2006-08-16,28.085,21.954
2006-08-17,28.025,21.759
2006-08-18,28.08,21.94
2006-08-21,28.14,21.784
2006-08-22,28.165,21.98
2006-08-23,28.105,21.939
2006-08-24,28.19,21.969
2006-08-25,28.175,22.077
2006-08-28,28.165,22.006
2006-08-29,28.205,22.026
2006-08-30,28.25,22.033
2006-08-31,28.215,21.955
2006-09-01,28.235,22.031
2006-09-04,28.2,21.942
2006-09-05,28.195,22.009
2006-09-06,28.23,22.069
2006-09-07,28.285,22.213
2006-09-08,28.295,22.256
2006-09-11,28.34,22.291
2006-09-12,28.425,22.369
2006-09-13,28.535,22.51
2006-09-14,28.465,22.376
2006-09-15,28.49,22.477
2006-09-18,28.43,22.445
2006-09-19,28.485,22.508
2006-09-20,28.435,22.433
2006-09-21,28.41,22.315
2006-09-22,28.48,22.218
2006-09-25,28.46,22.291
2006-09-26,28.455,22.416
2006-09-27,28.415,22.399
2006-09-29,28.33,22.375
2006-10-02,28.29,22.302
2006-10-03,28.225,22.156
2006-10-04,28.28,22.291
2006-10-05,28.21,22.177
2006-10-06,28.215,22.279
2006-10-09,28.195,22.372
2006-10-10,28.19,22.486
2006-10-11,28.205,22.49
2006-10-12,28.29,22.573
2006-10-13,28.255,22.512
2006-10-16,28.29,22.602
2006-10-17,28.33,22.621
2006-10-18,28.335,22.586
2006-10-19,28.36,22.579
2006-10-20,28.335,22.454
2006-10-23,28.325,22.559
2006-10-24,28.395,22.643
2006-10-25,28.38,22.557
2006-10-26,28.305,22.37
2006-10-27,28.405,22.395
2006-10-30,28.35,22.291
2006-10-31,28.22,22.227
2006-11-01,28.055,22.0
2006-11-02,28.06,21.976
2006-11-03,28.08,22.009
2006-11-06,27.93,21.99
2006-11-07,27.985,21.939
2006-11-08,28.02,21.933
2006-11-09,28.04,21.912
2006-11-10,28.195,21.914
2006-11-13,28.11,21.908
2006-11-14,28.065,21.882
2006-11-15,28.105,21.972
2006-11-16,28.065,21.92
2006-11-20,28.005,21.807
2006-11-21,27.95,21.813
2006-11-22,27.94,21.682
2006-11-23,27.945,21.573
2006-11-24,28.025,21.43
2006-11-27,28.04,21.381
2006-11-28,28.06,21.342
2006-11-29,27.99,21.267
2006-11-30,27.97,21.186
2006-12-01,27.945,21.1
2006-12-04,28.0,21.038
2006-12-05,28.015,21.015
2006-12-06,28.015,21.107
2006-12-07,27.97,21.033
2006-12-08,27.96,21.061
2006-12-11,27.9,21.174
2006-12-12,27.905,21.072
2006-12-13,27.88,21.015
2006-12-14,27.83,21.098
2006-12-15,27.76,21.179
2006-12-18,27.7,21.151
2006-12-19,27.745,21.088
2006-12-20,27.42,20.761
2006-12-21,27.525,20.885
2006-12-22,27.575,20.9
2006-12-27,27.585,20.96
2006-12-28,27.535,20.902
2006-12-29,27.495,20.876
2007-01-02,27.53,20.745
2007-01-03,27.46,20.733
2007-01-04,27.605,21.064
2007-01-05,27.635,21.12
2007-01-08,27.65,21.256
2007-01-09,27.6,21.202
2007-01-10,27.73,21.35
2007-01-11,27.775,21.392
2007-01-12,27.755,21.53
2007-01-15,27.765,21.457
2007-01-16,27.765,21.434
2007-01-17,27.87,21.587
2007-01-18,27.855,21.554
2007-01-19,27.765,21.424
2007-01-22,27.805,21.495
2007-01-23,27.905,21.402
2007-01-24,28.065,21.579
2007-01-25,28.15,21.687
2007-01-26,28.14,21.811
2007-01-29,28.215,21.836
2007-01-30,28.3,21.814
2007-01-31,28.16,21.737
2007-02-01,28.095,21.573
2007-02-02,28.2,21.657
2007-02-05,28.135,21.77
2007-02-06,28.125,21.709
2007-02-07,28.13,21.66
2007-02-08,28.21,21.718
2007-02-09,28.245,21.714
2007-02-12,28.3,21.836
2007-02-13,28.235,21.68
2007-02-14,28.265,21.605
2007-02-15,28.28,21.529
2007-02-16,28.25,21.534
2007-02-19,28.16,21.442
2007-02-20,28.105,21.382
2007-02-21,28.165,21.427
2007-02-22,28.235,21.544
2007-02-23,28.325,21.565
2007-02-26,28.4,21.582
2007-02-27,28.46,21.514
2007-02-28,28.3,21.422
2007-03-01,28.225,21.344
2007-03-02,28.16,21.392
2007-03-05,28.185,21.546
2007-03-06,28.175,21.507
2007-03-07,28.15,21.43
2007-03-08,28.14,21.394
2007-03-09,28.17,21.416
2007-03-12,28.225,21.465
2007-03-13,28.2,21.339
2007-03-14,28.15,21.352
2007-03-15,28.06,21.213
2007-03-16,27.865,20.92
2007-03-19,27.78,20.883
2007-03-20,27.81,20.914
2007-03-21,27.935,21.016
2007-03-22,27.985,20.959
2007-03-23,27.98,20.991
2007-03-26,27.935,21.058
2007-03-27,27.985,20.975
2007-03-28,28.075,21.034
2007-03-29,28.03,20.994
2007-03-30,28.0,21.023
2007-04-02,27.94,20.904
2007-04-03,28.01,20.966
2007-04-04,27.93,20.917
2007-04-05,27.945,20.898
2007-04-06,27.905,20.792
2007-04-10,27.955,20.818
2007-04-11,28.0,20.865
2007-04-12,27.965,20.765
2007-04-13,27.965,20.666
2007-04-16,27.965,20.641
2007-04-17,27.965,20.641
2007-04-18,27.995,20.623
2007-04-19,28.02,20.602
2007-04-20,28.035,20.606
2007-04-23,28.025,20.673
2007-04-24,28.065,20.664
2007-04-25,28.11,20.597
2007-04-26,28.115,20.677
2007-04-27,28.16,20.639
2007-04-30,28.125,20.673
2007-05-02,28.13,20.709
2007-05-03,28.14,20.672
2007-05-04,28.12,20.737
2007-05-07,28.165,20.686
2007-05-09,28.235,20.858
2007-05-10,28.255,20.891
2007-05-11,28.27,20.963
2007-05-14,28.29,20.88
2007-05-15,28.27,20.882
2007-05-16,28.235,20.798
2007-05-17,28.115,20.801
2007-05-18,28.2,20.921
2007-05-21,28.165,20.95
2007-05-22,28.185,20.95
2007-05-23,28.25,20.941
2007-05-24,28.25,21.007
2007-05-25,28.305,21.059
2007-05-28,28.325,21.053
2007-05-29,28.29,20.942
2007-05-30,28.34,21.12
2007-05-31,28.325,21.052
2007-06-01,28.285,21.052
2007-06-04,28.315,21.004
2007-06-05,28.4,20.99
2007-06-06,28.43,21.038
2007-06-07,28.41,21.092
2007-06-08,28.42,21.277
2007-06-11,28.445,21.299
2007-06-12,28.46,21.326
2007-06-13,28.52,21.466
2007-06-14,28.6,21.5
2007-06-15,28.585,21.467
2007-06-18,28.6,21.33
2007-06-19,28.595,21.336
2007-06-20,28.73,21.397
2007-06-21,28.605,21.35
2007-06-22,28.65,21.3
2007-06-25,28.72,21.337
2007-06-26,28.695,21.32
2007-06-27,28.64,21.312
2007-06-28,28.63,21.258
2007-06-29,28.715,21.258
2007-07-02,28.74,21.148
2007-07-03,28.775,21.153
2007-07-04,28.7,21.073
2007-07-09,28.675,21.051
2007-07-10,28.63,20.948
2007-07-11,28.475,20.703
2007-07-12,28.35,20.56
2007-07-13,28.315,20.544
2007-07-16,28.2,20.463
2007-07-17,28.275,20.533
2007-07-18,28.245,20.498
2007-07-19,28.275,20.462
2007-07-20,28.255,20.469
2007-07-23,28.19,20.397
2007-07-24,28.18,20.372
2007-07-25,28.115,20.457
2007-07-26,28.125,20.498
2007-07-27,28.025,20.534
2007-07-30,28.025,20.511
2007-07-31,28.035,20.452
2007-08-01,28.0,20.482
2007-08-02,28.01,20.499
2007-08-03,28.04,20.477
2007-08-06,28.065,20.308
2007-08-07,28.145,20.408
2007-08-08,28.18,20.429
2007-08-09,28.11,20.476
2007-08-10,28.05,20.552
2007-08-13,28.04,20.538
2007-08-14,27.975,20.583
2007-08-15,27.925,20.721
2007-08-16,27.505,20.523
2007-08-17,27.665,20.563
2007-08-20,27.7,20.552
2007-08-21,27.67,20.486
2007-08-22,27.745,20.563
2007-08-23,27.73,20.427
2007-08-24,27.695,20.342
2007-08-27,27.805,20.357
2007-08-28,27.715,20.281
2007-08-29,27.63,20.266
2007-08-30,27.6,20.284
2007-08-31,27.725,20.228
2007-09-03,27.665,20.292
2007-09-04,27.645,20.356
2007-09-05,27.635,20.335
2007-09-06,27.6,20.19
2007-09-07,27.625,20.169
2007-09-10,27.595,20.001
2007-09-11,27.625,19.981
2007-09-12,27.515,19.816
2007-09-13,27.48,19.772
2007-09-14,27.51,19.846
2007-09-17,27.5,19.818
2007-09-18,27.495,19.826
2007-09-19,27.675,19.803
2007-09-20,27.485,19.59
2007-09-21,27.52,19.589
2007-09-24,27.57,19.537
2007-09-25,27.555,19.535
2007-09-26,27.59,19.533
2007-09-27,27.605,19.472
2007-10-01,27.54,19.353
2007-10-02,27.495,19.413
2007-10-03,27.59,19.442
2007-10-04,27.53,19.512
2007-10-05,27.53,19.479
2007-10-08,27.515,19.527
2007-10-09,27.485,19.58
2007-10-10,27.48,19.425
2007-10-11,27.47,19.348
2007-10-12,27.48,19.39
2007-10-15,27.52,19.348
2007-10-16,27.525,19.453
2007-10-17,27.45,19.337
2007-10-18,27.455,19.201
2007-10-19,27.24,19.064
2007-10-22,27.21,19.213
2007-10-23,27.19,19.075
2007-10-24,27.185,19.106
2007-10-25,27.115,18.959
2007-10-26,26.96,18.743
2007-10-29,26.93,18.715
2007-10-30,26.865,18.652
2007-10-31,26.97,18.669
2007-11-01,27.025,18.738
2007-11-02,26.94,18.604
2007-11-05,26.97,18.616
2007-11-06,26.95,18.527
2007-11-07,26.93,18.289
2007-11-08,26.895,18.338
2007-11-09,26.73,18.207
2007-11-12,26.645,18.279
2007-11-13,26.69,18.269
2007-11-14,26.69,18.16
2007-11-15,26.62,18.182
2007-11-16,26.66,18.197
2007-11-19,26.695,18.214
2007-11-20,26.69,18.051
2007-11-21,26.775,18.074
2007-11-22,26.765,18.049
2007-11-23,26.755,18.072
2007-11-26,26.76,18.026
2007-11-27,26.76,17.991
2007-11-28,26.49,17.966
2007-11-29,26.38,17.897
2007-11-30,26.26,17.788
2007-12-03,26.24,17.886
2007-12-04,26.29,17.832
2007-12-05,26.23,17.828
2007-12-06,26.12,17.945
2007-12-07,26.16,17.858
2007-12-10,26.0,17.662
2007-12-11,26.04,17.747
2007-12-12,26.04,17.749
2007-12-13,26.245,17.873
2007-12-14,26.41,18.201
2007-12-17,26.37,18.324
2007-12-18,26.35,18.277
2007-12-19,26.3,18.284
2007-12-20,26.36,18.368
2007-12-21,26.445,18.391
2007-12-27,26.605,18.327
2007-12-28,26.58,18.096
2007-12-31,26.62,18.078
2008-01-02,26.36,17.95
2008-01-03,26.17,17.75
2008-01-04,26.13,17.741
2008-01-07,26.14,17.754
2008-01-08,26.125,17.761
2008-01-09,25.99,17.706
2008-01-10,25.855,17.633
2008-01-11,25.91,17.517
2008-01-14,25.87,17.368
2008-01-15,25.895,17.395
2008-01-16,26.05,17.61
2008-01-17,26.13,17.785
2008-01-18,26.125,17.802
2008-01-21,26.32,18.175
2008-01-22,26.205,18.074
2008-01-23,26.07,17.889
2008-01-24,25.98,17.717
2008-01-25,25.91,17.617
2008-01-28,25.89,17.548
2008-01-29,25.905,17.537
2008-01-30,26.02,17.576
2008-01-31,26.07,17.533
2008-02-01,25.865,17.37
2008-02-04,25.75,17.364
2008-02-05,25.67,17.478
2008-02-06,25.625,17.522
2008-02-07,25.625,17.589
2008-02-08,25.66,17.683
2008-02-11,25.65,17.64
2008-02-12,25.61,17.61
2008-02-13,25.48,17.472
2008-02-14,25.34,17.328
2008-02-15,25.225,17.193
2008-02-18,25.235,17.245
2008-02-19,25.315,17.171
2008-02-20,25.305,17.265
2008-02-21,25.09,17.026
2008-02-22,25.04,16.864
2008-02-25,24.99,16.867
2008-02-26,25.02,16.818
2008-02-27,25.045,16.648
2008-02-28,25.145,16.629
2008-02-29,25.22,16.628
2008-03-03,25.07,16.492
2008-03-04,24.915,16.383
2008-03-05,25.05,16.484
2008-03-06,25.13,16.408
2008-03-07,25.16,16.319
2008-03-10,25.04,16.325
2008-03-11,25.13,16.337
2008-03-12,25.065,16.196
2008-03-13,25.12,16.129
2008-03-14,25.035,16.088
2008-03-17,25.02,15.88
2008-03-18,25.255,16.01
2008-03-19,25.46,16.229
2008-03-20,25.495,16.525
2008-03-21,25.445,16.459
2008-03-25,25.455,16.343
2008-03-26,25.6,16.29
2008-03-27,25.38,16.078
2008-03-28,25.25,15.984
2008-03-31,25.335,16.024
2008-04-01,25.185,16.084
2008-04-02,25.07,16.032
2008-04-03,24.955,16.077
2008-04-04,25.045,15.93
2008-04-07,25.02,15.938
2008-04-08,24.985,15.919
2008-04-09,25.105,15.963
2008-04-10,25.145,15.839
2008-04-11,25.015,15.8
2008-04-14,24.94,15.714
2008-04-15,24.82,15.679
2008-04-16,24.85,15.604
2008-04-17,24.98,15.738
2008-04-18,25.12,15.921
2008-04-21,25.09,15.782
2008-04-22,25.06,15.73
2008-04-23,25.07,15.727
2008-04-24,25.13,15.935
2008-04-25,25.255,16.196
2008-04-28,25.165,16.104
2008-04-29,25.25,16.218
2008-04-30,25.21,16.221
2008-05-02,25.26,16.34
2008-05-05,25.23,16.32
2008-05-06,25.175,16.214
2008-05-07,25.14,16.295
2008-05-09,25.145,16.267
2008-05-12,24.95,16.166
2008-05-13,24.935,16.116
2008-05-14,25.025,16.209
2008-05-15,25.04,16.179
2008-05-16,24.975,16.113
2008-05-19,25.06,16.083
2008-05-20,25.07,16.029
2008-05-21,25.09,15.928
2008-05-22,25.145,15.957
2008-05-23,25.1,15.942
2008-05-26,25.085,15.916
2008-05-27,25.15,15.96
2008-05-28,25.23,16.117
2008-05-29,25.06,16.112
2008-05-30,25.09,16.179
2008-06-02,25.02,16.121
2008-06-03,24.84,15.93
2008-06-04,24.67,15.95
2008-06-05,24.57,15.952
2008-06-06,24.585,15.762
2008-06-09,24.655,15.622
2008-06-10,24.43,15.73
2008-06-11,24.385,15.716
2008-06-12,24.32,15.775
2008-06-13,24.195,15.775
2008-06-16,24.21,15.658
2008-06-17,24.195,15.628
2008-06-18,24.0,15.489
2008-06-19,24.11,15.574
2008-06-20,24.165,15.479
2008-06-23,24.125,15.544
2008-06-24,24.075,15.464
2008-06-25,24.07,15.43
2008-06-26,24.085,15.311
2008-06-27,24.0,15.241
2008-06-30,23.895,15.157
2008-07-01,23.825,15.102
2008-07-02,23.865,15.077
2008-07-03,23.815,14.992
2008-07-04,23.695,15.118
2008-07-07,23.55,15.047
2008-07-08,23.605,15.044
2008-07-09,23.49,14.95
2008-07-10,23.465,14.938
2008-07-11,23.515,14.85
2008-07-14,23.305,14.705
2008-07-15,23.375,14.617
2008-07-16,23.22,14.614
2008-07-17,23.14,14.598
2008-07-18,23.065,14.587
2008-07-21,22.97,14.483
2008-07-22,23.015,14.454
2008-07-23,23.76,15.094
2008-07-24,23.585,15.044
2008-07-25,23.595,14.997
2008-07-28,23.695,15.048
2008-07-29,23.72,15.103
2008-07-30,23.94,15.36
2008-07-31,23.95,15.343
2008-08-01,24.0,15.409
2008-08-04,23.99,15.41
2008-08-05,23.925,15.448
2008-08-06,23.98,15.492
2008-08-07,24.11,15.583
2008-08-08,24.21,16.058
2008-08-11,24.095,16.049
2008-08-12,23.955,16.066
2008-08-13,23.94,16.065
2008-08-14,24.345,16.327
2008-08-15,24.485,16.621
2008-08-18,24.52,16.673
2008-08-19,24.395,16.62
2008-08-20,24.41,16.566
2008-08-21,24.38,16.455
2008-08-22,24.37,16.456
2008-08-25,24.4,16.527
2008-08-26,24.525,16.797
2008-08-27,24.535,16.613
2008-08-28,24.7,16.72
2008-08-29,24.735,16.784
2008-09-01,24.8,16.96
2008-09-02,24.85,17.12
2008-09-03,24.8,17.172
2008-09-04,24.785,17.106
2008-09-05,24.815,17.421
2008-09-08,24.94,17.543
2008-09-09,24.77,17.509
2008-09-10,24.85,17.63
2008-09-11,24.63,17.671
2008-09-12,24.43,17.363
2008-09-15,24.3,17.167
2008-09-16,24.07,16.873
2008-09-17,23.99,16.866
2008-09-18,23.965,16.526
2008-09-19,24.25,17.035
2008-09-22,24.075,16.523
2008-09-23,24.14,16.383
2008-09-24,24.35,16.576
2008-09-25,24.43,16.623
2008-09-26,24.425,16.684
2008-09-29,24.605,17.145
2008-09-30,24.665,17.245
2008-10-01,24.51,17.41
2008-10-02,24.75,17.802
2008-10-03,24.79,17.921
2008-10-06,24.675,18.095
2008-10-07,24.475,17.954
2008-10-08,24.55,17.874
2008-10-09,24.68,18.036
2008-10-10,24.935,18.362
2008-10-13,24.655,18.079
2008-10-14,24.61,17.898
2008-10-15,24.76,18.166
2008-10-16,24.82,18.374
2008-10-17,25.23,18.819
2008-10-20,25.0,18.623
2008-10-21,25.315,19.198
2008-10-22,25.485,19.84
2008-10-23,25.8,20.139
2008-10-24,25.0,19.852
2008-10-27,24.68,19.802
2008-10-29,23.875,18.698
2008-10-30,24.48,18.781
2008-10-31,24.23,18.991
2008-11-03,24.29,18.938
2008-11-04,24.16,18.846
2008-11-05,24.31,18.879
2008-11-06,24.89,19.49
2008-11-07,25.11,19.677
2008-11-10,25.27,19.595
2008-11-11,25.34,19.882
2008-11-12,25.415,20.282
2008-11-13,25.28,20.181
2008-11-14,25.365,20.002
2008-11-18,25.695,20.307
2008-11-19,25.72,20.359
2008-11-20,25.635,20.438
2008-11-21,25.7,20.384
2008-11-24,25.38,19.87
2008-11-25,25.45,19.843
2008-11-26,25.08,19.388
2008-11-27,25.17,19.509
2008-11-28,25.21,19.809
2008-12-01,25.61,20.306
2008-12-02,25.685,20.223
2008-12-03,25.65,20.318
2008-12-04,25.72,20.376
2008-12-05,25.765,20.338
2008-12-08,25.71,20.0
2008-12-09,25.75,20.062
2008-12-10,25.9,20.035
2008-12-11,25.97,19.65
2008-12-12,26.0,19.485
2008-12-15,26.155,19.358
2008-12-16,26.375,19.262
2008-12-17,26.25,18.663
2008-12-18,26.56,18.152
2008-12-19,26.3,18.862
2008-12-22,26.37,18.871
2008-12-23,26.315,18.817
2008-12-29,26.465,18.55
2008-12-30,26.63,18.886
2008-12-31,26.93,19.346
2009-01-02,26.83,19.347
2009-01-05,26.76,19.695
2009-01-06,26.405,19.809
2009-01-07,26.12,19.185
2009-01-08,26.19,19.222
2009-01-09,26.48,19.351
2009-01-12,26.58,19.846
2009-01-13,26.76,20.174
2009-01-14,26.93,20.44
2009-01-15,27.3,20.86
2009-01-16,27.16,20.467
2009-01-19,27.7,21.004
2009-01-20,27.905,21.578
2009-01-21,27.585,21.362
2009-01-22,27.69,21.321
2009-01-23,28.105,21.959
2009-01-26,27.7,21.318
2009-01-27,27.645,20.977
2009-01-28,27.36,20.629
2009-01-29,27.47,20.947
2009-01-30,27.87,21.744
2009-02-02,28.13,22.056
2009-02-03,28.41,22.107
2009-02-04,28.37,22.125
2009-02-05,28.25,22.014
2009-02-06,28.03,21.901
2009-02-09,27.765,21.34
2009-02-10,28.01,21.598
2009-02-11,28.59,22.091
2009-02-12,28.62,22.304
2009-02-13,28.58,22.285
2009-02-16,29.135,22.819
2009-02-17,29.47,23.333
2009-02-18,28.85,22.9
2009-02-19,28.595,22.505
2009-02-20,28.81,22.882
2009-02-23,28.45,22.231
2009-02-24,28.34,22.202
2009-02-25,28.35,22.154
2009-02-26,28.29,22.122
2009-02-27,28.125,22.245
2009-03-02,28.3,22.47
2009-03-03,27.955,22.165
2009-03-04,27.71,22.076
2009-03-05,27.745,22.093
2009-03-06,28.05,22.155
2009-03-09,27.64,21.994
2009-03-10,27.215,21.27
2009-03-11,26.96,21.084
2009-03-12,27.02,21.126
2009-03-13,26.59,20.603
2009-03-16,26.525,20.337
2009-03-17,26.5,20.47
2009-03-18,26.99,20.558
2009-03-19,26.785,19.591
2009-03-20,26.625,19.639
2009-03-23,26.825,19.777
2009-03-24,27.02,19.997
2009-03-25,27.295,20.238
2009-03-26,27.23,20.012
2009-03-27,27.21,20.462
2009-03-30,27.47,20.818
2009-03-31,27.38,20.565
2009-04-01,27.15,20.489
2009-04-02,26.89,20.073
2009-04-03,26.6,19.812
2009-04-06,26.56,19.679
2009-04-07,26.575,20.046
2009-04-08,26.585,20.094
2009-04-09,26.51,19.971
2009-04-10,26.435,20.119
2009-04-14,26.58,20.013
2009-04-15,26.88,20.401
2009-04-16,26.92,20.402
2009-04-17,26.8,20.522
2009-04-20,27.01,20.827
2009-04-21,27.03,20.905
2009-04-22,27.075,20.911
2009-04-23,26.84,20.562
2009-04-24,26.725,20.191
2009-04-27,26.64,20.294
2009-04-28,26.73,20.579
2009-04-29,26.715,20.132
2009-04-30,26.71,20.121
2009-05-04,26.64,20.145
2009-05-05,26.48,19.761
2009-05-06,26.8,20.067
2009-05-07,26.465,19.794
2009-05-11,26.76,19.713
2009-05-12,26.755,19.549
2009-05-13,26.78,19.656
2009-05-14,26.94,19.865
2009-05-15,27.025,19.987
2009-05-18,26.9,19.931
2009-05-19,26.685,19.595
2009-05-20,26.625,19.449
2009-05-21,26.73,19.413
2009-05-22,26.71,19.109
2009-05-25,26.7,19.061
2009-05-26,26.705,19.203
2009-05-27,26.73,19.222
2009-05-28,26.76,19.309
2009-05-29,26.83,19.026
2009-06-01,26.78,18.831
2009-06-02,26.825,18.84
2009-06-03,26.82,18.879
2009-06-04,26.93,19.108
2009-06-05,27.02,19.056
2009-06-08,27.0,19.472
2009-06-09,26.78,19.183
2009-06-10,26.74,18.958
2009-06-11,26.745,19.145
2009-06-12,26.65,19.024
2009-06-15,26.845,19.376
2009-06-16,26.78,19.275
2009-06-17,26.69,19.283
2009-06-18,26.64,19.131
2009-06-19,26.365,18.923
2009-06-22,26.015,18.773
2009-06-23,26.22,18.755
2009-06-24,26.165,18.653
2009-06-25,26.08,18.707
2009-06-26,26.0,18.442
2009-06-29,26.02,18.506
2009-06-30,25.89,18.318
2009-07-01,25.775,18.295
2009-07-02,25.78,18.346
2009-07-03,25.85,18.45
2009-07-07,25.885,18.459
2009-07-08,26.045,18.73
2009-07-09,25.935,18.539
2009-07-10,26.02,18.716
2009-07-13,26.03,18.622
2009-07-14,26.015,18.583
2009-07-15,25.89,18.375
2009-07-16,25.865,18.3
2009-07-17,25.935,18.407
2009-07-20,25.84,18.172
2009-07-21,25.815,18.151
2009-07-22,25.82,18.193
2009-07-23,25.625,18.008
2009-07-24,25.475,17.904
2009-07-27,25.515,17.876
2009-07-28,25.5,17.919
2009-07-29,25.54,18.106
2009-07-30,25.585,18.203
2009-07-31,25.575,18.084
2009-08-03,25.69,17.958
2009-08-04,25.875,17.981
2009-08-05,25.945,18.005
2009-08-06,25.945,18.054
2009-08-07,25.91,18.044
2009-08-10,25.69,18.089
2009-08-11,25.78,18.197
2009-08-12,25.775,18.185
2009-08-13,25.74,18.006
2009-08-14,25.735,18.003
2009-08-17,25.785,18.324
2009-08-18,25.56,18.123
2009-08-19,25.71,18.215
2009-08-20,25.585,17.963
2009-08-21,25.48,17.782
2009-08-24,25.445,17.763
2009-08-25,25.355,17.698
2009-08-26,25.405,17.801
2009-08-27,25.41,17.804
2009-08-28,25.42,17.698
2009-08-31,25.38,17.782
2009-09-01,25.57,17.864
2009-09-02,25.68,18.058
2009-09-03,25.615,17.867
2009-09-04,25.55,17.911
2009-09-07,25.49,17.785
2009-09-08,25.47,17.597
2009-09-09,25.525,17.576
2009-09-10,25.5,17.529
2009-09-11,25.485,17.465
2009-09-14,25.455,17.483
2009-09-15,25.33,17.334
2009-09-16,25.24,17.204
2009-09-17,25.095,17.052
2009-09-18,25.085,17.057
2009-09-21,25.165,17.168
2009-09-22,25.155,17.016
2009-09-23,25.24,17.073
2009-09-24,25.155,17.028
2009-09-25,25.18,17.164
2009-09-29,25.18,17.308
2009-09-30,25.165,17.178
2009-10-01,25.41,17.473
2009-10-02,25.45,17.506
2009-10-05,25.455,17.416
2009-10-06,25.54,17.348
2009-10-07,25.685,17.483
2009-10-08,25.765,17.451
2009-10-09,25.86,17.53
2009-10-12,25.82,17.487
2009-10-13,25.925,17.443
2009-10-14,25.875,17.384
2009-10-15,25.875,17.407
2009-10-16,25.775,17.33
2009-10-19,25.785,17.282
2009-10-20,25.72,17.175
2009-10-21,25.88,17.339
2009-10-22,25.92,17.279
2009-10-23,25.9,17.241
2009-10-26,25.895,17.244
2009-10-27,26.08,17.532
2009-10-29,26.48,17.908
2009-10-30,26.465,17.883
2009-11-02,26.46,17.912
2009-11-03,26.295,17.938
2009-11-04,26.085,17.673
2009-11-05,25.87,17.403
2009-11-06,25.68,17.277
2009-11-09,25.58,17.07
2009-11-10,25.525,17.054
2009-11-11,25.39,16.886
2009-11-12,25.51,17.093
2009-11-13,25.53,17.169
2009-11-16,25.5,17.037
2009-11-18,25.445,17.01
2009-11-19,25.59,17.217
2009-11-20,25.885,17.475
2009-11-23,25.84,17.262
2009-11-24,25.89,17.294
2009-11-25,25.97,17.215
2009-11-26,26.185,17.374
2009-11-27,26.185,17.554
2009-11-30,26.13,17.39
2009-12-01,25.955,17.219
2009-12-02,25.985,17.218
2009-12-03,25.82,17.077
2009-12-04,25.84,17.144
2009-12-07,25.715,17.386
2009-12-08,25.75,17.427
2009-12-09,25.75,17.435
2009-12-10,25.72,17.464
2009-12-11,25.73,17.436
2009-12-14,25.74,17.575
2009-12-15,26.1,17.951
2009-12-16,26.345,18.093
2009-12-17,26.13,18.215
2009-12-18,26.295,18.338
2009-12-21,26.36,18.345
2009-12-22,26.265,18.392
2009-12-23,26.4,18.489
2009-12-28,26.42,18.344
2009-12-29,26.41,18.295
2009-12-30,26.4,18.411
2009-12-31,26.465,18.368
2010-01-04,26.3,18.275
2010-01-05,26.23,18.164
2010-01-06,26.345,18.352
2010-01-07,26.37,18.436
2010-01-08,26.315,18.436
2010-01-11,26.195,18.034
2010-01-12,26.265,18.131
2010-01-13,26.165,17.965
2010-01-14,26.045,17.978
2010-01-15,25.935,18.041
2010-01-18,25.895,18.016
2010-01-19,25.905,18.141
2010-01-20,25.89,18.316
2010-01-21,25.98,18.472
2010-01-22,26.185,18.525
2010-01-25,26.01,18.377
2010-01-26,26.1,18.531
2010-01-27,26.115,18.555
2010-01-28,26.235,18.739
2010-01-29,26.23,18.782
2010-02-01,26.065,18.734
2010-02-02,26.0,18.654
2010-02-03,26.025,18.613
2010-02-04,26.12,18.862
2010-02-05,26.18,19.121
2010-02-08,26.16,19.13
2010-02-09,26.095,18.964
2010-02-10,26.105,18.988
2010-02-11,26.01,18.959
2010-02-12,26.02,19.167
2010-02-15,26.0,19.106
2010-02-16,26.02,19.065
2010-02-17,25.925,18.89
2010-02-18,25.715,18.953
2010-02-19,25.76,19.051
2010-02-22,25.755,18.899
2010-02-23,25.795,19.0
2010-02-24,25.875,19.099
2010-02-25,25.935,19.232
2010-02-26,25.965,19.131
2010-03-01,25.93,19.168
2010-03-02,25.77,19.017
2010-03-03,25.755,18.881
2010-03-04,25.82,18.889
2010-03-05,25.775,18.975
2010-03-08,25.575,18.715
2010-03-09,25.67,18.935
2010-03-10,25.62,18.824
2010-03-11,25.56,18.71
2010-03-12,25.515,18.535
2010-03-15,25.485,18.595
2010-03-16,25.5,18.581
2010-03-17,25.4,18.463
2010-03-18,25.285,18.504
2010-03-19,25.365,18.715
2010-03-22,25.465,18.899
2010-03-23,25.45,18.827
2010-03-24,25.375,19.02
2010-03-25,25.36,18.988
2010-03-26,25.42,19.038
2010-03-29,25.45,18.89
2010-03-30,25.44,18.869
2010-03-31,25.445,18.868
2010-04-01,25.385,18.843
2010-04-02,25.365,18.708
2010-04-06,25.295,18.881
2010-04-07,25.24,18.92
2010-04-08,25.19,18.944
2010-04-09,25.23,18.846
2010-04-12,25.15,18.512
2010-04-13,25.16,18.522
2010-04-14,25.045,18.392
2010-04-15,25.085,18.518
2010-04-16,25.18,18.604
2010-04-19,25.255,18.811
2010-04-20,25.305,18.765
2010-04-21,25.285,18.905
2010-04-22,25.365,19.013
2010-04-23,25.4,19.079
2010-04-26,25.43,19.087
2010-04-27,25.51,19.195
2010-04-28,25.57,19.306
2010-04-29,25.55,19.274
2010-04-30,25.575,19.208
2010-05-03,25.55,19.299
2010-05-04,25.71,19.64
2010-05-05,25.88,20.019
2010-05-06,26.02,20.443
2010-05-07,25.965,20.374
2010-05-10,25.605,19.743
2010-05-11,25.59,20.151
2010-05-12,25.39,20.012
2010-05-13,25.42,20.199
2010-05-14,25.465,20.382
2010-05-17,25.56,20.706
2010-05-18,25.465,20.492
2010-05-19,25.73,20.973
2010-05-20,25.92,21.014
2010-05-21,25.925,20.735
2010-05-24,25.66,20.753
2010-05-25,25.645,20.985
2010-05-26,25.555,20.762
2010-05-27,25.635,20.918
2010-05-28,25.78,20.818
2010-05-31,25.51,20.726
2010-06-01,25.635,21.084
2010-06-02,25.795,21.111
2010-06-03,25.755,21.0
2010-06-04,26.02,21.592
2010-06-07,25.89,21.645
2010-06-08,25.925,21.702
2010-06-09,25.9,21.561
2010-06-10,25.965,21.559
2010-06-11,25.7,21.192
2010-06-14,25.68,20.963
2010-06-15,25.67,20.944
2010-06-16,25.745,20.969
2010-06-17,25.71,20.795
2010-06-18,25.735,20.798
2010-06-21,25.765,20.792
2010-06-22,25.79,21.037
2010-06-23,25.725,20.961
2010-06-24,25.775,21.016
2010-06-25,25.795,20.982
2010-06-28,25.745,20.862
2010-06-29,25.75,21.113
2010-06-30,25.695,20.947
2010-07-01,25.76,20.894
2010-07-02,25.75,20.518
2010-07-07,25.55,20.329
2010-07-08,25.445,20.098
2010-07-09,25.36,20.066
2010-07-12,25.325,20.138
2010-07-13,25.345,20.161
2010-07-14,25.46,20.042
2010-07-15,25.47,19.853
2010-07-16,25.43,19.562
2010-07-19,25.43,19.629
2010-07-20,25.35,19.738
2010-07-21,25.345,19.775
2010-07-22,25.175,19.583
2010-07-23,25.175,19.517
2010-07-26,25.12,19.428
2010-07-27,25.09,19.244
2010-07-28,24.985,19.233
2010-07-29,24.75,18.936
2010-07-30,24.79,19.029
2010-08-02,24.69,18.886
2010-08-03,24.705,18.685
2010-08-04,24.735,18.721
2010-08-05,24.755,18.774
2010-08-06,24.755,18.786
2010-08-09,24.78,18.693
2010-08-10,24.775,18.861
2010-08-11,24.815,19.063
2010-08-12,24.89,19.457
2010-08-13,24.885,19.441
2010-08-16,24.855,19.39
2010-08-17,24.81,19.289
2010-08-18,24.815,19.266
2010-08-19,24.8,19.319
2010-08-20,24.8,19.508
2010-08-23,24.805,19.525
2010-08-24,24.89,19.738
2010-08-25,24.92,19.753
2010-08-26,24.855,19.583
2010-08-27,24.765,19.479
2010-08-30,24.81,19.535
2010-08-31,24.85,19.595
2010-09-01,24.735,19.32
2010-09-02,24.71,19.275
2010-09-03,24.695,19.24
2010-09-06,24.7,19.187
2010-09-07,24.725,19.4
2010-09-08,24.71,19.46
2010-09-09,24.68,19.409
2010-09-10,24.68,19.393
2010-09-13,24.67,19.262
2010-09-14,24.55,19.106
2010-09-15,24.615,18.951
2010-09-16,24.615,18.818
2010-09-17,24.68,18.896
2010-09-20,24.67,18.867
2010-09-21,24.66,18.795
2010-09-22,24.575,18.388
2010-09-23,24.62,18.479
2010-09-24,24.635,18.367
2010-09-27,24.575,18.235
2010-09-29,24.57,18.051
2010-09-30,24.61,18.025
2010-10-01,24.43,17.8
2010-10-04,24.47,17.852
2010-10-05,24.495,17.778
2010-10-06,24.535,17.689
2010-10-07,24.505,17.539
2010-10-08,24.49,17.65
2010-10-11,24.535,17.606
2010-10-12,24.525,17.727
2010-10-13,24.47,17.527
2010-10-14,24.435,17.328
2010-10-15,24.51,17.361
2010-10-18,24.535,17.641
2010-10-19,24.52,17.697
2010-10-20,24.5,17.674
2010-10-21,24.54,17.508
2010-10-22,24.625,17.673
2010-10-25,24.51,17.468
2010-10-26,24.62,17.698
2010-10-27,24.66,17.862
2010-10-29,24.605,17.754
2010-11-01,24.53,17.613
2010-11-02,24.5,17.477
2010-11-03,24.5,17.483
2010-11-04,24.405,17.122
2010-11-05,24.585,17.462
2010-11-08,24.58,17.66
2010-11-09,24.585,17.631
2010-11-10,24.615,17.871
2010-11-11,24.635,17.979
2010-11-12,24.63,17.965
2010-11-15,24.625,18.071
2010-11-16,24.61,18.079
2010-11-18,24.65,18.063
2010-11-19,24.715,18.069
2010-11-22,24.695,18.096
2010-11-23,24.69,18.294
2010-11-24,24.69,18.51
2010-11-25,24.725,18.558
2010-11-26,24.735,18.698
2010-11-29,24.76,18.835
2010-11-30,24.915,19.165
2010-12-01,24.955,19.036
2010-12-02,25.01,19.009
2010-12-03,25.02,18.884
2010-12-06,25.04,18.857
2010-12-07,25.065,18.759
2010-12-08,25.09,19.008
2010-12-09,25.075,18.977
2010-12-10,25.17,19.0
2010-12-13,25.165,18.967
2010-12-14,25.16,18.725
2010-12-15,25.16,18.829
2010-12-16,25.155,19.003
2010-12-17,25.22,19.022
2010-12-20,25.265,19.219
2010-12-21,25.255,19.198
2010-12-22,25.275,19.272
2010-12-23,25.305,19.369
2010-12-27,25.34,19.289
2010-12-28,25.36,19.21
2010-12-29,25.255,19.228
2010-12-30,25.225,18.994
2010-12-31,25.06,18.751
2011-01-03,25.085,18.792
2011-01-04,24.885,18.543
2011-01-05,24.87,18.822
2011-01-06,24.71,18.874
2011-01-07,24.565,18.952
2011-01-10,24.65,19.102
2011-01-11,24.545,18.957
2011-01-12,24.385,18.796
2011-01-13,24.37,18.464
2011-01-14,24.385,18.258
2011-01-17,24.34,18.284
2011-01-18,24.295,18.168
2011-01-19,24.26,17.967
2011-01-20,24.41,18.117
2011-01-21,24.29,17.966
2011-01-24,24.22,17.844
2011-01-25,24.23,17.811
2011-01-26,24.22,17.697
2011-01-27,24.24,17.671
2011-01-28,24.245,17.682
2011-01-31,24.23,17.696
2011-02-01,24.105,17.528
2011-02-02,24.125,17.481
2011-02-03,24.095,17.528
2011-02-04,24.01,17.615
2011-02-07,24.07,17.754
2011-02-08,24.02,17.616
2011-02-09,24.21,17.74
2011-02-10,24.245,17.821
2011-02-11,24.255,17.932
2011-02-14,24.235,18.034
2011-02-15,24.29,17.979
2011-02-16,24.325,18.005
2011-02-17,24.325,17.941
2011-02-18,24.375,17.877
2011-02-21,24.455,17.893
2011-02-22,24.495,17.92
2011-02-23,24.515,17.856
2011-02-24,24.53,17.81
2011-02-25,24.49,17.793
2011-02-28,24.35,17.598
2011-03-01,24.35,17.61
2011-03-02,24.29,17.588
2011-03-03,24.21,17.478
2011-03-04,24.31,17.417
2011-03-07,24.225,17.267
2011-03-08,24.23,17.434
2011-03-09,24.28,17.43
2011-03-10,24.365,17.633
2011-03-11,24.335,17.668
2011-03-14,24.335,17.451
2011-03-15,24.395,17.57
2011-03-16,24.375,17.471
2011-03-17,24.4,17.424
2011-03-18,24.385,17.257
2011-03-21,24.47,17.236
2011-03-22,24.445,17.2
2011-03-23,24.42,17.274
2011-03-24,24.55,17.377
2011-03-25,24.525,17.373
2011-03-28,24.545,17.492
2011-03-29,24.515,17.43
2011-03-30,24.525,17.406
2011-03-31,24.54,17.274
2011-04-01,24.51,17.338
2011-04-04,24.465,17.179
2011-04-05,24.44,17.25
2011-04-06,24.42,17.077
2011-04-07,24.435,17.107
2011-04-08,24.425,16.959
2011-04-11,24.435,16.929
2011-04-12,24.445,16.893
2011-04-13,24.4,16.834
2011-04-14,24.26,16.844
2011-04-15,24.21,16.754
2011-04-18,24.19,16.944
2011-04-19,24.125,16.869
2011-04-20,24.175,16.655
2011-04-21,24.185,16.579
2011-04-22,24.13,16.582
2011-04-26,24.105,16.491
2011-04-27,24.135,16.457
2011-04-28,24.125,16.305
2011-04-29,24.21,16.292
2011-05-02,24.18,16.296
2011-05-03,24.175,16.355
2011-05-04,24.21,16.265
2011-05-05,24.19,16.325
2011-05-06,24.095,16.616
2011-05-09,24.18,16.795
2011-05-10,24.23,16.875
2011-05-11,24.26,16.897
2011-05-12,24.275,17.152
2011-05-13,24.39,17.079
2011-05-16,24.375,17.235
2011-05-17,24.46,17.26
2011-05-18,24.5,17.22
2011-05-19,24.465,17.15
2011-05-20,24.48,17.194
2011-05-23,24.535,17.5
2011-05-24,24.575,17.441
2011-05-25,24.575,17.467
2011-05-26,24.635,17.388
2011-05-27,24.585,17.238
2011-05-30,24.51,17.172
2011-05-31,24.54,17.056
2011-06-01,24.5,17.003
2011-06-02,24.53,16.965
2011-06-03,24.445,16.872
2011-06-06,24.34,16.676
2011-06-07,24.215,16.529
2011-06-08,24.21,16.574
2011-06-09,24.135,16.514
2011-06-10,24.135,16.663
2011-06-13,24.135,16.811
2011-06-14,24.115,16.691
2011-06-15,24.215,16.943
2011-06-16,24.285,17.239
2011-06-17,24.13,16.908
2011-06-20,24.125,16.947
2011-06-21,24.21,16.846
2011-06-22,24.29,16.87
2011-06-23,24.35,17.133
2011-06-24,24.375,17.143
2011-06-27,24.44,17.201
2011-06-28,24.4,17.106
2011-06-29,24.345,16.875
2011-06-30,24.345,16.845
2011-07-01,24.315,16.779
2011-07-04,24.27,16.737
2011-07-07,24.28,17.033
2011-07-08,24.225,17.004
2011-07-11,24.175,17.203
2011-07-12,24.25,17.346
2011-07-13,24.395,17.336
2011-07-14,24.44,17.209
2011-07-15,24.49,17.31
2011-07-18,24.39,17.364
2011-07-19,24.49,17.293
2011-07-20,24.495,17.24
2011-07-21,24.405,17.145
2011-07-22,24.41,16.964
2011-07-25,24.39,16.96
2011-07-26,24.36,16.831
2011-07-27,24.29,16.813
2011-07-28,24.215,16.98
2011-07-29,24.19,16.963
2011-08-01,24.16,16.762
2011-08-02,24.23,17.099
2011-08-03,24.29,16.974
2011-08-04,24.31,17.083
2011-08-05,24.255,17.134
2011-08-08,24.195,17.009
2011-08-09,24.22,16.976
2011-08-10,24.085,16.762
2011-08-11,24.18,17.096
2011-08-12,24.185,16.969
2011-08-15,24.32,16.993
2011-08-16,24.385,16.981
2011-08-17,24.43,16.874
2011-08-18,24.42,16.996
2011-08-19,24.475,17.014
2011-08-22,24.49,16.99
2011-08-23,24.42,16.88
2011-08-24,24.495,16.968
2011-08-25,24.235,16.801
2011-08-26,24.165,16.778
2011-08-29,24.12,16.647
2011-08-30,24.095,16.712
2011-08-31,24.11,16.687
2011-09-01,24.15,16.908
2011-09-02,24.31,17.053
2011-09-05,24.46,17.315
2011-09-06,24.45,17.345
2011-09-07,24.45,17.416
2011-09-08,24.415,17.385
2011-09-09,24.43,17.679
2011-09-12,24.52,17.963
2011-09-13,24.545,17.99
2011-09-14,24.545,17.878
2011-09-15,24.525,17.773
2011-09-16,24.465,17.782
2011-09-19,24.635,18.059
2011-09-20,24.655,17.985
2011-09-21,24.93,18.282
2011-09-22,24.875,18.494
2011-09-23,24.87,18.513
2011-09-26,24.675,18.29
2011-09-27,24.48,18.029
2011-09-29,24.56,18.036
2011-09-30,24.755,18.331
2011-10-03,24.875,18.665
2011-10-04,24.91,18.889
2011-10-05,24.815,18.597
2011-10-06,24.845,18.728
2011-10-07,24.78,18.44
2011-10-10,24.775,18.227
2011-10-11,24.785,18.213
2011-10-12,24.795,18.009
2011-10-13,24.745,18.028
2011-10-14,24.74,17.917
2011-10-17,24.765,17.976
2011-10-18,24.91,18.214
2011-10-19,24.87,17.985
2011-10-20,24.9,18.035
2011-10-21,24.995,18.113
2011-10-24,24.985,18.031
2011-10-25,24.905,17.895
2011-10-26,24.93,17.902
2011-10-27,24.83,17.69
2011-10-31,24.8,17.715
2011-11-01,25.035,18.374
2011-11-02,25.15,18.214
2011-11-03,24.915,18.092
2011-11-04,24.995,18.146
2011-11-07,24.995,18.186
2011-11-08,25.175,18.257
2011-11-09,25.44,18.66
2011-11-10,25.5,18.729
2011-11-11,25.705,18.829
2011-11-14,25.74,18.845
2011-11-15,25.77,19.048
2011-11-16,25.59,18.976
2011-11-18,25.475,18.765
2011-11-21,25.58,19.012
2011-11-22,25.485,18.827
2011-11-23,25.64,19.152
2011-11-24,25.695,19.218
2011-11-25,26.025,19.671
2011-11-28,25.75,19.288
2011-11-29,25.54,19.153
2011-11-30,25.32,18.838
2011-12-01,25.28,18.736
2011-12-02,25.2,18.647
2011-12-05,25.14,18.701
2011-12-06,25.235,18.837
2011-12-07,25.35,18.953
2011-12-08,25.23,18.815
2011-12-09,25.48,19.037
2011-12-12,25.58,19.299
2011-12-13,25.61,19.424
2011-12-14,25.645,19.733
2011-12-15,25.535,19.619
2011-12-16,25.34,19.391
2011-12-19,25.295,19.399
2011-12-20,25.495,19.498
2011-12-21,25.62,19.63
2011-12-22,25.63,19.644
2011-12-23,25.82,19.772
2011-12-27,25.785,19.727
2011-12-28,25.83,19.758
2011-12-29,25.905,20.1
2011-12-30,25.8,19.94
2012-01-02,25.51,19.718
2012-01-03,25.68,19.728
2012-01-04,25.765,19.893
2012-01-05,25.91,20.191
2012-01-06,25.85,20.232
2012-01-09,25.815,20.284
2012-01-10,25.785,20.131
2012-01-11,25.835,20.315
2012-01-12,25.58,20.084
2012-01-13,25.44,19.919
2012-01-16,25.595,20.2
2012-01-17,25.65,20.053
2012-01-18,25.555,19.916
2012-01-19,25.31,19.603
2012-01-20,25.465,19.736
2012-01-23,25.35,19.474
2012-01-24,25.42,19.546
2012-01-25,25.37,19.597
2012-01-26,25.205,19.178
2012-01-27,25.155,19.142
2012-01-30,25.265,19.271
2012-01-31,25.185,19.111
2012-02-01,25.15,19.09
2012-02-02,25.15,19.202
2012-02-03,25.065,19.045
2012-02-06,24.975,19.152
2012-02-07,25.005,19.07
2012-02-08,24.8,18.683
2012-02-09,24.98,18.806
2012-02-10,25.25,19.143
2012-02-13,25.05,18.896
2012-02-14,25.09,19.052
2012-02-15,25.19,19.245
2012-02-16,25.265,19.459
2012-02-17,25.0,18.997
2012-02-20,24.91,18.78
2012-02-21,24.915,18.845
2012-02-22,25.17,19.023
2012-02-23,25.075,18.854
2012-02-24,25.03,18.662
2012-02-27,25.05,18.709
2012-02-28,24.9,18.509
2012-02-29,24.84,18.479
2012-03-01,24.89,18.693
2012-03-02,24.71,18.698
2012-03-05,24.775,18.739
2012-03-06,24.865,18.905
2012-03-07,24.87,18.957
2012-03-08,24.77,18.706
2012-03-09,24.715,18.735
2012-03-12,24.56,18.723
2012-03-13,24.59,18.832
2012-03-14,24.615,18.845
2012-03-15,24.56,18.809
2012-03-16,24.51,18.682
2012-03-19,24.53,18.653
2012-03-20,24.465,18.537
2012-03-21,24.625,18.617
2012-03-22,24.74,18.787
2012-03-23,24.725,18.674
2012-03-26,24.635,18.551
2012-03-27,24.605,18.455
2012-03-28,24.605,18.448
2012-03-29,24.78,18.674
2012-03-30,24.73,18.521
2012-04-02,24.77,18.597
2012-04-03,24.62,18.49
2012-04-04,24.6,18.714
2012-04-05,24.7,18.902
2012-04-06,24.625,18.848
2012-04-10,24.795,18.899
2012-04-11,24.82,18.903
2012-04-12,24.81,18.86
2012-04-13,24.745,18.824
2012-04-16,24.79,19.038
2012-04-17,24.805,18.889
2012-04-18,24.81,18.948
2012-04-19,24.845,18.982
2012-04-20,24.91,18.882
2012-04-23,25.045,19.076
2012-04-24,24.995,18.989
2012-04-25,24.805,18.783
2012-04-26,24.755,18.732
2012-04-27,24.87,18.796
2012-04-30,24.865,18.818
2012-05-02,24.905,18.959
2012-05-03,24.935,19.0
2012-05-04,25.02,19.053
2012-05-07,25.03,19.204
2012-05-09,25.245,19.498
2012-05-10,25.16,19.411
2012-05-11,25.25,19.506
2012-05-14,25.395,19.744
2012-05-15,25.515,19.865
2012-05-16,25.47,19.991
2012-05-17,25.51,20.112
2012-05-18,25.325,19.902
2012-05-21,25.225,19.784
2012-05-22,25.28,19.8
2012-05-23,25.505,20.142
2012-05-24,25.39,20.221
2012-05-25,25.43,20.269
2012-05-28,25.305,20.138
2012-05-29,25.505,20.365
2012-05-30,25.66,20.633
2012-05-31,25.695,20.717
2012-06-01,25.785,20.925
2012-06-04,25.735,20.693
2012-06-05,25.72,20.694
2012-06-06,25.565,20.474
2012-06-07,25.325,20.106
2012-06-08,25.485,20.44
2012-06-11,25.4,20.249
2012-06-12,25.68,20.558
2012-06-13,25.58,20.405
2012-06-14,25.54,20.345
2012-06-15,25.595,20.318
2012-06-18,25.51,20.217
2012-06-19,25.49,20.199
2012-06-20,25.455,20.035
2012-06-21,25.685,20.27
2012-06-22,25.775,20.557
2012-06-25,25.81,20.669
2012-06-26,25.96,20.808
2012-06-27,25.915,20.766
2012-06-28,25.81,20.784
2012-06-29,25.64,20.361
2012-07-02,25.515,20.272
2012-07-03,25.555,20.321
2012-07-04,25.5,20.303
2012-07-09,25.535,20.769
2012-07-10,25.43,20.698
2012-07-11,25.4,20.712
2012-07-12,25.44,20.889
2012-07-13,25.395,20.839
2012-07-16,25.39,20.848
2012-07-17,25.34,20.633
2012-07-18,25.28,20.665
2012-07-19,25.33,20.604
2012-07-20,25.57,20.967
2012-07-23,25.585,21.133
2012-07-24,25.535,21.121
2012-07-25,25.555,21.061
2012-07-26,25.505,20.803
2012-07-27,25.31,20.544
2012-07-30,25.25,20.613
2012-07-31,25.255,20.56
2012-08-01,25.355,20.621
2012-08-02,25.255,20.462
2012-08-03,25.28,20.639
2012-08-06,25.17,20.327
2012-08-07,25.12,20.197
2012-08-08,25.17,20.406
2012-08-09,25.135,20.429
2012-08-10,25.195,20.548
2012-08-13,25.145,20.376
2012-08-14,25.035,20.264
2012-08-15,24.965,20.336
2012-08-16,24.91,20.281
2012-08-17,25.02,20.28
2012-08-20,24.905,20.243
2012-08-21,24.78,19.94
2012-08-22,24.975,20.058
2012-08-23,24.905,19.839
2012-08-24,24.905,19.91
2012-08-27,24.85,19.832
2012-08-28,24.825,19.784
2012-08-29,24.81,19.776
2012-08-30,24.92,19.862
2012-08-31,24.84,19.7
2012-09-03,24.895,19.805
2012-09-04,24.885,19.781
2012-09-05,24.79,19.699
2012-09-06,24.705,19.561
2012-09-07,24.585,19.348
2012-09-10,24.535,19.2
2012-09-11,24.55,19.198
2012-09-12,24.445,18.955
2012-09-13,24.48,18.961
2012-09-14,24.435,18.659
2012-09-17,24.5,18.719
2012-09-18,24.815,19.005
2012-09-19,24.86,19.119
2012-09-20,24.91,19.235
2012-09-21,24.8,19.094
2012-09-24,24.94,19.309
2012-09-25,24.915,19.265
2012-09-26,24.985,19.452
2012-09-27,24.865,19.316
2012-10-01,25.075,19.47
2012-10-02,25.05,19.376
2012-10-03,25.035,19.399
2012-10-04,24.96,19.271
2012-10-05,24.91,19.158
2012-10-08,24.905,19.214
2012-10-09,24.935,19.249
2012-10-10,24.95,19.353
2012-10-11,24.935,19.301
2012-10-12,24.955,19.238
2012-10-15,24.93,19.219
2012-10-16,24.875,19.062
2012-10-17,24.8,18.903
2012-10-18,24.75,18.872
2012-10-19,24.82,19.035
2012-10-22,24.895,19.055
2012-10-23,24.905,19.15
2012-10-24,24.975,19.299
2012-10-25,24.905,19.167
2012-10-26,24.9,19.288
2012-10-29,25.02,19.398
2012-10-30,25.025,19.306
2012-10-31,25.065,19.29
2012-11-01,25.225,19.44
2012-11-02,25.235,19.637
2012-11-05,25.235,19.746
2012-11-06,25.295,19.762
2012-11-07,25.4,19.93
2012-11-08,25.425,19.962
2012-11-09,25.39,20.001
2012-11-12,25.36,19.921
2012-11-13,25.45,20.046
2012-11-14,25.49,20.031
2012-11-15,25.58,20.053
2012-11-16,25.53,20.028
2012-11-19,25.415,19.914
2012-11-20,25.4,19.831
2012-11-21,25.485,19.895
2012-11-22,25.42,19.715
2012-11-23,25.35,19.636
2012-11-26,25.29,19.507
2012-11-27,25.31,19.529
2012-11-28,25.265,19.598
2012-11-29,25.225,19.413
2012-11-30,25.26,19.449
2012-12-03,25.25,19.338
2012-12-04,25.245,19.28
2012-12-05,25.225,19.308
2012-12-06,25.195,19.275
2012-12-07,25.2,19.527
2012-12-10,25.24,19.517
2012-12-11,25.29,19.463
2012-12-12,25.26,19.371
2012-12-13,25.29,19.339
2012-12-14,25.23,19.288
2012-12-17,25.22,19.162
2012-12-18,25.2,19.124
2012-12-19,25.25,18.983
2012-12-20,25.225,19.043
2012-12-21,25.19,19.071
2012-12-27,25.1,18.921
2012-12-28,25.14,19.072
2012-12-31,25.14,19.055
2013-01-02,25.225,19.023
2013-01-03,25.26,19.279
2013-01-04,25.355,19.49
2013-01-07,25.535,19.577
2013-01-08,25.58,19.545
2013-01-09,25.53,19.547
2013-01-10,25.63,19.545
2013-01-11,25.615,19.28
2013-01-14,25.615,19.201
2013-01-15,25.61,19.217
2013-01-16,25.58,19.27
2013-01-17,25.54,19.103
2013-01-18,25.63,19.239
2013-01-21,25.625,19.236
2013-01-22,25.61,19.231
2013-01-23,25.6,19.203
2013-01-24,25.595,19.172
2013-01-25,25.605,19.012
2013-01-28,25.7,19.116
2013-01-29,25.66,19.102
2013-01-30,25.66,18.949
2013-01-31,25.62,18.903
2013-02-01,25.635,18.786
2013-02-04,25.67,18.943
2013-02-05,25.65,18.952
2013-02-06,25.735,19.041
2013-02-07,25.27,18.657
2013-02-08,25.24,18.873
2013-02-11,25.24,18.849
2013-02-12,25.315,18.838
2013-02-13,25.415,18.853
2013-02-14,25.385,19.044
2013-02-15,25.385,19.046
2013-02-18,25.39,19.015
2013-02-19,25.435,19.055
2013-02-20,25.395,18.994
2013-02-21,25.5,19.334
2013-02-22,25.5,19.341
2013-02-25,25.53,19.189
2013-02-26,25.56,19.544
2013-02-27,25.64,19.575
2013-02-28,25.635,19.525
2013-03-01,25.675,19.749
2013-03-04,25.66,19.727
2013-03-05,25.625,19.656
2013-03-06,25.565,19.615
2013-03-07,25.51,19.606
2013-03-08,25.445,19.436
2013-03-11,25.545,19.66
2013-03-12,25.66,19.656
2013-03-13,25.63,19.745
2013-03-14,25.615,19.802
2013-03-15,25.575,19.545
2013-03-18,25.62,19.814
2013-03-19,25.645,19.808
2013-03-20,25.68,19.837
2013-03-21,25.81,19.993
2013-03-22,25.84,19.956
2013-03-25,25.73,19.889
2013-03-26,25.8,20.055
2013-03-27,25.81,20.214
2013-03-28,25.725,20.09
2013-03-29,25.735,20.072
2013-04-02,25.88,20.153
2013-04-03,25.83,20.116
2013-04-04,25.815,20.139
2013-04-05,25.765,19.902
2013-04-08,25.73,19.755
2013-04-09,25.76,19.755
2013-04-10,25.865,19.764
2013-04-11,25.93,19.764
2013-04-12,25.865,19.818
2013-04-15,25.865,19.774
2013-04-16,25.87,19.696
2013-04-17,25.855,19.694
2013-04-18,25.875,19.835
2013-04-19,25.855,19.715
2013-04-22,25.93,19.887
2013-04-23,25.91,19.945
2013-04-24,25.91,19.919
2013-04-25,25.9,19.802
2013-04-26,25.74,19.802
2013-04-29,25.7,19.598
2013-04-30,25.795,19.733
2013-05-02,25.665,19.451
2013-05-03,25.64,19.555
2013-05-06,25.69,19.599
2013-05-07,25.745,19.641
2013-05-09,25.79,19.626
2013-05-10,25.805,19.871
2013-05-13,25.845,19.921
2013-05-14,25.89,19.953
2013-05-15,26.005,20.213
2013-05-16,25.98,20.156
2013-05-17,25.99,20.195
2013-05-20,26.12,20.323
2013-05-21,26.1,20.286
2013-05-22,26.07,20.173
2013-05-23,26.095,20.238
2013-05-24,25.995,20.094
2013-05-27,25.96,20.064
2013-05-28,25.89,20.012
2013-05-29,25.895,19.986
2013-05-30,25.795,19.927
2013-05-31,25.71,19.769
2013-06-03,25.745,19.792
2013-06-04,25.78,19.689
2013-06-05,25.86,19.753
2013-06-06,25.775,19.646
2013-06-07,25.57,19.285
2013-06-10,25.68,19.435
2013-06-11,25.615,19.299
2013-06-12,25.67,19.331
2013-06-13,25.725,19.318
2013-06-14,25.72,19.336
2013-06-17,25.725,19.288
2013-06-18,25.68,19.198
2013-06-19,25.685,19.16
2013-06-20,25.8,19.545
2013-06-21,25.82,19.59
2013-06-24,25.865,19.77
2013-06-25,25.795,19.643
2013-06-26,25.86,19.855
2013-06-27,25.895,19.87
2013-06-28,25.95,19.841
2013-07-01,25.975,19.925
2013-07-02,25.99,19.965
2013-07-03,26.02,20.079
2013-07-04,26.05,20.061
2013-07-08,25.945,20.191
2013-07-09,25.87,20.122
2013-07-10,25.93,20.235
2013-07-11,25.91,19.863
2013-07-12,25.975,19.931
2013-07-15,26.02,19.997
2013-07-16,25.95,19.781
2013-07-17,25.96,19.763
2013-07-18,25.925,19.8
2013-07-19,25.945,19.768
2013-07-22,25.975,19.726
2013-07-23,25.98,19.717
2013-07-24,25.935,19.58
2013-07-25,25.95,19.655
2013-07-26,25.95,19.568
2013-07-29,25.91,19.524
2013-07-30,25.85,19.458
2013-07-31,25.86,19.505
2013-08-01,25.955,19.611
2013-08-02,25.95,19.652
2013-08-05,25.935,19.563
2013-08-06,25.92,19.519
2013-08-07,25.98,19.524
2013-08-08,25.815,19.32
2013-08-09,25.925,19.387
2013-08-12,25.88,19.489
2013-08-13,25.875,19.467
2013-08-14,25.82,19.498
2013-08-15,25.815,19.413
2013-08-16,25.8,19.342
2013-08-19,25.855,19.376
2013-08-20,25.775,19.247
2013-08-21,25.775,19.259
2013-08-22,25.74,19.321
2013-08-23,25.665,19.217
2013-08-26,25.625,19.173
2013-08-27,25.76,19.315
2013-08-28,25.715,19.264
2013-08-29,25.68,19.361
2013-08-30,25.735,19.445
2013-09-02,25.685,19.448
2013-09-03,25.72,19.527
2013-09-04,25.78,19.572
2013-09-05,25.74,19.485
2013-09-06,25.76,19.638
2013-09-09,25.83,19.576
2013-09-10,25.835,19.514
2013-09-11,25.775,19.426
2013-09-12,25.815,19.424
2013-09-13,25.775,19.388
2013-09-16,25.765,19.289
2013-09-17,25.72,19.257
2013-09-18,25.81,19.332
2013-09-19,25.735,18.999
2013-09-20,25.825,19.113
2013-09-23,25.92,19.182
2013-09-24,25.93,19.254
2013-09-25,25.875,19.159
2013-09-26,25.81,19.119
2013-09-27,25.69,18.98
2013-09-30,25.735,19.054
2013-10-01,25.65,18.922
2013-10-02,25.605,18.937
2013-10-03,25.555,18.797
2013-10-04,25.555,18.802
2013-10-07,25.51,18.796
2013-10-08,25.52,18.797
2013-10-09,25.605,18.947
2013-10-10,25.53,18.866
2013-10-11,25.53,18.82
2013-10-14,25.55,18.838
2013-10-15,25.615,18.984
2013-10-16,25.68,18.933
2013-10-17,25.7,18.811
2013-10-18,25.78,18.84
2013-10-21,25.81,18.884
2013-10-22,25.73,18.816
2013-10-23,25.815,18.773
2013-10-24,25.775,18.671
2013-10-25,25.745,18.686
2013-10-29,25.75,18.705
2013-10-30,25.745,18.72
2013-10-31,25.72,18.852
2013-11-01,25.85,19.14
2013-11-04,25.835,19.129
2013-11-05,25.835,19.143
2013-11-06,25.785,19.076
2013-11-07,26.85,20.088
2013-11-08,26.965,20.077
2013-11-11,26.995,20.157
2013-11-12,27.01,20.107
2013-11-13,27.055,20.162
2013-11-14,27.17,20.22
2013-11-15,27.15,20.169
2013-11-18,27.125,20.066
2013-11-19,27.35,20.256
2013-11-20,27.33,20.201
2013-11-21,27.195,20.189
2013-11-22,27.255,20.166
2013-11-25,27.27,20.181
2013-11-26,27.33,20.172
2013-11-27,27.34,20.107
2013-11-28,27.35,20.12
2013-11-29,27.39,20.123
2013-12-02,27.405,20.244
2013-12-03,27.46,20.222
2013-12-04,27.455,20.193
2013-12-05,27.45,20.195
2013-12-06,27.49,20.122
2013-12-09,27.5,20.04
2013-12-10,27.45,19.963
2013-12-11,27.435,19.934
2013-12-12,27.48,19.947
2013-12-13,27.535,20.061
2013-12-16,27.595,20.025
2013-12-17,27.655,20.109
2013-12-18,27.72,20.161
2013-12-19,27.65,20.232
2013-12-20,27.655,20.253
2013-12-23,27.575,20.121
2013-12-27,27.44,19.865
2013-12-30,27.445,19.909
2013-12-31,27.425,19.894
2014-01-02,27.48,20.12
2014-01-03,27.52,20.186
2014-01-06,27.485,20.206
2014-01-07,27.46,20.131
2014-01-08,27.45,20.216
2014-01-09,27.435,20.154
2014-01-10,27.39,20.163
2014-01-13,27.405,20.084
2014-01-14,27.4,20.048
2014-01-15,27.44,20.167
2014-01-16,27.495,20.219
2014-01-17,27.455,20.218
2014-01-20,27.525,20.293
2014-01-21,27.56,20.375
2014-01-22,27.54,20.302
2014-01-23,27.49,20.158
2014-01-24,27.525,20.108
2014-01-27,27.475,20.117
2014-01-28,27.49,20.141
2014-01-29,27.54,20.237
2014-01-30,27.59,20.324
2014-01-31,27.5,20.346
2014-02-03,27.525,20.391
2014-02-04,27.53,20.362
2014-02-05,27.535,20.332
2014-02-06,27.525,20.399
2014-02-07,27.5,20.262
2014-02-10,27.545,20.199
2014-02-11,27.53,20.129
2014-02-12,27.53,20.282
2014-02-13,27.53,20.132
2014-02-14,27.435,20.018
2014-02-17,27.395,20.001
2014-02-18,27.39,19.948
2014-02-19,27.41,19.943
2014-02-20,27.385,19.98
2014-02-21,27.37,19.969
2014-02-24,27.365,19.927
2014-02-25,27.34,19.876
2014-02-26,27.33,19.912
2014-02-27,27.34,20.019
2014-02-28,27.34,19.791
2014-03-03,27.35,19.866
2014-03-04,27.365,19.874
2014-03-05,27.35,19.917
2014-03-06,27.36,19.906
2014-03-07,27.33,19.671
2014-03-10,27.34,19.696
2014-03-11,27.35,19.746
2014-03-12,27.35,19.693
2014-03-13,27.355,19.618
2014-03-14,27.355,19.703
2014-03-17,27.41,19.709
2014-03-18,27.415,19.715
2014-03-19,27.46,19.734
2014-03-20,27.49,19.975
2014-03-21,27.455,19.922
2014-03-24,27.415,19.905
2014-03-25,27.395,19.88
2014-03-26,27.45,19.9
2014-03-27,27.41,19.921
2014-03-28,27.42,19.928
2014-03-31,27.44,19.901
2014-04-01,27.45,19.906
2014-04-02,27.465,19.922
2014-04-03,27.435,19.922
2014-04-04,27.43,20.026
2014-04-07,27.445,19.999
2014-04-08,27.415,19.903
2014-04-09,27.405,19.867
2014-04-10,27.425,19.776
2014-04-11,27.45,19.789
2014-04-14,27.465,19.861
2014-04-15,27.46,19.894
2014-04-16,27.465,19.847
2014-04-17,27.5,19.85
2014-04-18,27.45,19.865
2014-04-22,27.48,19.888
2014-04-23,27.46,19.849
2014-04-24,27.445,19.857
2014-04-25,27.46,19.853
2014-04-28,27.455,19.804
2014-04-29,27.435,19.848
2014-04-30,27.455,19.828
2014-05-02,27.445,19.798
2014-05-05,27.435,19.776
2014-05-06,27.435,19.677
2014-05-07,27.42,19.689
2014-05-09,27.39,19.878
2014-05-12,27.395,19.9
2014-05-13,27.405,20.0
2014-05-14,27.435,19.999
2014-05-15,27.44,20.088
2014-05-16,27.445,20.042
2014-05-19,27.475,20.035
2014-05-20,27.48,20.056
2014-05-21,27.465,20.082
2014-05-22,27.445,20.079
2014-05-23,27.44,20.13
2014-05-26,27.425,20.112
2014-05-27,27.43,20.113
2014-05-28,27.44,20.162
2014-05-29,27.48,20.187
2014-05-30,27.47,20.186
2014-06-02,27.48,20.187
2014-06-03,27.47,20.131
2014-06-04,27.465,20.144
2014-06-05,27.455,20.236
2014-06-06,27.465,20.132
2014-06-09,27.45,20.171
2014-06-10,27.45,20.264
2014-06-11,27.44,20.258
2014-06-12,27.42,20.269
2014-06-13,27.44,20.278
2014-06-16,27.435,20.273
2014-06-17,27.445,20.227
2014-06-18,27.485,20.265
2014-06-19,27.435,20.143
2014-06-20,27.43,20.188
2014-06-23,27.46,20.197
2014-06-24,27.445,20.157
2014-06-25,27.435,20.147
2014-06-26,27.455,20.179
2014-06-27,27.46,20.162
2014-06-30,27.45,20.1
2014-07-01,27.43,20.039
2014-07-02,27.43,20.102
2014-07-03,27.435,20.104
2014-07-04,27.445,20.199
2014-07-07,27.435,20.184
2014-07-08,27.435,20.187
2014-07-09,27.435,20.168
2014-07-10,27.44,20.168
2014-07-11,27.44,20.184
2014-07-14,27.44,20.136
2014-07-15,27.43,20.149
2014-07-16,27.445,20.282
2014-07-17,27.44,20.289
2014-07-18,27.43,20.283
2014-07-21,27.465,20.317
2014-07-22,27.48,20.383
2014-07-23,27.455,20.391
2014-07-24,27.48,20.397
2014-07-25,27.48,20.446
2014-07-28,27.475,20.447
2014-07-29,27.49,20.467
2014-07-30,27.505,20.522
2014-07-31,27.57,20.607
2014-08-01,27.64,20.635
2014-08-04,27.645,20.596
2014-08-05,27.67,20.676
2014-08-06,27.835,20.86
2014-08-07,27.845,20.83
2014-08-08,27.835,20.789
2014-08-11,27.85,20.805
2014-08-12,27.845,20.864
2014-08-13,27.84,20.839
2014-08-14,27.845,20.821
2014-08-15,27.885,20.827
2014-08-18,27.905,20.85
2014-08-19,28.0,20.97
2014-08-20,27.935,21.025
2014-08-21,27.82,20.976
2014-08-22,27.835,20.981
2014-08-25,27.83,21.081
2014-08-26,27.83,21.097
2014-08-27,27.75,21.047
2014-08-28,27.775,21.076
2014-08-29,27.725,21.022
2014-09-01,27.74,21.121
2014-09-02,27.77,21.173
2014-09-03,27.655,21.031
2014-09-04,27.66,21.249
2014-09-05,27.595,21.31
2014-09-08,27.635,21.347
2014-09-09,27.675,21.451
2014-09-10,27.725,21.447
2014-09-11,27.635,21.379
2014-09-12,27.6,21.343
2014-09-15,27.585,21.363
2014-09-16,27.555,21.279
2014-09-17,27.535,21.25
2014-09-18,27.52,21.378
2014-09-19,27.575,21.461
2014-09-22,27.545,21.444
2014-09-23,27.515,21.342
2014-09-24,27.5,21.441
2014-09-25,27.56,21.68
2014-09-26,27.535,21.626
2014-09-29,27.535,21.683
2014-09-30,27.5,21.853
2014-10-01,27.495,21.82
2014-10-02,27.495,21.769
2014-10-03,27.475,21.787
2014-10-06,27.48,21.869
2014-10-07,27.47,21.789
2014-10-08,27.48,21.733
2014-10-09,27.47,21.522
2014-10-10,27.5,21.759
2014-10-13,27.545,21.723
2014-10-14,27.545,21.777
2014-10-15,27.545,21.745
2014-10-16,27.545,21.61
2014-10-17,27.49,21.439
2014-10-20,27.565,21.573
2014-10-21,27.61,21.635
2014-10-22,27.69,21.814
2014-10-23,27.675,21.846
2014-10-24,27.695,21.877
2014-10-27,27.705,21.85
2014-10-29,27.78,21.81
2014-10-30,27.725,22.0
2014-10-31,27.77,22.176
2014-11-03,27.79,22.243
2014-11-04,27.79,22.208
2014-11-05,27.82,22.287
2014-11-06,27.78,22.191
2014-11-07,27.705,22.356
2014-11-10,27.585,22.091
2014-11-11,27.59,22.201
2014-11-12,27.6,22.136
2014-11-13,27.645,22.191
2014-11-14,27.66,22.242
2014-11-18,27.675,22.099
2014-11-19,27.68,22.077
2014-11-20,27.655,22.053
2014-11-21,27.655,22.263
2014-11-24,27.59,22.232
2014-11-25,27.585,22.203
2014-11-26,27.58,22.109
2014-11-27,27.61,22.123
2014-11-28,27.655,22.153
2014-12-01,27.62,22.148
2014-12-02,27.605,22.215
2014-12-03,27.625,22.39
2014-12-04,27.62,22.438
2014-12-05,27.64,22.356
2014-12-08,27.61,22.524
2014-12-09,27.615,22.325
2014-12-10,27.62,22.286
2014-12-11,27.63,22.231
2014-12-12,27.59,22.162
2014-12-15,27.565,22.191
2014-12-16,27.6,22.017
2014-12-17,27.63,22.195
2014-12-18,27.61,22.474
2014-12-19,27.635,22.507
2014-12-22,27.62,22.528
2014-12-23,27.66,22.645
2014-12-29,27.72,22.728
2014-12-30,27.73,22.797
2014-12-31,27.725,22.834
2015-01-02,27.7,23.001
2015-01-05,27.675,23.225
2015-01-06,27.695,23.249
2015-01-07,27.785,23.505
2015-01-08,27.865,23.68
2015-01-09,28.06,23.752
2015-01-12,28.29,23.965
2015-01-13,28.41,24.112
2015-01-14,28.23,23.975
2015-01-15,27.84,23.783
2015-01-16,27.79,23.977
2015-01-19,27.88,24.015
2015-01-20,27.845,24.049
2015-01-21,27.945,24.104
2015-01-22,27.9,24.013
2015-01-23,27.835,24.859
2015-01-26,27.755,24.68
2015-01-27,27.865,24.643
2015-01-28,27.84,24.543
2015-01-29,27.8,24.562
2015-01-30,27.795,24.585
2015-02-02,27.75,24.537
2015-02-03,27.75,24.388
2015-02-04,27.77,24.261
2015-02-05,27.73,24.304
2015-02-06,27.695,24.19
2015-02-09,27.72,24.58
2015-02-10,27.725,24.541
2015-02-11,27.68,24.462
2015-02-12,27.705,24.455
2015-02-13,27.64,24.285
2015-02-16,27.64,24.224
2015-02-17,27.62,24.192
2015-02-18,27.58,24.254
2015-02-19,27.37,24.033
2015-02-20,27.505,24.344
2015-02-23,27.445,24.291
2015-02-24,27.48,24.257
2015-02-25,27.42,24.165
2015-02-26,27.51,24.306
2015-02-27,27.43,24.401
2015-03-02,27.49,24.48
2015-03-03,27.45,24.576
2015-03-04,27.465,24.683
2015-03-05,27.42,24.77
2015-03-06,27.3,24.899
2015-03-09,27.25,25.093
2015-03-10,27.285,25.397
2015-03-11,27.29,25.8
2015-03-12,27.305,25.735
2015-03-13,27.31,25.832
2015-03-16,27.305,25.856
2015-03-17,27.185,25.565
2015-03-18,27.32,25.797
2015-03-19,27.425,25.687
2015-03-20,27.48,25.5
2015-03-23,27.375,25.091
2015-03-24,27.39,25.017
2015-03-25,27.375,24.923
2015-03-26,27.385,24.951
2015-03-27,27.525,25.345
2015-03-30,27.475,25.333
2015-03-31,27.53,25.586
2015-04-01,27.545,25.563
2015-04-02,27.57,25.456
2015-04-03,27.54,25.232
2015-04-07,27.46,25.315
2015-04-08,27.375,25.205
2015-04-09,27.375,25.407
2015-04-10,27.38,25.901
2015-04-13,27.395,25.963
2015-04-14,27.345,25.886
2015-04-15,27.415,25.911
2015-04-16,27.485,25.662
2015-04-17,27.485,25.41
2015-04-20,27.42,25.569
2015-04-21,27.42,25.627
2015-04-22,27.465,25.568
2015-04-23,27.4,25.434
2015-04-24,27.455,25.366
2015-04-27,27.44,25.343
2015-04-28,27.47,25.14
2015-04-29,27.435,24.939
2015-04-30,27.43,24.46
2015-05-04,27.365,24.535
2015-05-05,27.36,24.61
2015-05-06,27.415,24.41
2015-05-07,27.405,24.255
2015-05-11,27.395,24.582
2015-05-12,27.395,24.374
2015-05-13,27.455,24.465
2015-05-14,27.455,24.038
2015-05-15,27.4,24.185
2015-05-18,27.4,24.059
2015-05-19,27.355,24.471
2015-05-20,27.33,24.577
2015-05-21,27.35,24.57
2015-05-22,27.395,24.543
2015-05-25,27.37,24.931
2015-05-26,27.395,25.072
2015-05-27,27.405,25.226
2015-05-28,27.46,25.203
2015-05-29,27.41,24.978
2015-06-01,27.44,25.078
2015-06-02,27.44,24.883
2015-06-03,27.46,24.704
2015-06-04,27.465,24.263
2015-06-05,27.395,24.426
2015-06-08,27.43,24.56
2015-06-09,27.36,24.328
2015-06-10,27.32,24.22
2015-06-11,27.315,24.331
2015-06-12,27.3,24.328
2015-06-15,27.28,24.319
2015-06-16,27.255,24.309
2015-06-17,27.24,24.148
2015-06-18,27.275,23.92
2015-06-19,27.21,24.08
2015-06-22,27.205,23.981
2015-06-23,27.19,24.266
2015-06-24,27.205,24.26
2015-06-25,27.23,24.297
2015-06-26,27.23,24.306
2015-06-29,27.245,24.473
2015-06-30,27.245,24.347
2015-07-01,27.245,24.557
2015-07-02,27.265,24.633
2015-07-03,27.14,24.46
2015-07-07,27.1,24.793
2015-07-08,27.115,24.592
2015-07-09,27.11,24.528
2015-07-10,27.125,24.238
2015-07-13,27.1,24.522
2015-07-14,27.08,24.55
2015-07-15,27.075,24.59
2015-07-16,27.11,24.946
2015-07-17,27.055,24.843
2015-07-20,27.07,24.94
2015-07-21,27.07,24.908
2015-07-22,27.065,24.827
2015-07-23,27.04,24.581
2015-07-24,27.045,24.72
2015-07-27,27.03,24.444
2015-07-28,27.025,24.504
2015-07-29,27.065,24.539
2015-07-30,27.05,24.691
2015-07-31,27.03,24.648
2015-08-03,27.04,24.687
2015-08-04,27.055,24.649
2015-08-05,27.04,24.769
2015-08-06,27.03,24.833
2015-08-07,27.025,24.706
2015-08-10,27.035,24.664
2015-08-11,27.03,24.448
2015-08-12,27.02,24.227
2015-08-13,27.025,24.322
2015-08-14,27.02,24.189
2015-08-17,27.02,24.339
2015-08-18,27.02,24.427
2015-08-19,27.022,24.475
2015-08-20,27.023,24.163
2015-08-21,27.021,23.952
2015-08-24,27.065,23.538
2015-08-25,27.11,23.564
2015-08-26,27.085,23.754
2015-08-27,27.1,24.022
2015-08-28,27.05,23.999
2015-08-31,27.03,24.098
2015-09-01,27.02,24.04
2015-09-02,27.02,23.987
2015-09-03,27.025,24.069
2015-09-04,27.03,24.265
2015-09-07,27.025,24.249
2015-09-08,27.045,24.231
2015-09-09,27.06,24.292
2015-09-10,27.04,24.17
2015-09-11,27.075,24.021
2015-09-14,27.115,23.984
2015-09-15,27.085,23.922
2015-09-16,27.06,24.096
2015-09-17,27.11,23.967
2015-09-18,27.07,23.707
2015-09-21,27.05,24.047
2015-09-22,27.06,24.258
2015-09-23,27.09,24.291
2015-09-24,27.16,24.16
2015-09-25,27.19,24.387
2015-09-29,27.21,24.286
2015-09-30,27.18,24.266
2015-10-01,27.17,24.356
2015-10-02,27.16,24.334
2015-10-05,27.12,24.132
2015-10-06,27.11,24.154
2015-10-07,27.095,24.051
2015-10-08,27.11,24.085
2015-10-09,27.11,23.856
2015-10-12,27.105,23.834
2015-10-13,27.13,23.853
2015-10-14,27.11,23.762
2015-10-15,27.08,23.677
2015-10-16,27.08,23.841
2015-10-19,27.085,23.898
2015-10-20,27.08,23.809
2015-10-21,27.08,23.852
2015-10-22,27.07,23.925
2015-10-23,27.075,24.45
2015-10-26,27.09,24.604
2015-10-27,27.1,24.504
2015-10-29,27.11,24.803
2015-10-30,27.09,24.594
2015-11-02,27.1,24.559
2015-11-03,27.1,24.689
2015-11-04,27.075,24.78
2015-11-05,27.045,24.853
2015-11-06,27.03,24.892
2015-11-09,27.04,25.09
2015-11-10,27.045,25.249
2015-11-11,27.025,25.218
2015-11-12,27.035,25.205
2015-11-13,27.03,25.107
2015-11-16,27.03,25.207
2015-11-18,27.03,25.34
2015-11-19,27.025,25.282
2015-11-20,27.03,25.289
2015-11-23,27.025,25.422
2015-11-24,27.03,25.376
2015-11-25,27.025,25.527
2015-11-26,27.03,25.463
2015-11-27,27.025,25.54
2015-11-30,27.03,25.545
2015-12-01,27.025,25.493
2015-12-02,27.025,25.492
2015-12-03,27.035,25.326
2015-12-04,27.035,24.802
2015-12-07,27.02,24.997
2015-12-08,27.02,24.841
2015-12-09,27.02,24.688
2015-12-10,27.02,24.69
2015-12-11,27.025,24.676
2015-12-14,27.02,24.62
2015-12-15,27.02,24.57
2015-12-16,27.03,24.726
2015-12-17,27.03,24.935
2015-12-18,27.03,24.947
2015-12-21,27.025,24.862
2015-12-22,27.03,24.679
2015-12-23,27.03,24.762
2015-12-28,27.02,24.645
2015-12-29,27.03,24.679
2015-12-30,27.025,24.728
2015-12-31,27.025,24.824
2016-01-04,27.02,24.794
2016-01-05,27.02,25.145
2016-01-06,27.025,25.196
2016-01-07,27.03,24.873
2016-01-08,27.02,24.873
2016-01-11,27.02,24.815
2016-01-12,27.02,24.937
2016-01-13,27.02,24.983
2016-01-14,27.02,24.804
2016-01-15,27.02,24.756
2016-01-18,27.035,24.821
2016-01-19,27.025,24.865
2016-01-20,27.04,24.789
2016-01-21,27.065,24.844
2016-01-22,27.025,25.002
2016-01-25,27.02,24.98
2016-01-26,27.02,24.928
2016-01-27,27.025,24.82
2016-01-28,27.02,24.78
2016-01-29,27.025,24.76
2016-02-01,27.02,24.823
2016-02-02,27.025,24.748
2016-02-03,27.02,24.72
2016-02-04,27.02,24.11
2016-02-05,27.035,24.134
2016-02-08,27.06,24.379
2016-02-09,27.06,24.09
2016-02-10,27.03,24.006
2016-02-11,27.07,23.857
2016-02-12,27.065,24.004
2016-02-15,27.035,24.182
2016-02-16,27.03,24.214
2016-02-17,27.03,24.276
2016-02-18,27.02,24.375
2016-02-19,27.025,24.351
2016-02-22,27.02,24.505
2016-02-23,27.03,24.57
2016-02-24,27.045,24.629
2016-02-25,27.05,24.526
2016-02-26,27.065,24.589
2016-02-29,27.055,24.848
2016-03-01,27.055,24.879
2016-03-02,27.045,24.933
2016-03-03,27.055,24.819
2016-03-04,27.06,24.661
2016-03-07,27.055,24.692
2016-03-08,27.06,24.541
2016-03-09,27.045,24.64
2016-03-10,27.035,24.899
2016-03-11,27.06,24.398
2016-03-14,27.05,24.324
2016-03-15,27.045,24.347
2016-03-16,27.05,24.45
2016-03-17,27.045,23.908
2016-03-18,27.035,23.966
2016-03-21,27.03,23.98
2016-03-22,27.035,24.117
2016-03-23,27.035,24.201
2016-03-24,27.065,24.267
2016-03-29,27.075,24.183
2016-03-30,27.075,23.896
2016-03-31,27.055,23.757
2016-04-01,27.03,23.64
2016-04-04,27.05,23.766
2016-04-05,27.035,23.774
2016-04-06,27.03,23.834
2016-04-07,27.025,23.775
2016-04-08,27.02,23.771
2016-04-11,27.025,23.724
2016-04-12,27.03,23.717
2016-04-13,27.035,23.923
2016-04-14,27.03,24.018
2016-04-15,27.025,23.948
2016-04-18,27.02,23.889
2016-04-19,27.02,23.821
2016-04-20,27.02,23.743
2016-04-21,27.025,23.798
2016-04-22,27.045,24.014
2016-04-25,27.045,24.014
2016-04-26,27.025,23.946
2016-04-27,27.035,23.916
2016-04-28,27.045,23.811
2016-04-29,27.04,23.714
2016-05-02,27.05,23.534
2016-05-03,27.035,23.383
2016-05-04,27.03,23.457
2016-05-05,27.03,23.628
2016-05-06,27.02,23.654
2016-05-09,27.02,23.717
2016-05-10,27.025,23.762
2016-05-11,27.02,23.681
2016-05-12,27.025,23.729
2016-05-13,27.02,23.81
2016-05-16,27.02,23.859
2016-05-17,27.02,23.873
2016-05-18,27.02,23.955
2016-05-19,27.02,24.133
2016-05-20,27.025,24.083
2016-05-23,27.035,24.106
2016-05-24,27.025,24.192
2016-05-25,27.03,24.253
2016-05-26,27.025,24.192
2016-05-27,27.03,24.203
2016-05-30,27.02,24.255
2016-05-31,27.02,24.223
2016-06-01,27.025,24.186
2016-06-02,27.03,24.167
2016-06-03,27.025,24.221
2016-06-06,27.025,23.805
2016-06-07,27.02,23.815
2016-06-08,27.02,23.743
2016-06-09,27.02,23.815
2016-06-10,27.025,23.905
2016-06-13,27.035,23.997
2016-06-14,27.045,24.088
2016-06-15,27.075,24.103
2016-06-16,27.065,24.224
2016-06-17,27.07,24.052
2016-06-20,27.06,23.877
2016-06-21,27.065,23.923
2016-06-22,27.07,23.976
2016-06-23,27.06,23.761
2016-06-24,27.1,24.491
2016-06-27,27.15,24.692
2016-06-28,27.11,24.484
2016-06-29,27.115,24.443
2016-06-30,27.13,24.433
2016-07-01,27.095,24.335
2016-07-04,27.095,24.322
2016-07-07,27.05,24.417
2016-07-08,27.03,24.421
2016-07-11,27.035,24.458
2016-07-12,27.035,24.367
2016-07-13,27.035,24.415
2016-07-14,27.04,24.235
2016-07-15,27.03,24.284
2016-07-18,27.025,24.446
2016-07-19,27.025,24.488
2016-07-20,27.02,24.532
2016-07-21,27.025,24.53
2016-07-22,27.025,24.535
2016-07-25,27.02,24.601
2016-07-26,27.025,24.573
2016-07-27,27.035,24.594
2016-07-28,27.045,24.382
2016-07-29,27.03,24.324
2016-08-01,27.03,24.212
2016-08-02,27.03,24.147
2016-08-03,27.035,24.143
2016-08-04,27.03,24.273
2016-08-05,27.02,24.219
2016-08-08,27.03,24.38
2016-08-09,27.025,24.392
2016-08-10,27.025,24.17
2016-08-11,27.02,24.224
2016-08-12,27.02,24.211
2016-08-15,27.02,24.162
2016-08-16,27.02,23.918
2016-08-17,27.025,23.973
2016-08-18,27.025,23.865
2016-08-19,27.02,23.851
2016-08-22,27.025,23.901
2016-08-23,27.025,23.832
2016-08-24,27.025,23.984
2016-08-25,27.03,23.938
2016-08-26,27.02,23.928
2016-08-29,27.02,24.192
2016-08-30,27.025,24.196
2016-08-31,27.03,24.286
2016-09-01,27.025,24.252
2016-09-02,27.02,24.138
2016-09-05,27.02,24.218
2016-09-06,27.02,24.211
2016-09-07,27.02,24.041
2016-09-08,27.02,23.921
2016-09-09,27.02,23.975
2016-09-12,27.025,24.074
2016-09-13,27.02,24.031
2016-09-14,27.025,24.083
2016-09-15,27.025,24.017
2016-09-16,27.025,24.073
2016-09-19,27.02,24.197
2016-09-20,27.02,24.16
2016-09-21,27.02,24.232
2016-09-22,27.02,24.046
2016-09-23,27.02,24.096
2016-09-26,27.02,23.992
2016-09-27,27.025,24.088
2016-09-29,27.02,24.076
2016-09-30,27.02,24.21
2016-10-03,27.02,24.049
2016-10-04,27.02,24.207
2016-10-05,27.02,24.085
2016-10-06,27.02,24.156
2016-10-07,27.02,24.249
2016-10-10,27.02,24.209
2016-10-11,27.02,24.387
2016-10-12,27.025,24.521
2016-10-13,27.02,24.478
2016-10-14,27.025,24.561
2016-10-17,27.025,24.584
2016-10-18,27.02,24.578
2016-10-19,27.02,24.611
2016-10-20,27.02,24.603
2016-10-21,27.02,24.82
2016-10-24,27.02,24.809
2016-10-25,27.02,24.846
2016-10-26,27.02,24.736
2016-10-27,27.02,24.729
2016-10-31,27.025,24.687
2016-11-01,27.025,24.508
2016-11-02,27.02,24.356
2016-11-03,27.02,24.426
2016-11-04,27.02,24.359
2016-11-07,27.02,24.424
2016-11-08,27.02,24.478
2016-11-09,27.025,24.521
2016-11-10,27.02,24.804
2016-11-11,27.055,24.802
2016-11-14,27.025,25.08
2016-11-15,27.03,25.106
2016-11-16,27.035,25.257
2016-11-18,27.035,25.436
2016-11-21,27.03,25.424
2016-11-22,27.045,25.474
2016-11-23,27.025,25.488
2016-11-24,27.035,25.629
2016-11-25,27.04,25.532
2016-11-28,27.045,25.538
2016-11-29,27.05,25.574
2016-11-30,27.06,25.455
2016-12-01,27.06,25.465
2016-12-02,27.06,25.426
2016-12-05,27.055,25.276
2016-12-06,27.045,25.191
2016-12-07,27.035,25.195
2016-12-08,27.04,25.134
2016-12-09,27.025,25.588
2016-12-12,27.025,25.511
2016-12-13,27.02,25.461
2016-12-14,27.025,25.386
2016-12-15,27.02,25.932
2016-12-16,27.02,25.882
2016-12-19,27.02,25.926
2016-12-20,27.02,26.068
2016-12-21,27.02,25.927
2016-12-22,27.02,25.869
2016-12-23,27.02,25.865
2016-12-27,27.02,25.866
2016-12-28,27.04,26.0
2016-12-29,27.02,25.849
2016-12-30,27.02,25.639
2017-01-02,27.02,25.819
2017-01-03,27.02,26.017
2017-01-04,27.02,25.889
2017-01-05,27.02,25.714
2017-01-06,27.02,25.516
2017-01-09,27.02,25.697
2017-01-10,27.02,25.571
2017-01-11,27.02,25.721
2017-01-12,27.02,25.3
2017-01-13,27.02,25.347
2017-01-16,27.02,25.503
2017-01-17,27.02,25.291
2017-01-18,27.02,25.335
2017-01-19,27.02,25.329
2017-01-20,27.02,25.414
2017-01-23,27.025,25.22
2017-01-24,27.02,25.141
2017-01-25,27.02,25.144
2017-01-26,27.02,25.252
2017-01-27,27.02,25.297
2017-01-30,27.02,25.421
2017-01-31,27.02,25.12
2017-02-01,27.02,25.074
2017-02-02,27.02,24.992
2017-02-03,27.02,25.155
2017-02-06,27.02,25.219
2017-02-07,27.02,25.306
2017-02-08,27.02,25.333
2017-02-09,27.02,25.268
2017-02-10,27.02,25.422
2017-02-13,27.02,25.421
2017-02-14,27.02,25.437
2017-02-15,27.02,25.596
2017-02-16,27.02,25.36
2017-02-17,27.02,25.372
2017-02-20,27.02,25.449
2017-02-21,27.02,25.644
2017-02-22,27.02,25.7
2017-02-23,27.02,25.556
2017-02-24,27.02,25.468
2017-02-27,27.02,25.522
2017-02-28,27.02,25.497
2017-03-01,27.02,25.654
2017-03-02,27.02,25.695
2017-03-03,27.02,25.574
2017-03-06,27.02,25.506
2017-03-07,27.02,25.547
2017-03-08,27.02,25.631
2017-03-09,27.02,25.613
2017-03-10,27.02,25.482
2017-03-13,27.02,25.339
2017-03-14,27.02,25.415
2017-03-15,27.02,25.434
2017-03-16,27.02,25.195
2017-03-17,27.02,25.154
2017-03-20,27.02,25.129
2017-03-21,27.02,25.009
2017-03-22,27.02,25.003
2017-03-23,27.02,25.05
2017-03-24,27.02,25.008
2017-03-27,27.02,24.813
2017-03-28,27.02,24.883
2017-03-29,27.02,25.14
2017-03-30,27.02,25.159
2017-03-31,27.03,25.282
2017-04-03,27.045,25.367
2017-04-04,27.055,25.404
2017-04-05,27.06,25.37
2017-04-06,26.75,25.076
2017-04-07,26.565,24.999
2017-04-10,26.53,25.082
2017-04-11,26.66,25.112
2017-04-12,26.695,25.172
2017-04-13,26.705,25.122
2017-04-18,26.76,25.053
2017-04-19,26.795,24.985
2017-04-20,26.91,25.043
2017-04-21,26.935,25.179
2017-04-24,26.795,24.706
2017-04-25,26.77,24.58
2017-04-26,26.945,24.735
2017-04-27,26.935,24.752
2017-04-28,26.92,24.629
2017-05-02,26.89,24.639
2017-05-03,26.87,24.607
2017-05-04,26.77,24.499
2017-05-05,26.78,24.433
2017-05-09,26.67,24.497
2017-05-10,26.64,24.486
2017-05-11,26.6,24.495
2017-05-12,26.575,24.435
2017-05-15,26.47,24.124
2017-05-16,26.42,23.888
2017-05-17,26.435,23.778
2017-05-18,26.63,23.927
2017-05-19,26.5,23.71
2017-05-22,26.485,23.557
2017-05-23,26.48,23.615
2017-05-24,26.465,23.642
2017-05-25,26.41,23.552
2017-05-26,26.435,23.606
2017-05-29,26.435,23.627
2017-05-30,26.465,23.69
2017-05-31,26.42,23.545
2017-06-01,26.395,23.554
2017-06-02,26.36,23.501
2017-06-05,26.325,23.401
2017-06-06,26.335,23.393
2017-06-07,26.315,23.459
2017-06-08,26.27,23.392
2017-06-09,26.22,23.463
2017-06-12,26.2,23.348
2017-06-13,26.145,23.308
2017-06-14,26.165,23.354
2017-06-15,26.21,23.468
2017-06-16,26.23,23.49
2017-06-19,26.17,23.369
2017-06-20,26.295,23.568
2017-06-21,26.265,23.565
2017-06-22,26.27,23.522
2017-06-23,26.295,23.53
2017-06-26,26.24,23.457
2017-06-27,26.27,23.29
2017-06-28,26.325,23.141
2017-06-29,26.285,23.032
2017-06-30,26.195,22.952
2017-07-03,26.14,22.993
2017-07-04,26.13,23.017
2017-07-07,26.08,22.852
2017-07-10,26.095,22.917
2017-07-11,26.125,22.907
2017-07-12,26.11,22.804
2017-07-13,26.12,22.878
2017-07-14,26.075,22.842
2017-07-17,26.09,22.762
2017-07-18,26.08,22.57
2017-07-19,26.035,22.572
2017-07-20,26.04,22.671
2017-07-21,26.02,22.347
2017-07-24,26.025,22.344
2017-07-25,26.02,22.25
2017-07-26,26.045,22.371
2017-07-27,26.045,22.269
2017-07-28,26.05,22.209
2017-07-31,26.08,22.24
2017-08-01,26.13,22.123
2017-08-02,26.125,22.099
2017-08-03,25.965,21.89
2017-08-04,26.065,21.961
2017-08-07,26.115,22.135
2017-08-08,26.15,22.134
2017-08-09,26.16,22.301
2017-08-10,26.16,22.297
2017-08-11,26.155,22.232
2017-08-14,26.12,22.143
2017-08-15,26.14,22.26
2017-08-16,26.045,22.243
2017-08-17,26.01,22.24
2017-08-18,26.11,22.243
2017-08-21,26.085,22.177
2017-08-22,26.085,22.16
2017-08-23,26.125,22.14
2017-08-24,26.1,22.106
2017-08-25,26.085,22.098
2017-08-28,26.1,21.887
2017-08-29,26.14,21.697
2017-08-30,26.045,21.849
2017-08-31,26.105,22.073
2017-09-01,26.075,21.871
2017-09-04,26.06,21.895
2017-09-05,26.075,21.928
2017-09-06,26.11,21.88
2017-09-07,26.11,21.801
2017-09-08,26.1,21.641
2017-09-11,26.075,21.736
2017-09-12,26.105,21.87
2017-09-13,26.1,21.787
2017-09-14,26.1,21.953
2017-09-15,26.08,21.794
2017-09-18,26.09,21.836
2017-09-19,26.105,21.809
2017-09-20,26.09,21.734
2017-09-21,26.085,21.891
2017-09-22,26.045,21.771
2017-09-25,26.035,21.937
2017-09-26,26.055,22.103
2017-09-27,26.035,22.176
2017-09-29,25.975,22.003
2017-10-02,25.995,22.135
2017-10-03,25.93,22.065
2017-10-04,25.885,21.97
2017-10-05,25.835,22.003
2017-10-06,25.815,22.05
2017-10-09,25.89,22.044
2017-10-10,25.9,21.96
2017-10-11,25.88,21.878
2017-10-12,25.89,21.837
2017-10-13,25.81,21.852
2017-10-16,25.765,21.828
2017-10-17,25.735,21.885
2017-10-18,25.705,21.881
2017-10-19,25.725,21.736
2017-10-20,25.69,21.739
2017-10-23,25.64,21.84
2017-10-24,25.58,21.753
2017-10-25,25.59,21.715
2017-10-26,25.585,21.779
2017-10-27,25.67,22.117
2017-10-30,25.645,22.086
2017-10-31,25.67,22.06
2017-11-01,25.555,22.008
2017-11-02,25.56,21.949
2017-11-03,25.65,22.006
2017-11-06,25.61,22.098
2017-11-07,25.59,22.132
2017-11-08,25.56,22.053
2017-11-09,25.53,21.954
2017-11-10,25.545,21.923
2017-11-13,25.565,21.929
2017-11-14,25.565,21.766
2017-11-15,25.67,21.684
2017-11-16,25.56,21.712
2017-11-20,25.565,21.701
2017-11-21,25.53,21.791
2017-11-22,25.47,21.677
2017-11-23,25.46,21.487
2017-11-24,25.41,21.392
2017-11-27,25.43,21.279
2017-11-28,25.46,21.418
2017-11-29,25.475,21.542
2017-11-30,25.495,21.519
2017-12-01,25.525,21.475
2017-12-04,25.56,21.541
2017-12-05,25.655,21.656
2017-12-06,25.635,21.695
2017-12-07,25.61,21.727
2017-12-08,25.555,21.765
2017-12-11,25.6,21.705
2017-12-12,25.625,21.776
2017-12-13,25.65,21.86
2017-12-14,25.685,21.682
2017-12-15,25.68,21.75
2017-12-18,25.685,21.775
2017-12-19,25.66,21.702
2017-12-20,25.675,21.677
2017-12-21,25.715,21.684
2017-12-22,25.75,21.725
2017-12-27,25.84,21.723
2017-12-28,25.645,21.489
2017-12-29,25.54,21.291
2018-01-02,25.495,21.13
2018-01-03,25.545,21.238
2018-01-04,25.51,21.16
2018-01-05,25.595,21.248
2018-01-08,25.525,21.324
2018-01-09,25.535,21.399
2018-01-10,25.565,21.315
2018-01-11,25.545,21.256
2018-01-12,25.52,21.025
2018-01-15,25.53,20.796
2018-01-16,25.515,20.863
2018-01-17,25.445,20.852
2018-01-18,25.37,20.742
2018-01-19,25.43,20.749
2018-01-22,25.4,20.752
2018-01-23,25.405,20.742
2018-01-24,25.375,20.543
2018-01-25,25.38,20.454
2018-01-26,25.355,20.392
2018-01-29,25.295,20.432
2018-01-30,25.33,20.394
2018-01-31,25.27,20.291
2018-02-01,25.265,20.281
2018-02-02,25.19,20.163
2018-02-05,25.2,20.256
2018-02-06,25.23,20.464
2018-02-07,25.23,20.448
2018-02-08,25.245,20.595
2018-02-09,25.335,20.645
2018-02-12,25.355,20.677
2018-02-13,25.385,20.583
2018-02-14,25.36,20.539
2018-02-15,25.37,20.307
2018-02-16,25.34,20.327
2018-02-19,25.325,20.406
2018-02-20,25.315,20.515
2018-02-21,25.36,20.604
2018-02-22,25.315,20.623
2018-02-23,25.335,20.603
2018-02-26,25.39,20.608
2018-02-27,25.405,20.652
2018-02-28,25.42,20.816
2018-03-01,25.435,20.898
2018-03-02,25.41,20.638
2018-03-05,25.405,20.642
2018-03-06,25.38,20.45
2018-03-07,25.415,20.47
2018-03-08,25.43,20.472
2018-03-09,25.455,20.717
2018-03-12,25.45,20.688
2018-03-13,25.47,20.577
2018-03-14,25.445,20.573
2018-03-15,25.415,20.594
2018-03-16,25.415,20.666
2018-03-19,25.43,20.661
2018-03-20,25.42,20.707
2018-03-21,25.42,20.689
2018-03-22,25.4,20.624
2018-03-23,25.405,20.586
2018-03-26,25.445,20.506
2018-03-27,25.475,20.586
2018-03-28,25.46,20.533
2018-03-29,25.43,20.641
2018-04-03,25.365,20.608
2018-04-04,25.34,20.645
2018-04-05,25.325,20.655
2018-04-06,25.34,20.714
2018-04-09,25.355,20.608
2018-04-10,25.335,20.497
2018-04-11,25.325,20.449
2018-04-12,25.315,20.548
2018-04-13,25.305,20.545
2018-04-16,25.26,20.435
2018-04-17,25.255,20.439
2018-04-18,25.3,20.424
2018-04-19,25.325,20.454
2018-04-20,25.34,20.584
2018-04-23,25.41,20.763
2018-04-24,25.435,20.827
2018-04-25,25.465,20.899
2018-04-26,25.475,20.944
2018-04-27,25.47,21.102
2018-04-30,25.54,21.144
2018-05-02,25.595,21.319
2018-05-03,25.58,21.332
2018-05-04,25.505,21.31
2018-05-07,25.515,21.438
2018-05-09,25.565,21.525
2018-05-10,25.495,21.465
2018-05-11,25.505,21.37
2018-05-14,25.49,21.264
2018-05-15,25.55,21.501
2018-05-16,25.545,21.679
2018-05-17,25.56,21.646
2018-05-18,25.59,21.718
2018-05-21,25.68,21.84
2018-05-22,25.7,21.791
2018-05-23,25.815,22.041
2018-05-24,25.81,22.011
2018-05-25,25.765,22.07
2018-05-28,25.73,22.095
2018-05-29,25.905,22.413
2018-05-30,25.835,22.202
2018-05-31,25.79,22.05
2018-06-01,25.83,22.137
2018-06-04,25.7,21.897
2018-06-05,25.65,21.971
2018-06-06,25.645,21.798
2018-06-07,25.64,21.662
2018-06-08,25.795,21.944
2018-06-11,25.68,21.781
2018-06-12,25.65,21.757
2018-06-13,25.71,21.856
2018-06-14,25.65,21.866
2018-06-15,25.71,22.171
2018-06-18,25.74,22.165
2018-06-19,25.81,22.373
2018-06-20,25.835,22.316
2018-06-21,25.865,22.413
2018-06-22,25.79,22.139
2018-06-25,25.935,22.172
2018-06-26,25.9,22.188
2018-06-27,25.77,22.184
2018-06-28,26.0,22.448
2018-06-29,26.02,22.318
2018-07-02,26.0,22.343
2018-07-03,26.075,22.356
2018-07-04,26.03,22.357
2018-07-09,25.86,21.934
2018-07-10,25.9,22.113
2018-07-11,25.93,22.099
2018-07-12,25.94,22.25
2018-07-13,25.92,22.262
2018-07-16,25.88,22.082
2018-07-17,25.875,22.1
2018-07-18,25.855,22.268
2018-07-19,25.92,22.368
2018-07-20,25.875,22.175
2018-07-23,25.85,22.065
2018-07-24,25.76,22.006
2018-07-25,25.675,21.965
2018-07-26,25.645,21.891
2018-07-27,25.62,22.039
2018-07-30,25.625,21.931
2018-07-31,25.6,21.814
2018-08-01,25.59,21.889
2018-08-02,25.6,22.04
2018-08-03,25.66,22.144
2018-08-06,25.65,22.221
2018-08-07,25.605,22.072
2018-08-08,25.58,22.076
2018-08-09,25.57,22.057
2018-08-10,25.635,22.377
2018-08-13,25.66,22.503
2018-08-14,25.69,22.524
2018-08-15,25.71,22.709
2018-08-16,25.7,22.606
2018-08-17,25.73,22.583
2018-08-20,25.705,22.509
2018-08-21,25.74,22.376
2018-08-22,25.725,22.149
2018-08-23,25.71,22.207
2018-08-24,25.745,22.218
2018-08-27,25.745,22.127
2018-08-28,25.72,21.963
2018-08-29,25.745,22.08
2018-08-30,25.75,22.025
2018-08-31,25.735,22.089
2018-09-03,25.75,22.183
2018-09-04,25.73,22.256
2018-09-05,25.745,22.238
2018-09-06,25.715,22.09
2018-09-07,25.695,22.124
2018-09-10,25.65,22.166
2018-09-11,25.65,22.157
2018-09-12,25.59,22.096
2018-09-13,25.52,21.965
2018-09-14,25.475,21.79
2018-09-17,25.455,21.811
2018-09-18,25.45,21.761
2018-09-19,25.43,21.796
2018-09-20,25.56,21.71
2018-09-21,25.585,21.756
2018-09-24,25.615,21.763
2018-09-25,25.615,21.752
2018-09-26,25.605,21.819
2018-09-27,25.715,21.967
2018-10-01,25.765,22.201
2018-10-02,25.79,22.343
2018-10-03,25.78,22.329
2018-10-04,25.78,22.415
2018-10-05,25.74,22.372
2018-10-08,25.735,22.426
2018-10-09,25.805,22.564
2018-10-10,25.805,22.44
2018-10-11,25.85,22.335
2018-10-12,25.775,22.269
2018-10-15,25.8,22.277
2018-10-16,25.815,22.283
2018-10-17,25.845,22.418
2018-10-18,25.86,22.476
2018-10-19,25.865,22.552
2018-10-22,25.84,22.483
2018-10-23,25.815,22.49
2018-10-24,25.83,22.685
2018-10-25,25.83,22.627
2018-10-26,25.86,22.797
2018-10-29,25.85,22.715
2018-10-30,25.87,22.75
2018-10-31,25.92,22.902
2018-11-01,25.875,22.712
2018-11-02,25.78,22.581
2018-11-05,25.845,22.73
2018-11-06,25.835,22.606
2018-11-07,25.88,22.531
2018-11-08,25.885,22.653
2018-11-09,25.935,22.857
2018-11-12,25.94,23.029
2018-11-13,25.94,23.032
2018-11-14,25.995,23.013
2018-11-15,25.985,22.992
2018-11-16,25.985,22.903
2018-11-19,26.01,22.761
2018-11-20,26.03,22.794
2018-11-21,26.0,22.788
2018-11-22,25.99,22.79
2018-11-23,25.955,22.866
2018-11-26,25.92,22.808
2018-11-27,25.915,22.874
2018-11-28,25.93,22.977
2018-11-29,25.965,22.802
2018-11-30,25.955,22.848
2018-12-03,25.92,22.874
2018-12-04,25.9,22.702
2018-12-05,25.885,22.802
2018-12-06,25.89,22.796
2018-12-07,25.85,22.736
2018-12-10,25.865,22.64
2018-12-11,25.845,22.711
2018-12-12,25.865,22.796
2018-12-13,25.83,22.716
2018-12-14,25.795,22.858
2018-12-17,25.8,22.749
2018-12-18,25.755,22.638
2018-12-19,25.76,22.591
2018-12-20,25.76,22.497
2018-12-21,25.855,22.654
2018-12-27,25.86,22.733
2018-12-28,25.78,22.506
2018-12-31,25.725,22.466
2019-01-02,25.75,22.594
2019-01-03,25.68,22.634
2019-01-04,25.65,22.494
2019-01-07,25.575,22.347
2019-01-08,25.64,22.416
2019-01-09,25.63,22.376
2019-01-10,25.625,22.221
2019-01-11,25.605,22.199
2019-01-14,25.56,22.29
2019-01-15,25.57,22.382
2019-01-16,25.565,22.446
2019-01-17,25.535,22.407
2019-01-18,25.58,22.432
2019-01-21,25.595,22.528
2019-01-22,25.61,22.559
2019-01-23,25.695,22.605
2019-01-24,25.695,22.659
2019-01-25,25.695,22.644
2019-01-28,25.725,22.529
2019-01-29,25.745,22.541
2019-01-30,25.8,22.579
2019-01-31,25.76,22.427
2019-02-01,25.695,22.398
2019-02-04,25.73,22.48
2019-02-05,25.7,22.508
2019-02-06,25.785,22.629
2019-02-07,25.805,22.747
2019-02-08,25.805,22.745
2019-02-11,25.835,22.845
2019-02-12,25.87,22.901
2019-02-13,25.795,22.819
2019-02-14,25.79,22.885
2019-02-15,25.7,22.823
2019-02-18,25.715,22.703
2019-02-19,25.715,22.771
2019-02-20,25.68,22.646
2019-02-21,25.645,22.586
2019-02-22,25.665,22.662
2019-02-25,25.65,22.589
2019-02-26,25.665,22.594
2019-02-27,25.655,22.532
2019-02-28,25.6,22.425
2019-03-01,25.635,22.52
2019-03-04,25.625,22.6
2019-03-05,25.62,22.614
2019-03-06,25.595,22.641
2019-03-07,25.61,22.72
2019-03-08,25.64,22.848
2019-03-11,25.655,22.818
2019-03-12,25.67,22.768
2019-03-13,25.67,22.711
2019-03-14,25.67,22.724
2019-03-15,25.67,22.694
2019-03-18,25.615,22.571
2019-03-19,25.6,22.537
2019-03-20,25.645,22.587
2019-03-21,25.65,22.528
2019-03-22,25.725,22.761
2019-03-25,25.76,22.752
2019-03-26,25.77,22.823
2019-03-27,25.8,22.912
2019-03-28,25.78,22.934
2019-03-29,25.8,22.968
2019-04-01,25.79,22.955
2019-04-02,25.75,22.99
2019-04-03,25.725,22.876
2019-04-04,25.695,22.91
2019-04-05,25.61,22.8
2019-04-08,25.635,22.794
2019-04-09,25.62,22.716
2019-04-10,25.61,22.711
2019-04-11,25.605,22.732
2019-04-12,25.62,22.633
2019-04-15,25.625,22.653
2019-04-16,25.665,22.701
2019-04-17,25.655,22.702
2019-04-18,25.68,22.826
2019-04-23,25.745,22.896
2019-04-24,25.73,22.95
2019-04-25,25.735,23.137
2019-04-26,25.705,23.091
2019-04-29,25.68,23.028
2019-04-30,25.66,22.864
2019-05-02,25.645,22.875
2019-05-03,25.715,23.055
2019-05-06,25.715,22.962
2019-05-07,25.73,23.005
2019-05-09,25.72,22.983
2019-05-10,25.73,22.915
2019-05-13,25.775,22.918
2019-05-14,25.75,22.942
2019-05-15,25.76,23.035
2019-05-16,25.695,22.933
2019-05-17,25.75,23.048
2019-05-20,25.765,23.073
2019-05-21,25.775,23.096
2019-05-22,25.79,23.089
2019-05-23,25.82,23.181
2019-05-24,25.83,23.091
2019-05-27,25.835,23.074
2019-05-28,25.845,23.092
2019-05-29,25.86,23.179
2019-05-30,25.84,23.208
2019-05-31,25.817,23.153
2019-06-03,25.83,23.093
2019-06-04,25.745,22.906
2019-06-05,25.65,22.77
2019-06-06,25.66,22.775
2019-06-07,25.64,22.745
2019-06-10,25.625,22.675
2019-06-11,25.64,22.651
2019-06-12,25.615,22.623
2019-06-13,25.58,22.659
2019-06-14,25.54,22.674
2019-06-17,25.56,22.752
2019-06-18,25.61,22.797
2019-06-19,25.635,22.874
2019-06-20,25.62,22.663
2019-06-21,25.61,22.632
2019-06-24,25.6,22.465
2019-06-25,25.555,22.438
2019-06-26,25.485,22.434
2019-06-27,25.435,22.372
2019-06-28,25.445,22.363
2019-07-01,25.48,22.453
2019-07-02,25.46,22.527
2019-07-03,25.455,22.535
2019-07-04,25.435,22.534
2019-07-08,25.51,22.745
2019-07-09,25.545,22.8
2019-07-10,25.565,22.785
2019-07-11,25.605,22.689
2019-07-12,25.59,22.742
2019-07-15,25.575,22.694
2019-07-16,25.575,22.796
2019-07-17,25.605,22.829
2019-07-18,25.585,22.811
2019-07-19,25.545,22.756
2019-07-22,25.535,22.771
2019-07-23,25.545,22.866
2019-07-24,25.54,22.927
2019-07-25,25.52,22.961
2019-07-26,25.54,22.932
2019-07-29,25.61,23.033
2019-07-30,25.65,22.996
2019-07-31,25.66,23.014
2019-08-01,25.74,23.326
2019-08-02,25.765,23.199
2019-08-05,25.775,23.052
2019-08-06,25.725,22.999
2019-08-07,25.72,22.96
2019-08-08,25.79,23.041
2019-08-09,25.83,23.068
2019-08-12,25.83,23.074
2019-08-13,25.83,23.019
2019-08-14,25.885,23.135
2019-08-15,25.88,23.211
2019-08-16,25.735,23.236
2019-08-19,25.78,23.219
2019-08-20,25.795,23.289
2019-08-21,25.795,23.231
2019-08-22,25.785,23.261
2019-08-23,25.765,23.274
2019-08-26,25.79,23.199
2019-08-27,25.815,23.252
2019-08-28,25.845,23.322
2019-08-29,25.85,23.344
2019-08-30,25.915,23.484
2019-09-02,25.92,23.632
2019-09-03,25.885,23.665
2019-09-04,25.835,23.444
2019-09-05,25.85,23.379
2019-09-06,25.835,23.424
2019-09-09,25.855,23.431
2019-09-10,25.865,23.431
2019-09-11,25.865,23.507
2019-09-12,25.83,23.565
2019-09-13,25.845,23.286
2019-09-16,25.88,23.461
2019-09-17,25.915,23.499
2019-09-18,25.89,23.424
2019-09-19,25.895,23.398
2019-09-20,25.91,23.49
2019-09-23,25.89,23.567
2019-09-24,25.87,23.514
2019-09-25,25.86,23.55
2019-09-26,25.85,23.636
2019-09-27,25.84,23.633
2019-09-30,25.815,23.707
2019-10-01,25.74,23.618
2019-10-02,25.74,23.561
2019-10-03,25.74,23.506
2019-10-04,25.74,23.444
2019-10-07,25.78,23.451
2019-10-08,25.805,23.488
2019-10-09,25.825,23.518
2019-10-10,25.89,23.476
2019-10-11,25.81,23.372
2019-10-14,25.825,23.411
2019-10-15,25.82,23.458
2019-10-16,25.76,23.365
2019-10-17,25.67,23.107
2019-10-18,25.66,23.026
2019-10-21,25.63,22.94
2019-10-22,25.575,22.974
2019-10-23,25.635,23.051
2019-10-24,25.595,23.003
2019-10-25,25.57,23.022
2019-10-29,25.545,23.022
2019-10-30,25.51,22.969
2019-10-31,25.51,22.871
2019-11-01,25.515,22.906
2019-11-04,25.515,22.866
2019-11-05,25.535,22.984
2019-11-06,25.5,22.98
2019-11-07,25.53,23.048
2019-11-08,25.485,23.099
2019-11-11,25.51,23.103
2019-11-12,25.5,23.152
2019-11-13,25.59,23.247
2019-11-14,25.56,23.232
2019-11-15,25.58,23.185
2019-11-18,25.59,23.135
2019-11-19,25.565,23.081
2019-11-20,25.535,23.099
2019-11-21,25.52,23.01
2019-11-22,25.51,23.069
2019-11-25,25.485,23.151
2019-11-26,25.505,23.145
2019-11-27,25.515,23.176
2019-11-28,25.575,23.24
2019-11-29,25.515,23.233
2019-12-02,25.535,23.166
2019-12-03,25.525,23.056
2019-12-04,25.52,23.016
2019-12-05,25.525,23.009
2019-12-06,25.535,23.017
2019-12-09,25.525,23.047
2019-12-10,25.525,23.043
2019-12-11,25.52,23.042
2019-12-12,25.52,22.915
2019-12-13,25.51,22.831
2019-12-16,25.485,22.863
2019-12-17,25.45,22.801
2019-12-18,25.49,22.933
2019-12-19,25.475,22.915
2019-12-20,25.445,22.937
2019-12-23,25.5,23.025
2019-12-27,25.51,22.873
2019-12-30,25.46,22.757
2019-12-31,25.41,22.621
2020-01-02,25.41,22.702
2020-01-03,25.36,22.753
2020-01-06,25.3,22.601
2020-01-07,25.275,22.626
2020-01-08,25.265,22.739
2020-01-09,25.255,22.733
2020-01-10,25.265,22.78
2020-01-13,25.23,22.677
2020-01-14,25.155,22.634
2020-01-15,25.145,22.567
2020-01-16,25.17,22.538
2020-01-17,25.145,22.638
2020-01-20,25.125,22.667
2020-01-21,25.065,22.552
2020-01-22,25.135,22.668
2020-01-23,25.16,22.686
2020-01-24,25.16,22.798
2020-01-27,25.23,22.883
2020-01-28,25.22,22.916
2020-01-29,25.205,22.913
2020-01-30,25.25,22.894
2020-01-31,25.21,22.81
2020-02-03,25.175,22.75
2020-02-04,25.145,22.761
2020-02-05,25.05,22.732
2020-02-06,24.895,22.627
2020-02-07,25.03,22.817
2020-02-10,25.025,22.851
2020-02-11,24.965,22.897
2020-02-12,24.875,22.792
2020-02-13,24.835,22.851
2020-02-14,24.825,22.897
2020-02-17,24.795,22.883
2020-02-18,24.9,23.023
2020-02-19,24.96,23.113
2020-02-20,25.035,23.205
2020-02-21,25.06,23.206
2020-02-24,25.19,23.284
2020-02-25,25.225,23.269
2020-02-26,25.345,23.308
2020-02-27,25.285,23.062
2020-02-28,25.39,23.124
2020-03-02,25.525,22.952
2020-03-03,25.475,22.919
2020-03-04,25.34,22.779
2020-03-05,25.355,22.665
2020-03-06,25.46,22.459
2020-03-09,25.505,22.265
2020-03-10,25.715,22.57
2020-03-11,25.77,22.737
2020-03-12,26.2,23.31
2020-03-13,26.04,23.449
2020-03-16,26.96,24.169
2020-03-17,26.98,24.569
2020-03-18,27.16,24.834
2020-03-19,27.605,25.567
2020-03-20,27.19,25.406
2020-03-23,27.635,25.629
2020-03-24,27.81,25.648
2020-03-25,27.44,25.351
2020-03-26,27.55,25.084
2020-03-27,27.3,24.879
2020-03-30,27.315,24.759
2020-03-31,27.325,24.943
2020-04-01,27.38,25.039
2020-04-02,27.555,25.287
2020-04-03,27.54,25.535
2020-04-06,27.595,25.567
2020-04-07,27.215,24.995
2020-04-08,27.2,25.021
2020-04-09,26.905,24.758
2020-04-14,26.855,24.494
2020-04-15,26.99,24.751
2020-04-16,27.055,24.85
2020-04-17,27.165,25.009
2020-04-20,27.325,25.163
2020-04-21,27.45,25.33
2020-04-22,27.53,25.334
2020-04-23,27.55,25.573
2020-04-24,27.31,25.292
2020-04-27,27.185,25.05
2020-04-28,27.225,25.036
2020-04-29,27.125,25.018
2020-04-30,27.095,24.915
2020-05-04,27.12,24.785
2020-05-05,26.985,24.888
2020-05-06,26.985,24.971
2020-05-07,27.145,25.181
2020-05-11,27.595,25.498
2020-05-12,27.42,25.254
2020-05-13,27.41,25.206
2020-05-14,27.57,25.551
2020-05-15,27.59,25.553
2020-05-18,27.61,25.483
2020-05-19,27.49,25.106
2020-05-20,27.43,25.032
2020-05-21,27.215,24.741
2020-05-22,27.21,24.953
2020-05-25,27.275,25.003
2020-05-26,27.07,24.661
2020-05-27,27.05,24.609
2020-05-28,27.015,24.521
2020-05-29,26.915,24.168
2020-06-01,26.86,24.163
2020-06-02,26.65,23.85
2020-06-03,26.66,23.815
2020-06-04,26.62,23.66
2020-06-05,26.59,23.469
2020-06-08,26.585,23.555
2020-06-09,26.635,23.59
2020-06-10,26.61,23.39
2020-06-11,26.675,23.505
2020-06-12,26.68,23.601
2020-06-15,26.68,23.71
2020-06-16,26.57,23.498
2020-06-17,26.56,23.647
2020-06-18,26.69,23.786
2020-06-19,26.685,23.806
2020-06-22,26.665,23.777
2020-06-23,26.61,23.509
2020-06-24,26.735,23.701
2020-06-25,26.795,23.926
2020-06-26,26.805,23.908
2020-06-29,26.85,23.797
2020-06-30,26.74,23.879
2020-07-01,26.67,23.81
2020-07-02,26.625,23.59
2020-07-03,26.665,23.757
2020-07-07,26.68,23.63
2020-07-08,26.745,23.698
2020-07-09,26.62,23.474
2020-07-10,26.69,23.672
2020-07-13,26.645,23.52
2020-07-14,26.635,23.411
2020-07-15,26.59,23.235
2020-07-16,26.69,23.385
2020-07-17,26.685,23.351
2020-07-20,26.6,23.233
2020-07-21,26.43,23.097
2020-07-22,26.365,22.77
2020-07-23,26.34,22.766
2020-07-24,26.265,22.625
2020-07-27,26.195,22.28
2020-07-28,26.255,22.407
2020-07-29,26.29,22.424
2020-07-30,26.25,22.352
2020-07-31,26.175,22.091
2020-08-03,26.32,22.451
2020-08-04,26.22,22.287
2020-08-05,26.09,21.992
2020-08-06,26.2,22.125
2020-08-07,26.28,22.241
2020-08-10,26.185,22.262
2020-08-11,26.155,22.194
2020-08-12,26.115,22.185
2020-08-13,26.125,22.082
2020-08-14,26.115,22.105
2020-08-17,26.14,22.053
2020-08-18,26.135,21.949
2020-08-19,26.115,21.88
2020-08-20,26.06,21.992
2020-08-21,26.085,22.168
2020-08-24,26.09,22.023
2020-08-25,26.12,22.109
2020-08-26,26.26,22.272
2020-08-27,26.27,22.258
2020-08-28,26.2,21.989
2020-08-31,26.21,21.953
2020-09-01,26.225,21.882
2020-09-02,26.34,22.203
2020-09-03,26.37,22.325
2020-09-04,26.435,22.323
2020-09-07,26.47,22.386
2020-09-08,26.52,22.503
2020-09-09,26.52,22.532
2020-09-10,26.585,22.436
2020-09-11,26.57,22.411
2020-09-14,26.66,22.449
2020-09-15,26.83,22.564
2020-09-16,26.715,22.503
2020-09-17,26.74,22.669
2020-09-18,26.725,22.585
2020-09-21,26.99,22.897
2020-09-22,27.01,23.008
2020-09-23,26.96,23.055
2020-09-24,27.015,23.197
2020-09-25,27.105,23.294
2020-09-29,27.15,23.203
2020-09-30,27.21,23.239
2020-10-01,26.905,22.895
2020-10-02,27.03,23.043
2020-10-05,27.095,23.023
2020-10-06,27.03,22.917
2020-10-07,27.065,22.996
2020-10-08,27.09,23.029
2020-10-09,27.11,22.983
2020-10-12,27.175,23.029
2020-10-13,27.36,23.212
2020-10-14,27.31,23.244
2020-10-15,27.34,23.375
2020-10-16,27.275,23.232
2020-10-19,27.345,23.204
2020-10-20,27.235,23.064
2020-10-21,27.185,22.937
2020-10-22,27.23,23.035
2020-10-23,27.22,22.961
2020-10-26,27.295,23.091
2020-10-27,27.34,23.109
2020-10-29,27.365,23.381
2020-10-30,27.25,23.296
2020-11-02,27.13,23.284
2020-11-03,26.92,23.004
2020-11-04,26.78,22.849
2020-11-05,26.77,22.58
2020-11-06,26.665,22.464
2020-11-09,26.46,22.27
2020-11-10,26.431,22.389
2020-11-11,26.445,22.476
2020-11-12,26.465,22.441
2020-11-13,26.465,22.402
2020-11-16,26.35,22.276
2020-11-18,26.4,22.248
2020-11-19,26.36,22.279
2020-11-20,26.34,22.201
2020-11-23,26.305,22.101
2020-11-24,26.26,22.128
2020-11-25,26.175,22.014
2020-11-26,26.135,21.962
2020-11-27,26.22,21.993
2020-11-30,26.19,21.861
2020-12-01,26.24,21.922
2020-12-02,26.41,21.887
2020-12-03,26.42,21.748
2020-12-04,26.52,21.814
2020-12-07,26.48,21.835
2020-12-08,26.395,21.793
2020-12-09,26.24,21.672
2020-12-10,26.305,21.715
2020-12-11,26.33,21.712
2020-12-14,26.315,21.637
2020-12-15,26.36,21.712
2020-12-16,26.2,21.497
2020-12-17,26.205,21.396
2020-12-18,26.14,21.323
2020-12-21,26.28,21.59
2020-12-22,26.3,21.489
2020-12-23,26.37,21.681
2020-12-28,26.245,21.482
2020-12-29,26.31,21.462
2020-12-30,26.25,21.372
2020-12-31,26.245,21.387
2021-01-04,26.14,21.259
2021-01-05,26.225,21.369
2021-01-06,26.145,21.191
2021-01-07,26.145,21.299
2021-01-08,26.165,21.359
2021-01-11,26.24,21.574
2021-01-12,26.19,21.535
2021-01-13,26.175,21.515
2021-01-14,26.19,21.604
2021-01-15,26.16,21.577
2021-01-18,26.185,21.706
2021-01-19,26.16,21.562
2021-01-20,26.125,21.594
2021-01-21,26.095,21.461
2021-01-22,26.15,21.509
2021-01-25,26.08,21.463
2021-01-26,26.08,21.479
2021-01-27,26.025,21.484
2021-01-28,26.115,21.6
2021-01-29,26.02,21.442
2021-02-01,25.97,21.489
2021-02-02,25.9,21.506
2021-02-03,25.925,21.579
2021-02-04,25.895,21.587
2021-02-05,25.805,21.534
2021-02-08,25.735,21.401
2021-02-09,25.74,21.263
2021-02-10,25.83,21.301
2021-02-11,25.77,21.219
2021-02-12,25.755,21.271
2021-02-15,25.68,21.168
2021-02-16,25.755,21.209
2021-02-17,25.885,21.465
2021-02-18,25.86,21.4
2021-02-19,25.845,21.291
2021-02-22,25.955,21.394
2021-02-23,25.905,21.334
2021-02-24,25.975,21.387
2021-02-25,26.11,21.352
2021-02-26,26.195,21.612
2021-03-01,26.08,21.64
2021-03-02,26.14,21.733
2021-03-03,26.14,21.688
2021-03-04,26.205,21.774
2021-03-05,26.305,22.034
2021-03-08,26.42,22.264
2021-03-09,26.285,22.109
2021-03-10,26.225,22.051
2021-03-11,26.17,21.874
2021-03-12,26.15,21.912
2021-03-15,26.195,21.974
2021-03-16,26.2,21.973
2021-03-17,26.16,21.966
2021-03-18,26.17,21.969
2021-03-19,26.13,21.975
2021-03-22,26.075,21.863
2021-03-23,26.195,22.045
2021-03-24,26.205,22.162
2021-03-25,26.235,22.227
2021-03-26,26.085,22.139
2021-03-29,26.08,22.131
2021-03-30,26.125,22.249
2021-03-31,26.145,22.295
2021-04-01,26.085,22.206
2021-04-06,26.05,22.054
2021-04-07,25.915,21.813
2021-04-08,25.88,21.796
2021-04-09,25.94,21.821
2021-04-12,26.025,21.86
2021-04-13,26.015,21.871
2021-04-14,25.935,21.677
2021-04-15,25.94,21.669
2021-04-16,25.925,21.633
2021-04-19,25.9,21.52
2021-04-20,25.905,21.5
2021-04-21,25.89,21.563
2021-04-22,25.86,21.469
2021-04-23,25.845,21.421
2021-04-26,25.805,21.353
2021-04-27,25.895,21.425
2021-04-28,25.96,21.509
2021-04-29,25.815,21.281
2021-04-30,25.885,21.428
2021-05-03,25.785,21.41
2021-05-04,25.845,21.499
2021-05-05,25.8,21.487
2021-05-06,25.845,21.431
2021-05-07,25.68,21.295
2021-05-10,25.59,21.027
2021-05-11,25.575,21.015
2021-05-12,25.52,21.063
2021-05-13,25.575,21.172
2021-05-14,25.49,21.024
2021-05-17,25.495,20.996
2021-05-18,25.43,20.808
2021-05-19,25.445,20.835
2021-05-20,25.515,20.908
2021-05-21,25.45,20.879
2021-05-24,25.43,20.826
2021-05-25,25.45,20.749
2021-05-26,25.45,20.812
2021-05-27,25.44,20.857
2021-05-28,25.45,20.965
2021-05-31,25.45,20.858
2021-06-01,25.46,20.83
2021-06-02,25.465,20.894
2021-06-03,25.45,20.9
2021-06-04,25.445,20.997
2021-06-07,25.395,20.882
2021-06-08,25.4,20.853
2021-06-09,25.375,20.806
2021-06-10,25.39,20.859
2021-06-11,25.335,20.899
2021-06-14,25.42,20.984
2021-06-15,25.45,21.017
2021-06-16,25.475,21.011
2021-06-17,25.51,21.371
2021-06-18,25.52,21.45
2021-06-21,25.57,21.503
2021-06-22,25.535,21.463
2021-06-23,25.41,21.264
2021-06-24,25.43,21.3
2021-06-25,25.485,21.325
2021-06-28,25.5,21.411
2021-06-29,25.48,21.435
2021-06-30,25.485,21.439
2021-07-01,25.505,21.462
2021-07-02,25.605,21.657
2021-07-07,25.69,21.714
2021-07-08,25.895,21.874
2021-07-09,25.8,21.757
2021-07-12,25.725,21.706
2021-07-13,25.645,21.656
2021-07-14,25.645,21.711
2021-07-15,25.585,21.664
2021-07-16,25.535,21.633
2021-07-19,25.605,21.759
2021-07-20,25.655,21.789
2021-07-21,25.695,21.828
2021-07-22,25.64,21.774
2021-07-23,25.65,21.795
2021-07-26,25.63,21.745
2021-07-27,25.685,21.749
2021-07-28,25.625,21.702
2021-07-29,25.505,21.482
2021-07-30,25.5,21.445
2021-08-02,25.475,21.433
2021-08-03,25.485,21.441
2021-08-04,25.435,21.43
2021-08-05,25.415,21.452
2021-08-06,25.41,21.52
2021-08-09,25.39,21.59
2021-08-10,25.38,21.652
2021-08-11,25.405,21.679
2021-08-12,25.4,21.636
2021-08-13,25.385,21.579
2021-08-16,25.425,21.599
2021-08-17,25.44,21.622
2021-08-18,25.44,21.7
2021-08-19,25.5,21.8
2021-08-20,25.555,21.896
2021-08-23,25.515,21.772
2021-08-24,25.525,21.741
2021-08-25,25.53,21.742
2021-08-26,25.545,21.708
2021-08-27,25.56,21.732
2021-08-30,25.565,21.665
2021-08-31,25.525,21.569
2021-09-01,25.41,21.492
2021-09-02,25.38,21.425
2021-09-03,25.42,21.412
2021-09-06,25.4,21.408
2021-09-07,25.42,21.434
2021-09-08,25.395,21.471
2021-09-09,25.4,21.457
2021-09-10,25.29,21.358
2021-09-13,25.35,21.52
2021-09-14,25.39,21.492
2021-09-15,25.32,21.412
2021-09-16,25.28,21.493
2021-09-17,25.295,21.474
2021-09-20,25.43,21.713
2021-09-21,25.405,21.643
2021-09-22,25.38,21.638
2021-09-23,25.355,21.641
2021-09-24,25.41,21.683
2021-09-27,25.445,21.755
2021-09-29,25.455,21.844
2021-09-30,25.495,22.02
2021-10-01,25.31,21.819
2021-10-04,25.32,21.76
2021-10-05,25.31,21.817
2021-10-06,25.415,22.025
2021-10-07,25.41,21.975
2021-10-08,25.435,21.989
2021-10-11,25.4,21.945
2021-10-12,25.375,21.961
2021-10-13,25.37,21.944
2021-10-14,25.385,21.882
2021-10-15,25.405,21.896
2021-10-18,25.45,21.934
2021-10-19,25.505,21.883
2021-10-20,25.52,21.955
2021-10-21,25.615,22.012
2021-10-22,25.655,22.059
2021-10-25,25.735,22.178
2021-10-26,25.7,22.127
2021-10-27,25.685,22.106
2021-10-29,25.695,22.065
2021-11-01,25.635,22.141
2021-11-02,25.57,22.037
2021-11-03,25.545,22.064
2021-11-04,25.48,22.022
2021-11-05,25.275,21.936
2021-11-08,25.25,21.808
2021-11-09,25.195,21.761
2021-11-10,25.21,21.815
2021-11-11,25.255,22.038
2021-11-12,25.24,22.048
2021-11-15,25.215,22.033
2021-11-16,25.23,22.189
2021-11-18,25.23,22.238
2021-11-19,25.415,22.549
2021-11-22,25.375,22.501
2021-11-23,25.445,22.6
2021-11-24,25.5,22.758
2021-11-25,25.475,22.701
2021-11-26,25.665,22.733
2021-11-29,25.67,22.762
2021-11-30,25.525,22.465
2021-12-01,25.445,22.488
2021-12-02,25.42,22.418
2021-12-03,25.415,22.509
2021-12-06,25.42,22.521
2021-12-07,25.465,22.624
2021-12-08,25.475,22.544
2021-12-09,25.435,22.49
2021-12-10,25.365,22.5
2021-12-13,25.405,22.526
2021-12-14,25.335,22.404
2021-12-15,25.27,22.438
2021-12-16,25.28,22.296
2021-12-17,25.26,22.299
2021-12-20,25.235,22.379
2021-12-21,25.24,22.348
2021-12-22,25.245,22.34
2021-12-23,25.085,22.178
2021-12-27,25.14,22.225
2021-12-28,24.98,22.05
2021-12-29,24.96,22.079
2021-12-30,24.915,21.986
2021-12-31,24.86,21.951
2022-01-03,24.82,21.86
2022-01-04,24.75,21.944
2022-01-05,24.58,21.739
2022-01-06,24.53,21.679
2022-01-07,24.44,21.626
2022-01-10,24.36,21.525
2022-01-11,24.415,21.538
2022-01-12,24.42,21.47
2022-01-13,24.46,21.34
2022-01-14,24.495,21.4
2022-01-17,24.47,21.461
2022-01-18,24.425,21.488
2022-01-19,24.31,21.427
2022-01-20,24.26,21.399
2022-01-21,24.345,21.452
2022-01-24,24.525,21.694
2022-01-25,24.495,21.737
2022-01-26,24.52,21.744
2022-01-27,24.43,21.891
2022-01-28,24.435,21.94
2022-01-31,24.365,21.84
2022-02-01,24.335,21.615
2022-02-02,24.3,21.449
2022-02-03,24.15,21.402
2022-02-04,24.36,21.251
2022-02-07,24.24,21.18
2022-02-08,24.26,21.268
2022-02-09,24.29,21.246
2022-02-10,24.35,21.286
2022-02-11,24.405,21.378
2022-02-14,24.535,21.676
2022-02-15,24.42,21.527
2022-02-16,24.365,21.425
2022-02-17,24.38,21.444
2022-02-18,24.34,21.435
2022-02-21,24.35,21.478
2022-02-22,24.5,21.596
2022-02-23,24.475,21.574
2022-02-24,25.065,22.452
2022-02-25,24.66,21.986
2022-02-28,24.995,22.325
2022-03-01,25.465,22.824
2022-03-02,25.865,23.297
2022-03-03,25.645,23.154
2022-03-04,25.735,23.549
2022-03-07,25.585,23.485
2022-03-08,25.64,23.541
2022-03-09,25.365,23.074
2022-03-10,25.315,22.841
2022-03-11,25.21,22.935
2022-03-14,24.89,22.712
2022-03-15,24.865,22.623
2022-03-16,24.685,22.465
2022-03-17,24.775,22.423
2022-03-18,24.84,22.567
2022-03-21,24.685,22.366
2022-03-22,24.68,22.389
2022-03-23,24.605,22.397
2022-03-24,24.72,22.52
2022-03-25,24.645,22.4
2022-03-28,24.65,22.485
2022-03-29,24.475,22.081
2022-03-30,24.46,21.987
2022-03-31,24.385,21.963
2022-04-01,24.375,22.055
2022-04-04,24.32,22.099
2022-04-05,24.34,22.191
2022-04-06,24.44,22.375
2022-04-07,24.515,22.457
2022-04-08,24.485,22.546
2022-04-11,24.43,22.417
2022-04-12,24.45,22.515
2022-04-13,24.45,22.585
2022-04-14,24.42,22.451
2022-04-19,24.425,22.613
2022-04-20,24.415,22.546
2022-04-21,24.38,22.394
2022-04-22,24.32,22.485
2022-04-25,24.42,22.725
2022-04-26,24.425,22.884
2022-04-27,24.55,23.194
2022-04-28,24.53,23.393
2022-04-29,24.605,23.344
2022-05-02,24.67,23.443
2022-05-03,24.66,23.357
2022-05-04,24.64,23.402
2022-05-05,24.605,23.287
2022-05-06,24.665,23.336
2022-05-09,25.05,23.726
2022-05-10,25.01,23.697
2022-05-11,25.365,24.034
2022-05-12,24.925,23.953
2022-05-13,24.74,23.825
2022-05-16,24.71,23.709
2022-05-17,24.71,23.453
2022-05-18,24.645,23.422
2022-05-19,24.695,23.468
2022-05-20,24.66,23.32
2022-05-23,24.595,23.074
2022-05-24,24.66,23.004
2022-05-25,24.65,23.135
2022-05-26,24.67,23.067
2022-05-27,24.7,23.043
2022-05-30,24.71,22.958
2022-05-31,24.71,23.07
2022-06-01,24.745,23.102
2022-06-02,24.7,23.095
2022-06-03,24.705,23.029
2022-06-06,24.715,23.043
2022-06-07,24.74,23.202
2022-06-08,24.635,22.944
2022-06-09,24.69,22.985
2022-06-10,24.705,23.355
2022-06-13,24.725,23.649
2022-06-14,24.75,23.689
2022-06-15,24.7,23.689
2022-06-16,24.74,23.791
2022-06-17,24.746,23.599
2022-06-20,24.725,23.505
2022-06-21,24.685,23.396
2022-06-22,24.71,23.484
2022-06-23,24.75,23.589
2022-06-24,24.73,23.501
2022-06-27,24.725,23.392
2022-06-28,24.725,23.416
2022-06-29,24.74,23.522
2022-06-30,24.74,23.821
2022-07-01,24.755,23.747
2022-07-04,24.745,23.668
2022-07-07,24.78,24.344
2022-07-08,24.625,24.224
2022-07-11,24.59,24.351
2022-07-12,24.58,24.476
2022-07-13,24.4,24.244
2022-07-14,24.415,24.399
2022-07-15,24.565,24.414
2022-07-18,24.51,24.193
2022-07-19,24.555,23.97
2022-07-20,24.49,24.012
2022-07-21,24.5,23.963
2022-07-22,24.52,24.065
2022-07-25,24.535,23.962
2022-07-26,24.605,24.313
2022-07-27,24.575,24.212
2022-07-28,24.605,24.296
2022-07-29,24.61,24.135
2022-08-01,24.63,24.072
2022-08-02,24.645,24.112
2022-08-03,24.65,24.192
2022-08-04,24.66,24.226
2022-08-05,24.58,24.025
2022-08-08,24.515,24.039
2022-08-09,24.53,23.969
2022-08-10,24.395,23.798
2022-08-11,24.345,23.548
2022-08-12,24.38,23.706
2022-08-15,24.46,23.992
2022-08-16,24.54,24.224
2022-08-17,24.565,24.167
2022-08-18,24.61,24.18
2022-08-19,24.625,24.495
2022-08-22,24.65,24.649
2022-08-23,24.655,24.831
2022-08-24,24.635,24.786
2022-08-25,24.65,24.725
2022-08-26,24.635,24.615
2022-08-29,24.595,24.626
2022-08-30,24.58,24.498
2022-08-31,24.545,24.528
2022-09-01,24.49,24.48
2022-09-02,24.485,24.512
2022-09-05,24.625,24.831
2022-09-06,24.55,24.731
2022-09-07,24.63,24.917
2022-09-08,24.545,24.52
2022-09-09,24.54,24.42
2022-09-12,24.55,24.18
2022-09-13,24.55,24.125
2022-09-14,24.525,24.542
2022-09-15,24.52,24.542
2022-09-16,24.495,24.606
2022-09-19,24.495,24.52
2022-09-20,24.555,24.594
2022-09-21,24.635,24.87
2022-09-22,24.655,24.944
2022-09-23,24.66,25.274
2022-09-26,24.635,25.534
2022-09-27,24.66,25.565
2022-09-29,24.69,25.44
2022-09-30,24.55,25.181
2022-10-03,24.53,25.12
2022-10-04,24.545,24.818
2022-10-05,24.525,24.754
2022-10-06,24.48,24.828
2022-10-07,24.515,25.028
2022-10-10,24.52,25.287
2022-10-11,24.535,25.235
2022-10-12,24.56,25.303
2022-10-13,24.57,25.231
2022-10-14,24.585,25.298
2022-10-17,24.565,25.226
2022-10-18,24.595,25.013
2022-10-19,24.565,25.123
2022-10-20,24.53,24.977
2022-10-21,24.51,25.206
2022-10-24,24.48,24.853
2022-10-25,24.47,24.817
2022-10-26,24.535,24.469
2022-10-27,24.53,24.444
2022-10-31,24.485,24.697
2022-11-01,24.485,24.615
2022-11-02,24.505,24.735
2022-11-03,24.535,25.162
2022-11-04,24.42,24.737
2022-11-07,24.3,24.317
2022-11-08,24.325,24.335
2022-11-09,24.335,24.253
2022-11-10,24.36,24.475
2022-11-11,24.28,23.555
2022-11-14,24.295,23.544
2022-11-15,24.32,23.379
2022-11-16,24.355,23.394
2022-11-18,24.35,23.493
2022-11-21,24.355,23.77
2022-11-22,24.35,23.703
2022-11-23,24.355,23.591
2022-11-24,24.395,23.427
2022-11-25,24.365,23.487
2022-11-28,24.345,23.279
2022-11-29,24.335,23.477
2022-11-30,24.34,23.434
2022-12-01,24.36,23.304
2022-12-02,24.375,23.139
2022-12-05,24.35,22.998
2022-12-06,24.315,23.12
2022-12-07,24.325,23.105
2022-12-08,24.325,23.127
2022-12-09,24.295,23.007
2022-12-12,24.31,23.016
2022-12-13,24.285,23.03
2022-12-14,24.275,22.798
2022-12-15,24.27,22.853
2022-12-16,24.26,22.846
2022-12-19,24.235,22.861
2022-12-20,24.18,22.816
2022-12-21,24.215,22.766
2022-12-22,24.215,22.772
2022-12-23,24.245,22.825
2022-12-27,24.26,22.831
2022-12-28,24.25,22.796
2022-12-29,24.19,22.718
2022-12-30,24.115,22.616
2023-01-02,24.175,22.63
2023-01-03,24.125,22.878
2023-01-04,24.025,22.672
2023-01-05,24.03,22.676
2023-01-06,24.055,22.911
2023-01-09,23.99,22.43
2023-01-10,23.985,22.368
2023-01-11,24.025,22.357
2023-01-12,24.035,22.312
2023-01-13,24.015,22.206
2023-01-16,23.995,22.191
2023-01-17,23.965,22.1
2023-01-18,23.955,22.103
2023-01-19,23.925,22.12
2023-01-20,23.92,22.097
2023-01-23,23.88,21.971
2023-01-24,23.875,21.987
2023-01-25,23.81,21.888
2023-01-26,23.82,21.866
2023-01-27,23.825,21.929
2023-01-30,23.86,21.88
2023-01-31,23.79,21.961
2023-02-01,23.77,21.797
2023-02-02,23.81,21.657
2023-02-03,23.725,21.694
2023-02-06,23.84,22.126
2023-02-07,23.83,22.271
2023-02-08,23.78,22.152
2023-02-09,23.695,21.997
2023-02-10,23.69,22.161
2023-02-13,23.74,22.216
2023-02-14,23.75,22.079
2023-02-15,23.665,22.117
2023-02-16,23.685,22.136
2023-02-17,23.715,22.318
2023-02-20,23.695,22.197
2023-02-21,23.73,22.252
2023-02-22,23.67,22.238
2023-02-23,23.685,22.309
2023-02-24,23.64,22.369
2023-02-27,23.62,22.38
2023-02-28,23.495,22.123
2023-03-01,23.425,21.92
2023-03-02,23.485,22.145
2023-03-03,23.51,22.148
2023-03-06,23.545,22.112
2023-03-07,23.495,22.031
2023-03-08,23.585,22.379
2023-03-09,23.62,22.378
2023-03-10,23.635,22.325
2023-03-13,23.745,22.179
2023-03-14,23.79,22.155
2023-03-15,23.94,22.696
2023-03-16,24.015,22.66
2023-03-17,23.95,22.545
2023-03-20,23.985,22.38
2023-03-21,23.845,22.125
2023-03-22,23.72,21.998
2023-03-23,23.66,21.748
2023-03-24,23.68,22.037
2023-03-27,23.735,22.03
2023-03-28,23.665,21.827
2023-03-29,23.63,21.785
2023-03-30,23.55,21.633
2023-03-31,23.49,21.598
2023-04-03,23.44,21.571
2023-04-04,23.42,21.478
2023-04-05,23.425,21.395
2023-04-06,23.41,21.45
2023-04-11,23.48,21.518
2023-04-12,23.42,21.439
2023-04-13,23.275,21.128
2023-04-14,23.345,21.11
2023-04-17,23.355,21.27
2023-04-18,23.375,21.312
2023-04-19,23.47,21.463
2023-04-20,23.5,21.479
2023-04-21,23.55,21.448
2023-04-24,23.445,21.312
2023-04-25,23.47,21.294
2023-04-26,23.495,21.287
2023-04-27,23.505,21.287
2023-04-28,23.505,21.411
2023-05-02,23.595,21.522
2023-05-03,23.56,21.36
2023-05-04,23.46,21.171
2023-05-05,23.4,21.248
2023-05-09,23.365,21.311
2023-05-10,23.415,21.384
2023-05-11,23.5,21.491
2023-05-12,23.605,21.678
2023-05-15,23.565,21.671
2023-05-16,23.675,21.758
2023-05-17,23.635,21.826
2023-05-18,23.68,21.889
2023-05-19,23.755,21.979
2023-05-22,23.675,21.877
2023-05-23,23.675,21.962
2023-05-24,23.67,21.948
2023-05-25,23.645,22.024
2023-05-26,23.645,21.991
2023-05-29,23.695,22.117
2023-05-30,23.715,22.076
2023-05-31,23.745,22.219
2023-06-01,23.685,22.154
2023-06-02,23.655,21.982
2023-06-05,23.57,22.049
2023-06-06,23.52,22.027
2023-06-07,23.64,22.06
2023-06-08,23.625,22.005
2023-06-09,23.665,21.955
2023-06-12,23.76,22.066
2023-06-13,23.81,22.059
2023-06-14,23.795,22.004
2023-06-15,23.765,21.93
2023-06-16,23.82,21.723
2023-06-19,23.785,21.771
2023-06-20,23.745,21.715
2023-06-21,23.76,21.758
2023-06-22,23.675,21.546
2023-06-23,23.66,21.734
2023-06-26,23.655,21.668
2023-06-27,23.605,21.55
2023-06-28,23.69,21.668
2023-06-29,23.695,21.669
2023-06-30,23.73,21.831
2023-07-03,23.71,21.758
2023-07-04,23.695,21.74
2023-07-07,23.945,21.997
2023-07-10,23.84,21.764
2023-07-11,23.85,21.703
2023-07-12,23.825,21.611
2023-07-13,23.75,21.243
2023-07-14,23.775,21.192
2023-07-17,23.76,21.154
2023-07-18,23.82,21.178
2023-07-19,23.925,21.324
2023-07-20,23.96,21.399
2023-07-21,24.05,21.618
2023-07-24,24.16,21.781
2023-07-25,24.045,21.754
2023-07-26,24.05,21.747
2023-07-27,24.055,21.622
2023-07-28,24.02,21.815
2023-07-31,23.91,21.695
2023-08-01,23.95,21.849
2023-08-02,23.92,21.809
2023-08-03,24.025,21.969
2023-08-04,24.28,22.18
2023-08-07,24.245,22.074
2023-08-08,24.245,22.154
2023-08-09,24.3,22.159
2023-08-10,24.24,21.99
2023-08-11,24.095,21.907
2023-08-14,24.045,21.995
2023-08-15,24.14,22.094
2023-08-16,24.07,22.06
2023-08-17,24.075,22.089
2023-08-18,24.035,22.121
2023-08-21,24.025,22.032
2023-08-22,24.005,22.045
2023-08-23,24.135,22.327
2023-08-24,24.13,22.264
2023-08-25,24.13,22.323
2023-08-28,24.14,22.338
2023-08-29,24.16,22.367
2023-08-30,24.105,22.123
2023-08-31,24.075,22.13
2023-09-01,24.135,22.254
2023-09-04,24.105,22.319
2023-09-05,24.165,22.51
2023-09-06,24.215,22.548
2023-09-07,24.37,22.763
2023-09-08,24.465,22.856
2023-09-11,24.53,22.871
2023-09-12,24.59,22.951
2023-09-13,24.5,22.829
2023-09-14,24.475,22.831
2023-09-15,24.505,22.996
2023-09-18,24.41,22.892
2023-09-19,24.43,22.8
2023-09-20,24.395,22.803
2023-09-21,24.445,22.985
2023-09-22,24.385,22.897
2023-09-25,24.38,22.933
2023-09-26,24.425,23.032
2023-09-27,24.465,23.214
2023-09-29,24.34,22.967
2023-10-02,24.46,23.227
2023-10-03,24.495,23.384
2023-10-04,24.43,23.229
2023-10-05,24.42,23.204
2023-10-06,24.44,23.146
2023-10-09,24.475,23.248
2023-10-10,24.565,23.212
2023-10-11,24.55,23.149
2023-10-12,24.56,23.128
2023-10-13,24.67,23.443
2023-10-16,24.66,23.414
2023-10-17,24.605,23.28
2023-10-18,24.68,23.354
2023-10-19,24.665,23.353
2023-10-20,24.705,23.337
2023-10-23,24.645,23.25
2023-10-24,24.66,23.196
2023-10-25,24.69,23.345
2023-10-26,24.715,23.448
2023-10-27,24.67,23.408
2023-10-30,24.565,23.178
2023-10-31,24.56,23.135
2023-11-01,24.685,23.443
2023-11-02,24.625,23.096
2023-11-03,24.415,22.809
2023-11-06,24.46,22.781
2023-11-07,24.635,23.062
2023-11-08,24.67,23.125
2023-11-09,24.555,22.968
2023-11-10,24.53,22.957
2023-11-13,24.59,23.05
2023-11-14,24.55,22.899
2023-11-15,24.505,22.542
2023-11-16,24.45,22.547
2023-11-20,24.545,22.46
2023-11-21,24.51,22.373
2023-11-22,24.485,22.449
2023-11-23,24.365,22.353
2023-11-24,24.41,22.366
2023-11-27,24.36,22.244
2023-11-28,24.37,22.26
2023-11-29,24.26,22.089
2023-11-30,24.29,22.213
2023-12-01,24.35,22.389
2023-12-04,24.39,22.442
2023-12-05,24.37,22.523
2023-12-06,24.36,22.587
2023-12-07,24.355,22.616
2023-12-08,24.355,22.601
2023-12-11,24.375,22.663
2023-12-12,24.425,22.597
2023-12-13,24.48,22.698
2023-12-14,24.41,22.378
2023-12-15,24.48,22.364
2023-12-18,24.55,22.49
2023-12-19,24.535,22.393
2023-12-20,24.54,22.417
2023-12-21,24.49,22.3
2023-12-22,24.59,22.308
2023-12-27,24.68,22.299
2023-12-28,24.715,22.239
2023-12-29,24.725,22.376
2024-01-02,24.685,22.526
2024-01-03,24.675,22.6
2024-01-04,24.65,22.513
2024-01-05,24.6,22.523
2024-01-08,24.48,22.366
2024-01-09,24.6,22.472
2024-01-10,24.56,22.427
2024-01-11,24.655,22.44
2024-01-12,24.685,22.554
2024-01-15,24.715,22.579
2024-01-16,24.71,22.72
2024-01-17,24.755,22.76
2024-01-18,24.745,22.758
2024-01-19,24.81,22.793
2024-01-22,24.765,22.749
2024-01-23,24.835,22.849
2024-01-24,24.785,22.726
2024-01-25,24.76,22.73
2024-01-26,24.74,22.752
2024-01-29,24.815,22.934
2024-01-30,24.835,22.907
2024-01-31,24.885,22.935
2024-02-01,24.895,23.019
2024-02-02,24.875,22.853
2024-02-05,25.005,23.269
2024-02-06,24.925,23.208
2024-02-07,24.98,23.181
2024-02-08,24.955,23.195
2024-02-09,25.175,23.373
2024-02-12,25.215,23.407
2024-02-13,25.28,23.42
2024-02-14,25.35,23.663
2024-02-15,25.415,23.651
2024-02-16,25.455,23.646
2024-02-19,25.46,23.627
2024-02-20,25.425,23.531
2024-02-21,25.38,23.48
2024-02-22,25.32,23.354
2024-02-23,25.35,23.394
2024-02-26,25.365,23.376
2024-02-27,25.335,23.337
2024-02-28,25.35,23.442
2024-02-29,25.36,23.427
2024-03-01,25.33,23.428
2024-03-04,25.355,23.377
2024-03-05,25.355,23.371
2024-03-06,25.36,23.32
2024-03-07,25.36,23.279
2024-03-08,25.305,23.139
2024-03-11,25.325,23.177
2024-03-12,25.27,23.152
2024-03-13,25.27,23.099
2024-03-14,25.18,23.042
2024-03-15,25.155,23.093
2024-03-18,25.2,23.143
2024-03-19,25.265,23.279
2024-03-20,25.285,23.315
2024-03-21,25.25,23.155
2024-03-22,25.37,23.441
2024-03-25,25.265,23.315
2024-03-26,25.275,23.278
2024-03-27,25.32,23.408
2024-03-28,25.305,23.413
2024-04-02,25.36,23.595
2024-04-03,25.355,23.514
2024-04-04,25.31,23.322
2024-04-05,25.29,23.324
2024-04-08,25.355,23.423
2024-04-09,25.38,23.353
2024-04-10,25.365,23.354
2024-04-11,25.395,23.666
2024-04-12,25.33,23.782
2024-04-15,25.325,23.768
2024-04-16,25.235,23.713
2024-04-17,25.23,23.714
2024-04-18,25.265,23.663
2024-04-19,25.265,23.707
2024-04-22,25.275,23.761
2024-04-23,25.265,23.672
2024-04-24,25.235,23.616
2024-04-25,25.155,23.47
2024-04-26,25.165,23.481
2024-04-29,25.175,23.482
2024-04-30,25.145,23.453
2024-05-02,25.09,23.448
2024-05-03,25.025,23.283
2024-05-06,24.995,23.189
2024-05-07,25.005,23.223
2024-05-09,24.94,23.239
2024-05-10,24.935,23.131
2024-05-13,24.775,22.948
2024-05-14,24.755,22.926
2024-05-15,24.76,22.861
2024-05-16,24.715,22.745
2024-05-17,24.71,22.791
2024-05-20,24.745,22.792
2024-05-21,24.68,22.717
2024-05-22,24.75,22.855
2024-05-23,24.735,22.795
2024-05-24,24.73,22.807
2024-05-27,24.735,22.799
2024-05-28,24.645,22.65
2024-05-29,24.725,22.775
2024-05-30,24.77,22.905
2024-05-31,24.705,22.765
2024-06-03,24.72,22.798
2024-06-04,24.765,22.789
2024-06-05,24.665,22.68
2024-06-06,24.635,22.67
2024-06-07,24.575,22.559
2024-06-10,24.635,22.901
2024-06-11,24.705,23.022
2024-06-12,24.695,22.94
2024-06-13,24.7,22.902
2024-06-14,24.74,23.154
2024-06-17,24.7,23.056
2024-06-18,24.765,23.115
2024-06-19,24.885,23.151
2024-06-20,24.895,23.224
2024-06-21,24.945,23.341
2024-06-24,24.885,23.196
2024-06-25,24.82,23.164
2024-06-26,24.895,23.296
2024-06-27,24.925,23.299
2024-06-28,25.03,23.386
2024-07-01,25.05,23.315
2024-07-02,25.195,23.481
2024-07-03,25.195,23.425
2024-07-04,25.145,23.282
2024-07-08,25.16,23.215
2024-07-09,25.24,23.338
2024-07-10,25.375,23.443
2024-07-11,25.36,23.365
2024-07-12,25.34,23.267
2024-07-15,25.425,23.314
2024-07-16,25.36,23.264
2024-07-17,25.29,23.125
2024-07-18,25.28,23.131
2024-07-19,25.255,23.195
2024-07-22,25.235,23.185
2024-07-23,25.375,23.366
2024-07-24,25.44,23.453
2024-07-25,25.375,23.385
2024-07-26,25.375,23.368
2024-07-29,25.37,23.454
2024-07-30,25.415,23.487
2024-07-31,25.46,23.509
2024-08-01,25.455,23.595
2024-08-02,25.26,23.317
2024-08-05,25.295,23.051
2024-08-06,25.305,23.187
2024-08-07,25.27,23.142
2024-08-08,25.27,23.117
2024-08-09,25.235,23.12
2024-08-12,25.19,23.06
2024-08-13,25.2,23.055
2024-08-14,25.2,22.873
2024-08-15,25.2,22.885
2024-08-16,25.235,22.961
2024-08-19,25.175,22.8
2024-08-20,25.16,22.701
2024-08-21,25.11,22.581
2024-08-22,25.1,22.543
2024-08-23,25.075,22.544
2024-08-26,25.03,22.421
2024-08-27,25.035,22.434
2024-08-28,25.055,22.541
2024-08-29,25.045,22.579
2024-08-30,25.03,22.577
2024-09-02,25.045,22.646
2024-09-03,25.07,22.711
2024-09-04,25.085,22.708
2024-09-05,25.02,22.536
2024-09-06,25.03,22.542
2024-09-09,25.05,22.682
2024-09-10,25.055,22.706
2024-09-11,25.09,22.724
2024-09-12,25.115,22.796
2024-09-13,25.145,22.682
2024-09-16,25.135,22.59
2024-09-17,25.115,22.55
2024-09-18,25.07,22.537
2024-09-19,25.085,22.483
2024-09-20,25.08,22.459
2024-09-23,25.115,22.597
2024-09-24,25.15,22.585
2024-09-25,25.125,22.44
2024-09-26,25.165,22.55
2024-09-27,25.155,22.547
2024-09-30,25.18,22.495
2024-10-01,25.275,22.81
2024-10-02,25.31,22.867
2024-10-03,25.35,22.968
2024-10-04,25.345,22.982
2024-10-07,25.345,23.082
2024-10-08,25.315,23.052
2024-10-09,25.35,23.135
2024-10-10,25.32,23.16
2024-10-11,25.295,23.123
2024-10-14,25.26,23.146
2024-10-15,25.24,23.146
2024-10-16,25.295,23.212
2024-10-17,25.25,23.244
2024-10-18,25.23,23.255
2024-10-21,25.27,23.279
2024-10-22,25.235,23.324
2024-10-23,25.24,23.446
2024-10-24,25.215,23.345
2024-10-25,25.25,23.331
2024-10-29,25.375,23.551
2024-10-30,25.375,23.466
2024-10-31,25.325,23.278
2024-11-01,25.325,23.28
2024-11-04,25.285,23.179
2024-11-05,25.34,23.254
2024-11-06,25.335,23.668
2024-11-07,25.26,23.406
2024-11-08,25.21,23.417
2024-11-11,25.34,23.792
2024-11-12,25.395,23.912
2024-11-13,25.3,23.808
2024-11-14,25.31,24.019
2024-11-15,25.29,23.891
2024-11-18,25.29,23.97
2024-11-19,25.295,23.912
2024-11-20,25.29,23.949
2024-11-21,25.33,24.057
2024-11-22,25.355,24.337
2024-11-25,25.295,24.093
2024-11-26,25.3,24.043
2024-11-27,25.27,23.996
2024-11-28,25.265,23.96
2024-11-29,25.265,23.922
2024-12-02,25.27,24.048
2024-12-03,25.225,23.991
2024-12-04,25.2,24.009
2024-12-05,25.15,23.851
2024-12-06,25.11,23.724
2024-12-09,25.095,23.756
2024-12-10,25.1,23.856
2024-12-11,25.115,23.9
2024-12-12,25.065,23.906
2024-12-13,25.02,23.788
2024-12-16,25.04,23.851
2024-12-17,25.06,23.872
2024-12-18,25.125,23.943
2024-12-19,25.12,24.15
2024-12-20,25.12,24.168
2024-12-23,25.165,24.218
2024-12-27,25.205,24.157
2024-12-30,25.23,24.168
2024-12-31,25.185,24.237
2025-01-02,25.175,24.398
2025-01-03,25.155,24.427
2025-01-06,25.16,24.137
2025-01-07,25.135,24.176
2025-01-08,25.135,24.429
2025-01-09,25.115,24.368
2025-01-10,25.09,24.343
2025-01-13,25.23,24.735
2025-01-14,25.295,24.672
2025-01-15,25.215,24.487
2025-01-16,25.23,24.558
2025-01-17,25.27,24.542
2025-01-20,25.205,24.427
2025-01-21,25.175,24.301
2025-01-22,25.145,24.075
2025-01-23,25.14,24.174
2025-01-24,25.095,23.958
2025-01-27,25.105,23.86
2025-01-28,25.09,24.068
2025-01-29,25.12,24.175
2025-01-30,25.12,24.14
2025-01-31,25.17,24.214
2025-02-03,25.245,24.557
2025-02-04,25.17,24.349
2025-02-05,25.135,24.129
2025-02-06,25.135,24.259
2025-02-07,25.105,24.193
2025-02-10,25.065,24.282
2025-02-11,25.105,24.323
2025-02-12,25.075,24.181
2025-02-13,25.055,24.111
2025-02-14,25.05,23.906
2025-02-17,25.06,23.93
2025-02-18,25.095,24.016
2025-02-19,25.1,24.065
2025-02-20,25.075,24.008
2025-02-21,25.085,23.972
2025-02-24,25.06,23.934
2025-02-25,24.94,23.758
2025-02-26,24.945,23.784
2025-02-27,24.985,23.849
2025-02-28,25.025,24.034
2025-03-03,25.1,23.986
2025-03-04,25.045,23.733
2025-03-05,25.085,23.44
2025-03-06,25.045,23.183
2025-03-07,25.005,23.038
2025-03-10,24.945,22.992
2025-03-11,24.965,22.874
2025-03-12,25.01,22.959
2025-03-13,25.095,23.185
2025-03-14,25.015,22.963
2025-03-17,25.04,22.968
2025-03-18,25.035,22.935
2025-03-19,25.0,22.939
2025-03-20,25.01,23.082
2025-03-21,24.98,23.061
2025-03-24,24.96,23.068
2025-03-25,24.885,22.988
2025-03-26,24.93,23.117
2025-03-27,24.985,23.17
2025-03-28,24.955,23.127
2025-03-31,24.965,23.079
2025-04-01,24.97,23.146
2025-04-02,24.955,23.106
2025-04-03,24.975,22.535
2025-04-04,25.145,22.762
2025-04-07,25.195,23.002
2025-04-08,25.13,22.948
2025-04-09,25.17,22.776
2025-04-10,25.105,22.635
2025-04-11,25.16,22.162
2025-04-14,25.1,22.072
2025-04-15,25.07,22.114
2025-04-16,25.01,22.03
2025-04-17,25.01,22.024
2025-04-22,25.08,21.849
2025-04-23,25.005,21.916
2025-04-24,24.97,21.964
2025-04-25,24.93,21.95
2025-04-28,24.965,21.975
2025-04-29,24.92,21.909
2025-04-30,24.93,21.905
2025-05-02,24.92,21.981
2025-05-05,24.905,21.955
2025-05-06,24.96,22.031
2025-05-07,24.93,21.942
2025-05-09,24.945,22.162
2025-05-12,24.98,22.495
2025-05-13,24.945,22.451
2025-05-14,24.925,22.231
2025-05-15,24.925,22.279
2025-05-16,24.93,22.274
2025-05-19,24.905,22.108
2025-05-20,24.92,22.175
2025-05-21,24.87,21.967
2025-05-22,24.94,22.044
2025-05-23,24.91,22.028
2025-05-26,24.865,21.855
2025-05-27,24.905,21.933
2025-05-28,24.92,22.03
2025-05-29,24.92,22.078
2025-05-30,24.93,21.967
2025-06-02,24.91,21.825
2025-06-03,24.895,21.872
2025-06-04,24.81,21.763
2025-06-05,24.815,21.723
2025-06-06,24.75,21.695
2025-06-09,24.795,21.732
2025-06-10,24.78,21.684
2025-06-11,24.78,21.667
2025-06-12,24.79,21.377
2025-06-13,24.84,21.57
2025-06-16,24.785,21.417
2025-06-17,24.805,21.435
2025-06-18,24.805,21.548
2025-06-19,24.82,21.635
2025-06-20,24.825,21.555
2025-06-23,24.865,21.675
2025-06-24,24.795,21.366
2025-06-25,24.78,21.358
2025-06-26,24.78,21.183
2025-06-27,24.745,21.122
2025-06-30,24.75,21.127
2025-07-01,24.69,20.904
2025-07-02,24.665,20.954
2025-07-03,24.645,20.917
2025-07-04,24.655,20.955
2025-07-07,24.625,20.998
2025-07-08,24.65,21.037
2025-07-09,24.63,21.046
2025-07-10,24.635,21.033
2025-07-11,24.665,21.109
2025-07-14,24.65,21.089
2025-07-15,24.665,21.139
2025-07-16,24.645,21.248
2025-07-17,24.64,21.274
2025-07-18,24.625,21.124
2025-07-21,24.62,21.1
2025-07-22,24.62,21.054
2025-07-23,24.615,20.988
2025-07-24,24.55,20.884
2025-07-25,24.54,20.931
2025-07-28,24.605,21.107
2025-07-29,24.61,21.331
2025-07-30,24.565,21.328
2025-07-31,24.57,21.468
2025-08-01,24.595,21.566
2025-08-04,24.58,21.254
2025-08-05,24.61,21.323
2025-08-06,24.57,21.175
2025-08-07,24.525,21.065
2025-08-08,24.445,20.993
2025-08-11,24.485,21.078
2025-08-12,24.475,21.086
2025-08-13,24.47,20.885
2025-08-14,24.47,20.936
2025-08-15,24.48,20.941
2025-08-18,24.475,20.964
2025-08-19,24.455,20.927
2025-08-20,24.49,21.019
2025-08-21,24.535,21.075
2025-08-22,24.57,21.163
2025-08-25,24.545,20.988
2025-08-26,24.545,21.059
2025-08-27,24.545,21.172
2025-08-28,24.555,21.033
2025-08-29,24.445,20.967
2025-09-01,24.44,20.867
2025-09-02,24.485,21.033
2025-09-03,24.445,20.968
2025-09-04,24.455,20.988
2025-09-05,24.425,20.88
2025-09-08,24.36,20.768
2025-09-09,24.325,20.713
2025-09-10,24.39,20.852
2025-09-11,24.385,20.869
2025-09-12,24.315,20.749
2025-09-15,24.325,20.673
2025-09-16,24.325,20.609
2025-09-17,24.33,20.555
2025-09-18,24.3,20.563
2025-09-19,24.295,20.691
2025-09-22,24.25,20.582
2025-09-23,24.235,20.552
2025-09-24,24.28,20.657
2025-09-25,24.29,20.701
2025-09-26,24.33,20.839
2025-09-29,24.3,20.726
2025-09-30,24.34,20.727
2025-10-01,24.295,20.721
2025-10-02,24.24,20.618
2025-10-03,24.27,20.683
2025-10-06,24.305,20.809
2025-10-07,24.32,20.855
2025-10-08,24.37,20.945
2025-10-09,24.32,20.948
2025-10-10,24.3,20.999
2025-10-13,24.355,21.046
2025-10-14,24.32,21.039
2025-10-15,24.28,20.89
2025-10-16,24.29,20.847
2025-10-17,24.315,20.819
2025-10-20,24.295,20.839
2025-10-21,24.315,20.948
2025-10-22,24.315,20.978
2025-10-23,24.305,20.968
2025-10-24,24.34,20.959
2025-10-27,24.325,20.897
2025-10-29,24.335,20.908
2025-10-30,24.38,21.095
2025-10-31,24.335,21.062
2025-11-03,24.34,21.142
2025-11-04,24.375,21.211
2025-11-05,24.375,21.216
2025-11-06,24.34,21.106
2025-11-07,24.335,21.045
2025-11-10,24.28,20.983
2025-11-11,24.285,20.977
2025-11-12,24.23,20.935
2025-11-13,24.19,20.817
2025-11-14,24.21,20.786
2025-11-18,24.185,20.867
2025-11-19,24.15,20.844
2025-11-20,24.175,21.001
2025-11-21,24.24,21.048
2025-11-24,24.17,20.935
2025-11-25,24.135,20.897
2025-11-26,24.17,20.874
2025-11-27,24.18,20.865
2025-11-28,24.17,20.895
2025-12-01,24.19,20.774
2025-12-02,24.16,20.796
2025-12-03,24.12,20.66
2025-12-04,24.155,20.708
2025-12-05,24.21,20.786
2025-12-08,24.27,20.823
2025-12-09,24.285,20.873
2025-12-10,24.25,20.844
2025-12-11,24.22,20.674
2025-12-12,24.24,20.664
2025-12-15,24.3,20.67
2025-12-16,24.315,20.652
2025-12-17,24.355,20.777
2025-12-18,24.395,20.804
2025-12-19,24.325,20.776
2025-12-22,24.32,20.699
2025-12-23,24.32,20.631
2025-12-29,24.28,20.633
2025-12-30,24.25,20.623
2025-12-31,24.245,20.632
2026-01-02,24.17,20.611
2026-01-05,24.195,20.742
2026-01-06,24.195,20.67
2026-01-07,24.28,20.774
2026-01-08,24.265,20.785
2026-01-09,24.34,20.903
2026-01-12,24.285,20.77
2026-01-13,24.25,20.807
2026-01-14,24.27,20.83
2026-01-15,24.275,20.884
2026-01-16,24.285,20.908
2026-01-19,24.29,20.883
2026-01-20,24.335,20.748
2026-01-21,24.36,20.758
2026-01-22,24.305,20.756
2026-01-23,24.265,20.659
2026-01-26,24.25,20.483
2026-01-27,24.27,20.345
2026-01-28,24.295,20.291
2026-01-29,24.34,20.345
2026-01-30,24.33,20.413
2026-02-02,24.3,20.527
2026-02-03,24.32,20.6
2026-02-04,24.36,20.603
2026-02-05,24.315,20.615
2026-02-06,24.24,20.552
2026-02-09,24.22,20.367
2026-02-10,24.26,20.398
2026-02-11,24.245,20.375
2026-02-12,24.245,20.419
2026-02-13,24.26,20.453
2026-02-16,24.26,20.469
2026-02-17,24.275,20.522
2026-02-18,24.25,20.474
2026-02-19,24.25,20.623
2026-02-20,24.24,20.596
2026-02-23,24.22,20.552
2026-02-24,24.225,20.568
2026-02-25,24.22,20.546
2026-02-26,24.245,20.522
2026-02-27,24.245,20.541
2026-03-02,24.275,20.737
2026-03-03,24.38,21.01
2026-03-04,24.36,20.914
2026-03-05,24.39,20.985
2026-03-06,24.405,21.104
2026-03-09,24.4,21.091
2026-03-10,24.38,20.941
2026-03-11,24.375,21.042
2026-03-12,24.415,21.156
2026-03-13,24.435,21.281
2026-03-16,24.435,21.284
2026-03-17,24.435,21.186
2026-03-18,24.46,21.278
2026-03-19,24.51,21.324
2026-03-20,24.505,21.204
2026-03-23,24.445,21.089
2026-03-24,24.475,21.138
2026-03-25,24.445,21.091
2026-03-26,24.475,21.208
2026-03-27,24.545,21.315
2026-03-30,24.555,21.398
2026-03-31,24.515,21.333
2026-04-01,24.52,21.129
2026-04-02,24.54,21.291
2026-04-07,24.535,21.23
2026-04-08,24.38,20.827
2026-04-09,24.405,20.886
2026-04-10,24.365,20.799
2026-04-13,24.38,20.861
2026-04-14,24.35,20.641
2026-04-15,24.36,20.682
2026-04-16,24.35,20.67
2026-04-17,24.315,20.608
2026-04-20,24.29,20.659
2026-04-21,24.305,20.653
2026-04-22,24.345,20.751
2026-04-23,24.355,20.824
2026-04-24,24.37,20.802
2026-04-27,24.355,20.724
2026-04-28,24.37,20.861
2026-04-29,24.38,20.83
2026-04-30,24.36,20.813
2026-05-04,24.395,20.848
2026-05-05,24.38,20.853
2026-05-06,24.34,20.7
2026-05-07,24.305,20.648
2026-05-11,24.335,20.68
2026-05-12,24.32,20.713
2026-05-13,24.35,20.793
2026-05-14,24.3,20.759
2026-05-15,24.335,20.93
2026-05-18,24.325,20.886
2026-05-19,24.295,20.905
2026-05-20,24.32,20.963
2026-05-21,24.29,20.945
2026-05-22,24.28,20.922
2026-05-25,24.26,20.832
2026-05-26,24.26,20.854
2026-05-27,24.28,20.866
2026-05-28,24.295,20.909
2026-05-29,24.285,20.851
2026-06-01,24.29,20.856
2026-06-02,24.24,20.809
2026-06-03,24.19,20.829
2026-06-04,24.22,20.81
2026-06-05,24.165,20.759
2026-06-08,24.24,21.01
2026-06-09,24.17,20.888
2026-06-10,24.195,20.965
2026-06-11,24.195,20.976
2026-06-12,24.17,20.894
2026-06-15,24.15,20.807
2026-06-16,24.15,20.823
2026-06-17,24.15,20.832
2026-06-18,24.175,21.078
2026-06-19,24.225,21.126
2026-06-22,24.195,21.118
2026-06-23,24.205,21.256
2026-06-24,24.24,21.377
2026-06-25,24.26,21.39
2026-06-26,24.265,21.284
2026-06-29,24.26,21.269
2026-06-30,24.26,21.287
2026-07-01,24.25,21.303
2026-07-02,24.22,21.248
2026-07-03,24.195,21.13
2026-07-07,24.23,21.191
2026-07-08,24.25,21.267
2026-07-09,24.255,21.213
2026-07-10,24.25,21.207
2026-07-13,24.265,21.241
2026-07-14,24.285,21.292
2026-07-15,24.23,21.237
2026-07-16,24.195,21.104
2026-07-17,24.205,21.171
2026-07-20,24.195,21.182
2026-07-21,24.17,21.171
2026-07-22,24.16,21.173
2026-07-23,24.185,21.228
2026-07-24,24.15,21.226
2026-07-27,24.16,21.222
