year,region,gender,rank,name
2016,Česko,boy,1,Jakub
2016,Česko,girl,1,Eliška
2016,Česko,boy,2,Jan
2016,Česko,girl,2,Tereza
2016,Česko,boy,3,Tomáš
2016,Česko,girl,3,Anna
2016,Česko,boy,4,Filip
2016,Česko,girl,4,Adéla
2016,Česko,boy,5,Ondřej
2016,Česko,girl,5,Sofie
2016,Česko,boy,6,Matyáš
2016,Česko,girl,6,Natálie
2016,Česko,boy,7,Lukáš
2016,Česko,girl,7,Karolína
2016,Česko,boy,8,Adam
2016,Česko,girl,8,Viktorie
2016,Česko,boy,9,Matěj
2016,Česko,girl,9,Ema
2016,Česko,boy,10-11,Dominik
2016,Česko,girl,10,Marie
2016,Česko,boy,10-11,Vojtěch
2016,Česko,girl,11,Kristýna
2016,Česko,boy,12,Martin
2016,Česko,girl,12,Barbora
2016,Česko,boy,13,David
2016,Česko,girl,13-15,Emma
2016,Česko,boy,14,Daniel
2016,Česko,girl,13-15,Laura
2016,Česko,boy,15,Šimon
2016,Česko,girl,13-15,Veronika
2016,Česko,boy,16,Antonín
2016,Česko,girl,16,Kateřina
2016,Česko,boy,17,Václav
2016,Česko,girl,17,Lucie
2016,Česko,boy,18,Michal
2016,Česko,girl,18-19,Nela
2016,Česko,boy,19-20,Jiří
2016,Česko,girl,18-19,Klára
2016,Česko,boy,19-20,Kryštof
2016,Česko,girl,20,Julie
2016,Česko,boy,21-22,Marek
2016,Česko,girl,21-22,Aneta
2016,Česko,boy,21-22,Petr
2016,Česko,girl,21-22,Amálie
2016,Česko,boy,23,Štěpán
2016,Česko,girl,23,Rozálie
2016,Česko,boy,24,Josef
2016,Česko,girl,24,Nikol
2016,Česko,boy,25,Samuel
2016,Česko,girl,25,Nikola
2016,Česko,boy,26,František
2016,Česko,girl,26,Vanesa
2016,Česko,boy,27,Tobiáš
2016,Česko,girl,27,Anežka
2016,Česko,boy,28-29,Pavel
2016,Česko,girl,28-30,Michaela
2016,Česko,boy,28-29,Tadeáš
2016,Česko,girl,28-30,Zuzana
2016,Česko,boy,30,Patrik
2016,Česko,girl,28-30,Gabriela
2016,Česko,boy,31,Mikuláš
2016,Česko,girl,31,Ella
2016,Česko,boy,32,Sebastian
2016,Česko,girl,32,Magdaléna
2016,Česko,boy,33,Jonáš
2016,Česko,girl,33,Markéta
2016,Česko,boy,34-35,Michael
2016,Česko,girl,34,Sára
2016,Česko,boy,34-35,Miroslav
2016,Česko,girl,35-36,Dominika
2016,Česko,boy,36,Jáchym
2016,Česko,girl,35-36,Elena
2016,Česko,boy,37-38,Oliver
2016,Česko,girl,37,Liliana
2016,Česko,boy,37-38,Richard
2016,Česko,girl,38-39,Linda
2016,Česko,boy,39,Jaroslav
2016,Česko,girl,38-39,Alžběta
2016,Česko,boy,40,Viktor
2016,Česko,girl,40-43,Johana
2016,Česko,boy,41-42,Jindřich
2016,Česko,girl,40-43,Hana
2016,Česko,boy,41-42,Kristián
2016,Česko,girl,40-43,Beáta
2016,Česko,boy,43,Karel
2016,Česko,girl,40-43,Adriana
2016,Česko,boy,44-45,Matouš
2016,Česko,girl,44-46,Štěpánka
2016,Česko,boy,44-45,Vít
2016,Česko,girl,44-46,Sabina
2016,Česko,boy,46,Maxmilián
2016,Česko,girl,44-46,Daniela
2016,Česko,boy,47,Alex
2016,Česko,girl,47-48,Terezie
2016,Česko,boy,48,Denis
2016,Česko,girl,47-48,Jana
2016,Česko,boy,49-50,Max
2016,Česko,girl,49-50,Nina
2016,Česko,boy,49-50,Radek
2016,Česko,girl,49-50,Eva
2016,Česko,boy,51,Eliáš
2016,Česko,girl,51-55,Valerie
2016,Česko,boy,52-55,Vincent
2016,Česko,girl,51-55,Simona
2016,Česko,boy,52-55,Teodor
2016,Česko,girl,51-55,Denisa
2016,Česko,boy,52-55,Nikolas
2016,Česko,girl,51-55,Alice
2016,Česko,boy,52-55,Alexandr
2016,Česko,girl,51-55,Elen
2016,Česko,boy,56,Eduard
2016,Česko,girl,56-57,Monika
2016,Česko,boy,57-58,Milan
2016,Česko,girl,56-57,Vendula
2016,Česko,boy,57-58,Roman
2016,Česko,girl,58,Magdalena
2016,Česko,boy,59-62,Radim
2016,Česko,girl,59-63,Šárka
2016,Česko,boy,59-62,Tobias
2016,Česko,girl,59-63,Agáta
2016,Česko,boy,59-62,Nicolas
2016,Česko,girl,59-63,Andrea
2016,Česko,boy,59-62,Robin
2016,Česko,girl,59-63,Alena
2016,Česko,boy,63,Vladimír
2016,Česko,girl,59-63,Klaudie
2016,Česko,boy,64-68,Vilém
2016,Česko,girl,64-66,Miriam
2016,Česko,boy,64-68,Sebastián
2016,Česko,girl,64-66,Sofia
2016,Česko,boy,64-68,Maxim
2016,Česko,girl,64-66,Ellen
2016,Česko,boy,64-68,Albert
2016,Česko,girl,67-70,Nicol
2016,Česko,boy,64-68,Ladislav
2016,Česko,girl,67-70,Nella
2016,Česko,boy,69-72,Stanislav
2016,Česko,girl,67-70,Josefína
2016,Česko,boy,69-72,Robert
2016,Česko,girl,67-70,Elizabeth
2016,Česko,boy,69-72,Jaromír
2016,Česko,girl,71-75,Vanessa
2016,Česko,boy,69-72,Erik
2016,Česko,girl,71-75,Stella
2016,Česko,boy,73-75,Prokop
2016,Česko,girl,71-75,Mia
2016,Česko,boy,73-75,Vítek
2016,Česko,girl,71-75,Antonie
2016,Česko,boy,73-75,Kevin
2016,Česko,girl,71-75,Emílie
2016,Česko,boy,76-77,Zdeněk
2016,Česko,girl,76-80,Patricie
2016,Česko,boy,76-77,Dan
2016,Česko,girl,76-80,Rozárie
2016,Česko,boy,76-77,Aleš
2016,Česko,girl,76-80,Stela
2016,Česko,boy,79-84,Sebastien
2016,Česko,girl,76-80,Helena
2016,Česko,boy,79-84,Oskar
2016,Česko,girl,76-80,Bára
2016,Česko,boy,79-84,Adrian
2016,Česko,girl,81-86,Šarlota
2016,Česko,boy,79-84,Hugo
2016,Česko,girl,81-86,Valentýna
2016,Česko,boy,79-84,Damián
2016,Česko,girl,81-86,Izabela
2016,Česko,boy,79-84,Gabriel
2016,Česko,girl,81-86,Lenka
2016,Česko,boy,85-87,Matteo
2016,Česko,girl,81-86,Ester
2016,Česko,boy,85-87,Hynek
2016,Česko,girl,81-86,Alexandra
2016,Česko,boy,85-87,Kristian
2016,Česko,girl,87-95,Martina
2016,Česko,boy,88-91,Lucas
2016,Česko,girl,87-95,Victoria
2016,Česko,boy,88-91,Rostislav
2016,Česko,girl,87-95,Lilien
2016,Česko,boy,88-91,Alois
2016,Česko,girl,87-95,Valérie
2016,Česko,boy,88-91,Christian
2016,Česko,girl,87-95,Mariana
2016,Česko,boy,92-101,Matyas
2016,Česko,girl,87-95,Jasmína
2016,Česko,boy,92-101,Vítězslav
2016,Česko,girl,87-95,Anastázie
2016,Česko,boy,92-101,Rudolf
2016,Česko,girl,87-95,Leontýna
2016,Česko,boy,92-101,Darek
2016,Česko,girl,87-95,Emily
2016,Česko,boy,92-101,Bruno
2016,Česko,girl,96-99,Zoe
2016,Česko,boy,92-101,Benjamin
2016,Česko,girl,96-99,Pavlína
2016,Česko,boy,92-101,Alfréd
2016,Česko,girl,96-99,Žofie
2016,Česko,boy,92-101,Dalibor
2016,Česko,girl,96-99,Evelína
2016,Česko,boy,92-101,Artur
2016,Česko,girl,100-110,Tea
2016,Česko,boy,92-101,Andreas
2016,Česko,girl,100-110,Thea
2016,Česko,boy,102-116,Mateo
2016,Česko,girl,100-110,Petra
2016,Česko,boy,102-116,Miloš
2016,Česko,girl,100-110,Ela
2016,Česko,boy,102-116,Thomas
2016,Česko,girl,100-110,Kamila
2016,Česko,boy,102-116,Maxmilian
2016,Česko,girl,100-110,Justýna
2016,Česko,boy,102-116,Vojta
2016,Česko,girl,100-110,Amélie
2016,Česko,boy,102-116,Marián
2016,Česko,girl,100-110,Kristina
2016,Česko,boy,102-116,Theodor
2016,Česko,girl,100-110,Diana
2016,Česko,boy,102-116,Mario
2016,Česko,girl,100-110,Leona
2016,Česko,boy,102-116,Ivan
2016,Česko,girl,100-110,Lea
2016,Česko,boy,102-116,Damian
2016,Česko,girl,111-114,Viola
2016,Česko,boy,102-116,Jozef
2016,Česko,girl,111-114,Dorota
2016,Česko,boy,102-116,Janek
2016,Česko,girl,111-114,Anita
2016,Česko,boy,102-116,Igor
2016,Česko,girl,111-114,Beata
2016,Česko,boy,102-116,Čeněk
2016,Česko,girl,115-126,Melanie
2016,Česko,boy,102-116,Alexander
2016,Česko,girl,115-126,Soňa
2016,Česko,boy,117-131,Marian
2016,Česko,girl,115-126,Olga
2016,Česko,boy,117-131,Štefan
2016,Česko,girl,115-126,Matylda
2016,Česko,boy,117-131,Mikoláš
2016,Česko,girl,115-126,Melisa
2016,Česko,boy,117-131,Oldřich
2016,Česko,girl,115-126,Lara
2016,Česko,boy,117-131,Maksym
2016,Česko,girl,115-126,Františka
2016,Česko,boy,117-131,René
2016,Česko,girl,115-126,Iveta
2016,Česko,boy,117-131,William
2016,Česko,girl,115-126,Anna Marie
2016,Česko,boy,117-131,Gia Bao
2016,Česko,girl,115-126,Jolana
2016,Česko,boy,117-131,Edward
2016,Česko,girl,115-126,Isabela
2016,Česko,boy,117-131,Hubert
2016,Česko,girl,115-126,Isabella
2016,Česko,boy,117-131,Lubomír
2016,Česko,girl,127-136,Sarah
2016,Česko,boy,117-131,Artem
2016,Česko,girl,127-136,Melissa
2016,Česko,boy,117-131,Benedikt
2016,Česko,girl,127-136,Silvie
2016,Česko,boy,117-131,Luboš
2016,Česko,girl,127-136,Rebeka
2016,Česko,boy,117-131,Emil
2016,Česko,girl,127-136,Tina
2016,Česko,boy,132-164,Markus
2016,Česko,girl,127-136,Rosalie
2016,Česko,boy,132-164,Vendelín
2016,Česko,girl,127-136,Ludmila
2016,Česko,boy,132-164,Otakar
2016,Česko,girl,127-136,Elisabeth
2016,Česko,boy,132-164,Marcel
2016,Česko,girl,127-136,Berenika
2016,Česko,boy,132-164,Vladislav
2016,Česko,girl,127-136,Adina
2016,Česko,boy,132-164,Metoděj
2016,Česko,girl,137-152,Natali
2016,Česko,boy,132-164,Teo
2016,Česko,girl,137-152,Vanda
2016,Česko,boy,132-164,Vlastimil
2016,Česko,girl,137-152,Olívie
2016,Česko,boy,132-164,Ludvík
2016,Česko,girl,137-152,Zora
2016,Česko,boy,132-164,Marcus
2016,Česko,girl,137-152,Nelly
2016,Česko,boy,132-164,Matias
2016,Česko,girl,137-152,Lola
2016,Česko,boy,132-164,Simon
2016,Česko,girl,137-152,Tamara
2016,Česko,boy,132-164,Nataniel
2016,Česko,girl,137-152,Irena
2016,Česko,boy,132-164,Ota
2016,Česko,girl,137-152,Karin
2016,Česko,boy,132-164,Lukáš František
2016,Česko,girl,137-152,Emilie
2016,Česko,boy,132-164,Zbyněk
2016,Česko,girl,137-152,Anděla
2016,Česko,boy,132-164,Jeroným
2016,Česko,girl,137-152,Apolena
2016,Česko,boy,132-164,Daniil
2016,Česko,girl,137-152,Erika
2016,Česko,boy,132-164,Gia Huy
2016,Česko,girl,137-152,Jaroslava
2016,Česko,boy,132-164,Charles
2016,Česko,girl,137-152,Johanka
2016,Česko,boy,132-164,Adrien
2016,Česko,girl,137-152,Jennifer
2016,Česko,boy,132-164,Benjamín
2016,Česko,girl,153-183,Valentina
2016,Česko,boy,132-164,Attila
2016,Česko,girl,153-183,Libuše
2016,Česko,boy,132-164,Bohumil
2016,Česko,girl,153-183,Róza
2016,Česko,boy,132-164,Hoang Anh
2016,Česko,girl,153-183,Nicole
2016,Česko,boy,132-164,Joseph
2016,Česko,girl,153-183,Lily
2016,Česko,boy,132-164,Kvido
2016,Česko,girl,153-183,Marta
2016,Česko,boy,132-164,Duc Anh
2016,Česko,girl,153-183,Natalie
2016,Česko,boy,132-164,Leon
2016,Česko,girl,153-183,Zina
2016,Česko,boy,132-164,Juraj
2016,Česko,girl,153-183,Melánie
2016,Česko,boy,132-164,Arnošt
2016,Česko,girl,153-183,Pavla
2016,Česko,boy,132-164,Boris
2016,Česko,girl,153-183,Sophie
2016,Česko,boy,132-164,Fabián
2016,Česko,girl,153-183,Zdeňka
2016,Česko,boy,165-517,Trong Tiep
2016,Česko,girl,153-183,Taťána
2016,Česko,boy,165-517,Taigo Ryu
2016,Česko,girl,153-183,Zita
2016,Česko,boy,165-517,Vojtěch Alim
2016,Česko,girl,153-183,Magda
2016,Česko,boy,165-517,Nikita
2016,Česko,girl,153-183,Thao Nhi
2016,Česko,boy,165-517,Timmy
2016,Česko,girl,153-183,Lina
2016,Česko,boy,165-517,Maxiam
2016,Česko,girl,153-183,Anabel
2016,Česko,boy,165-517,Mathias
2016,Česko,girl,153-183,Darina
2016,Česko,boy,165-517,Sven
2016,Česko,girl,153-183,Anna Viktorie
2016,Česko,boy,165-517,Nikolas Adrian
2016,Česko,girl,153-183,Amelie
2016,Česko,boy,165-517,Theodor Jan
2016,Česko,girl,153-183,Agnes
2016,Česko,boy,165-517,Noel
2016,Česko,girl,153-183,Ivana
2016,Česko,boy,165-517,Tom
2016,Česko,girl,153-183,Blanka
2016,Česko,boy,165-517,Noem
2016,Česko,girl,153-183,Edita
2016,Česko,boy,165-517,Vasyl
2016,Česko,girl,153-183,Karla
2016,Česko,boy,165-517,Miloslav
2016,Česko,girl,153-183,Anastasia
2016,Česko,boy,165-517,Vladan
2016,Česko,girl,153-183,Katka
2016,Česko,boy,165-517,Marco Samuel
2016,Česko,girl,153-183,Jasmine
2016,Česko,boy,165-517,Zack George
2016,Česko,girl,153-183,Arina
2016,Česko,boy,165-517,Omar
2016,Česko,girl,153-183,Bella
2016,Česko,boy,165-517,Natan
2016,Česko,girl,184-251,Marika
2016,Česko,boy,165-517,Ondráš
2016,Česko,girl,184-251,Olivie
2016,Česko,boy,165-517,Teodorov Aleks
2016,Česko,girl,184-251,Renata
2016,Česko,boy,165-517,Mergen
2016,Česko,girl,184-251,Michala
2016,Česko,boy,165-517,Thomas Karl
2016,Česko,girl,184-251,Noemi
2016,Česko,boy,165-517,Ondřej Jiří
2016,Česko,girl,184-251,Salome
2016,Česko,boy,165-517,Tobias Robin
2016,Česko,girl,184-251,Marie Anna
2016,Česko,boy,165-517,Ondřej Nicolas
2016,Česko,girl,184-251,Samanta
2016,Česko,boy,165-517,Tomáš Josef
2016,Česko,girl,184-251,Věra
2016,Česko,boy,165-517,Ondřej Tadeáš
2016,Česko,girl,184-251,Milana
2016,Česko,boy,165-517,Tyler
2016,Česko,girl,184-251,Viktoria
2016,Česko,boy,165-517,Matteo Samuel
2016,Česko,girl,184-251,Sandra
2016,Česko,boy,165-517,Martin Evžen
2016,Česko,girl,184-251,Vivienne
2016,Česko,boy,165-517,Minh Khnag
2016,Česko,girl,184-251,Tereza Marie
2016,Česko,boy,165-517,Nhat Minh
2016,Česko,girl,184-251,Lili
2016,Česko,boy,165-517,Minh Thanh
2016,Česko,girl,184-251,Lilien Evelyn
2016,Česko,boy,165-517,Nicolae
2016,Česko,girl,184-251,Marcela
2016,Česko,boy,165-517,Oto
2016,Česko,girl,184-251,Meda
2016,Česko,boy,165-517,Ničervan
2016,Česko,girl,184-251,Ngoc Anh
2016,Česko,boy,165-517,Otto
2016,Česko,girl,184-251,Thao Vy
2016,Česko,boy,165-517,Svatopluk
2016,Česko,girl,184-251,Maria
2016,Česko,boy,165-517,Otto František
2016,Česko,girl,184-251,Sára Thea
2016,Česko,boy,165-517,Mark
2016,Česko,girl,184-251,Victorie
2016,Česko,boy,165-517,Patrick
2016,Česko,girl,184-251,Timea
2016,Česko,boy,165-517,Mateo Ivor
2016,Česko,girl,184-251,Nicoll
2016,Česko,boy,165-517,Ludovít
2016,Česko,girl,184-251,Ráchel
2016,Česko,boy,165-517,Nathan
2016,Česko,girl,184-251,Vivien
2016,Česko,boy,165-517,Patrik Alex
2016,Česko,girl,184-251,Rebeca
2016,Česko,boy,165-517,Theo
2016,Česko,girl,184-251,Matilda
2016,Česko,boy,165-517,patrik Tobias
2016,Česko,girl,184-251,Megan
2016,Česko,boy,165-517,Nathaniel
2016,Česko,girl,184-251,Rozárka
2016,Česko,boy,165-517,Marek Ernest
2016,Česko,girl,184-251,Lilli
2016,Česko,boy,165-517,Tim
2016,Česko,girl,184-251,Maya
2016,Česko,boy,165-517,Pavel Hynek
2016,Česko,girl,184-251,Mája
2016,Česko,boy,165-517,Timothy
2016,Česko,girl,184-251,Světlana
2016,Česko,boy,165-517,Pavel Mario
2016,Česko,girl,184-251,Quynh Anh
2016,Česko,boy,165-517,Tobiáš Filip
2016,Česko,girl,184-251,Renáta
2016,Česko,boy,165-517,Pavlo
2016,Česko,girl,184-251,Karolina
2016,Česko,boy,165-517,Tomáš Daniel
2016,Česko,girl,184-251,Anette
2016,Česko,boy,165-517,Pavlos
2016,Česko,girl,184-251,Katrin
2016,Česko,boy,165-517,Trieu Gia Huy
2016,Česko,girl,184-251,Dora
2016,Česko,boy,165-517,Peter
2016,Česko,girl,184-251,Karina
2016,Česko,boy,165-517,Tuan Kiet
2016,Česko,girl,184-251,Jessica
2016,Česko,boy,165-517,Peter Karl
2016,Česko,girl,184-251,Evelin
2016,Česko,boy,165-517,Uy
2016,Česko,girl,184-251,Jindřiška
2016,Česko,boy,165-517,Marek Josef
2016,Česko,girl,184-251,Hedvika
2016,Česko,boy,165-517,Victor Christian
2016,Česko,girl,184-251,Lada
2016,Česko,boy,165-517,Petr Jan
2016,Česko,girl,184-251,Hanna
2016,Česko,boy,165-517,Viktor Daniel
2016,Česko,girl,184-251,Inna
2016,Česko,boy,165-517,Petr Maxmilián
2016,Česko,girl,184-251,Charlotte
2016,Česko,boy,165-517,Viliam  Vincent
2016,Česko,girl,184-251,Charlota
2016,Česko,boy,165-517,Phuc Dang
2016,Česko,girl,184-251,Amália
2016,Česko,boy,165-517,Maxime
2016,Česko,girl,184-251,Charlotta
2016,Česko,boy,165-517,Matthew
2016,Česko,girl,184-251,Jasmin
2016,Česko,boy,165-517,Máximo
2016,Česko,girl,184-251,Gita
2016,Česko,boy,165-517,Přemysl
2016,Česko,girl,184-251,Darja
2016,Česko,boy,165-517,Michal Teodor
2016,Česko,girl,184-251,Elis
2016,Česko,boy,165-517,Quang Minh
2016,Česko,girl,184-251,Beatrice
2016,Česko,boy,165-517,Vojtěch Nino
2016,Česko,girl,184-251,Amirlan
2016,Česko,boy,165-517,Quang Tiep
2016,Česko,girl,184-251,Anika
2016,Česko,boy,165-517,Yassine
2016,Česko,girl,184-251,Evelyn
2016,Česko,boy,165-517,Quido
2016,Česko,girl,184-251,Dieu Anh
2016,Česko,boy,165-517,Surafel Begashaw
2016,Česko,girl,184-251,Bao Anh
2016,Česko,boy,165-517,Quoc Khanh
2016,Česko,girl,184-251,Alex
2016,Česko,boy,165-517,Svatoslav
2016,Česko,girl,184-251,Amanda
2016,Česko,boy,165-517,Luca Giovanni
2016,Česko,girl,184-251,Josefa
2016,Česko,boy,165-517,Svyatoslav
2016,Česko,girl,184-251,Isabelle
2016,Česko,boy,165-517,Matthias
2016,Česko,girl,184-251,Elli
2016,Česko,boy,165-517,Šimon Pavel
2016,Česko,girl,252-619,Trang Kieu Ang
2016,Česko,boy,165-517,Radovan
2016,Česko,girl,252-619,Sylva
2016,Česko,boy,165-517,Mark Sebastian
2016,Česko,girl,252-619,Viviane
2016,Česko,boy,165-517,Rafael Immanuel
2016,Česko,girl,252-619,Nora
2016,Česko,boy,165-517,Tadeáš Valentin
2016,Česko,girl,252-619,Tereza Lisbet
2016,Česko,boy,165-517,Rayan
2016,Česko,girl,252-619,Odette
2016,Česko,boy,165-517,Tat Tien
2016,Česko,girl,252-619,Vendulka
2016,Česko,boy,165-517,Raymond
2016,Česko,girl,252-619,Maryam Naima
2016,Česko,boy,165-517,Lukesh
2016,Česko,girl,252-619,Zoja
2016,Česko,boy,165-517,Reiner
2016,Česko,girl,252-619,Olivia
2016,Česko,boy,165-517,Thanh An
2016,Česko,girl,252-619,Maria Adéla
2016,Česko,boy,165-517,Miron
2016,Česko,girl,252-619,Olívia
2016,Česko,boy,165-517,Michael Timotei
2016,Česko,girl,252-619,Natália
2016,Česko,boy,165-517,Ridley
2016,Česko,girl,252-619,Olivia Gergel
2016,Česko,boy,165-517,Theodor Kristián
2016,Česko,girl,252-619,Lucie Simone
2016,Česko,boy,165-517,Marat
2016,Česko,girl,252-619,Madlen
2016,Česko,boy,165-517,Thomas Arthur
2016,Česko,girl,252-619,Viktória
2016,Česko,boy,165-517,Richard Jaroslav
2016,Česko,girl,252-619,Lolla
2016,Česko,boy,165-517,Thomas Petr
2016,Česko,girl,252-619,Yasina
2016,Česko,boy,165-517,Matti
2016,Česko,girl,252-619,Patricia
2016,Česko,boy,165-517,Timafey
2016,Česko,girl,252-619,Stella Ráchel
2016,Česko,boy,165-517,Mohammad Sadra
2016,Česko,girl,252-619,Matylda Josefína
2016,Česko,boy,165-517,Timofej
2016,Česko,girl,252-619,Miya
2016,Česko,boy,165-517,Mojmír
2016,Česko,girl,252-619,Patricie Penelope
2016,Česko,boy,165-517,Max Samuel
2016,Česko,girl,252-619,Tatiana
2016,Česko,boy,165-517,Roman Karel
2016,Česko,girl,252-619,Maximiliane Rosalia
2016,Česko,boy,165-517,Markus Marcel
2016,Česko,girl,252-619,Thanh Mai
2016,Česko,boy,165-517,Miguel
2016,Česko,girl,252-619,Maxine Gabriela
2016,Česko,boy,165-517,Tobiáš Jiří
2016,Česko,girl,252-619,Thu Trang
2016,Česko,boy,165-517,Roy Anthony
2016,Česko,girl,252-619,Loren
2016,Česko,boy,165-517,Marley Samuel
2016,Česko,girl,252-619,Natálie Anabel
2016,Česko,boy,165-517,Maksim
2016,Česko,girl,252-619,Petra Miroslava
2016,Česko,boy,165-517,Tomáš James
2016,Česko,girl,252-619,Nelli
2016,Česko,boy,165-517,Rui
2016,Česko,girl,252-619,Philippa
2016,Česko,boy,165-517,Tony
2016,Česko,girl,252-619,Ngoc Minh Thu
2016,Česko,boy,165-517,Rui Jun
2016,Česko,girl,252-619,Phuong Anh
2016,Česko,boy,165-517,Trong Minh Phuoc
2016,Česko,girl,252-619,Viola Marie
2016,Česko,boy,165-517,Ryuhi
2016,Česko,girl,252-619,Phuong Trinh
2016,Česko,boy,165-517,Trong Tri
2016,Česko,girl,252-619,Vladimíra
2016,Česko,boy,165-517,Michael Jan
2016,Česko,girl,252-619,Phuong Uyen
2016,Česko,boy,165-517,Tuvia
2016,Česko,girl,252-619,Madalina
2016,Česko,boy,165-517,Samuel Erwin
2016,Česko,girl,252-619,Lorena
2016,Česko,boy,165-517,Tymofij
2016,Česko,girl,252-619,Zuzana Antonieta
2016,Česko,boy,165-517,Samuel Pavel
2016,Česko,girl,252-619,Magdalena Anna
2016,Česko,boy,165-517,Nazar
2016,Česko,girl,252-619,Melania
2016,Česko,boy,165-517,Samuil
2016,Česko,girl,252-619,Mišela
2016,Česko,boy,165-517,Nhat duc
2016,Česko,girl,252-619,Magdalena Martina
2016,Česko,boy,165-517,Santiago
2016,Česko,girl,252-619,Talina
2016,Česko,boy,165-517,Vigo
2016,Česko,girl,252-619,Regina
2016,Česko,boy,165-517,Luong Mai Lam
2016,Česko,girl,252-619,Tara
2016,Česko,boy,165-517,Viktor Dan
2016,Česko,girl,252-619,Regína
2016,Česko,boy,165-517,Matyáš František
2016,Česko,girl,252-619,Temilayo
2016,Česko,boy,165-517,Viktor Eduard
2016,Česko,girl,252-619,Lota
2016,Česko,boy,165-517,Sebastian Orin
2016,Česko,girl,252-619,Tereza Monika
2016,Česko,boy,165-517,Viliam
2016,Česko,girl,252-619,Žofie Antonie
2016,Česko,boy,165-517,Sebastian Stanley
2016,Česko,girl,252-619,Lucie Kora
2016,Česko,boy,165-517,Villiam
2016,Česko,girl,252-619,Žofie Šarlota
2016,Česko,boy,165-517,Zachariáš
2016,Česko,girl,252-619,Thien Huong
2016,Česko,boy,165-517,Martin Leonardo
2016,Česko,girl,252-619,Robin
2016,Česko,boy,165-517,Mikeš
2016,Česko,girl,252-619,Marianna May
2016,Česko,boy,165-517,Michal Lukáš
2016,Česko,girl,252-619,Romana
2016,Česko,boy,165-517,Munkhitgel
2016,Česko,girl,252-619,Tuong Vy
2016,Česko,boy,165-517,Vladimir
2016,Česko,girl,252-619,Ronda
2016,Česko,boy,165-517,Serchio
2016,Česko,girl,252-619,Natálie Anna
2016,Česko,boy,165-517,Vladimír Mladen
2016,Česko,girl,252-619,Rosalia
2016,Česko,boy,165-517,Simir
2016,Česko,girl,252-619,Valerie Anna
2016,Česko,boy,165-517,Matouš Jindra
2016,Česko,girl,252-619,Melánie Eva
2016,Česko,boy,165-517,Mykhailo
2016,Česko,girl,252-619,Vanessa Melanie
2016,Česko,boy,165-517,Luis Rafael
2016,Česko,girl,252-619,Rose
2016,Česko,boy,165-517,Skyler Matyáš
2016,Česko,girl,252-619,Veronica
2016,Česko,boy,165-517,Vojtěch Jan
2016,Česko,girl,252-619,Malua
2016,Česko,boy,165-517,Matyáš Josef
2016,Česko,girl,252-619,Ngoc Nhi
2016,Česko,boy,165-517,Vojtěch Pavel
2016,Česko,girl,252-619,Rozalie
2016,Česko,boy,165-517,Stefan Stefanov
2016,Česko,girl,252-619,Viktorie Anna
2016,Česko,boy,165-517,Yann
2016,Česko,girl,252-619,Melisa Fatima
2016,Česko,boy,165-517,Stefan Vlad
2016,Česko,girl,252-619,Violeta Natálie
2016,Česko,boy,165-517,Yubo
2016,Česko,girl,252-619,Rozálie Liliana
2016,Česko,boy,165-517,Stefano Orlando
2016,Česko,girl,252-619,Vivien Lurdes
2016,Česko,boy,165-517,Nik
2016,Česko,girl,252-619,Rozálie Nina
2016,Česko,boy,165-517,Sultan
2016,Česko,girl,252-619,Vlasta
2016,Česko,boy,165-517,Matyáš Jan
2016,Česko,girl,252-619,Rozálie Tereza
2016,Česko,boy,165-517,Zoltán
2016,Česko,girl,252-619,Nikoletta Anna
2016,Česko,boy,165-517,Sebastyan Costel
2016,Česko,girl,252-619,Malvína
2016,Česko,boy,165-517,Sem Johannes
2016,Česko,girl,252-619,Zlata
2016,Česko,boy,165-517,Jesper
2016,Česko,girl,252-619,Melissa Maria
2016,Česko,boy,165-517,Ivo
2016,Česko,girl,252-619,Zusana
2016,Česko,boy,165-517,Kristian Nikolas
2016,Česko,girl,252-619,Ruixue
2016,Česko,boy,165-517,Damián Zdeněk
2016,Česko,girl,252-619,Maryam
2016,Česko,boy,165-517,Jan Ivo
2016,Česko,girl,252-619,Ruslana
2016,Česko,boy,165-517,Damien
2016,Česko,girl,252-619,Světla
2016,Česko,boy,165-517,Julius
2016,Česko,girl,252-619,Růžena
2016,Česko,boy,165-517,Damien Alex
2016,Česko,girl,252-619,Svyatoslava
2016,Česko,boy,165-517,Leoš
2016,Česko,girl,252-619,Růžena Romana
2016,Česko,boy,165-517,An Huy
2016,Česko,girl,252-619,Miroslava
2016,Česko,boy,165-517,Jakub Jan
2016,Česko,girl,252-619,Meriem
2016,Česko,boy,165-517,Anas
2016,Česko,girl,252-619,Štefánie
2016,Česko,boy,165-517,Alexandr Maxim
2016,Česko,girl,252-619,Manon
2016,Česko,boy,165-517,Daniel Eduardo
2016,Česko,girl,252-619,Talia
2016,Česko,boy,165-517,Bohdan
2016,Česko,girl,252-619,Mia Isabell
2016,Česko,boy,165-517,Adolf
2016,Česko,girl,252-619,Tallinn Ali Abdul Hafidh
2016,Česko,boy,165-517,Khac Tuan Anh
2016,Česko,girl,252-619,Samantha
2016,Česko,boy,165-517,Daniyar
2016,Česko,girl,252-619,Tami
2016,Česko,boy,165-517,Kryštoš Matouš
2016,Česko,girl,252-619,Samira
2016,Česko,boy,165-517,Danny
2016,Česko,girl,252-619,Nadine
2016,Česko,boy,165-517,Bao An
2016,Česko,girl,252-619,Maralaa
2016,Česko,boy,165-517,Andreas Otakar
2016,Česko,girl,252-619,Nadrah
2016,Česko,boy,165-517,Jáchym Čeněk
2016,Česko,girl,252-619,Sandrine
2016,Česko,boy,165-517,Darek Václav
2016,Česko,girl,252-619,Namuun
2016,Česko,boy,165-517,Bastian
2016,Česko,girl,252-619,Lotta
2016,Česko,boy,165-517,Darius
2016,Česko,girl,252-619,Naomi
2016,Česko,boy,165-517,Jan Viliam
2016,Česko,girl,252-619,Sára Elisabeth
2016,Česko,boy,165-517,Darrel
2016,Česko,girl,252-619,Naomi Aneta
2016,Česko,boy,165-517,Jeremiáš
2016,Česko,girl,252-619,Sara Jana
2016,Česko,boy,165-517,Andrej
2016,Česko,girl,252-619,Thanh Thao
2016,Česko,boy,165-517,Alexandros
2016,Česko,girl,252-619,Sára Lilly
2016,Česko,boy,165-517,Demjan
2016,Česko,girl,252-619,Natalia
2016,Česko,boy,165-517,Josef Vincent
2016,Česko,girl,252-619,Michelle
2016,Česko,boy,165-517,Andrej Kristián
2016,Česko,girl,252-619,Thi Ha Vy
2016,Česko,boy,165-517,Bronislav
2016,Česko,girl,252-619,Mila
2016,Česko,boy,165-517,Devid
2016,Česko,girl,252-619,Thu Hien
2016,Česko,boy,165-517,Kiril
2016,Česko,girl,252-619,Sarah Libuse
2016,Česko,boy,165-517,Devon Bayly
2016,Česko,girl,252-619,Marianna
2016,Česko,boy,165-517,Kryšpín
2016,Česko,girl,252-619,Sarah Věra
2016,Česko,boy,165-517,Diego Dionýsos
2016,Česko,girl,252-619,Tran Huyen My
2016,Česko,boy,165-517,Dalimil
2016,Česko,girl,252-619,Scarlet
2016,Česko,boy,165-517,Dieu Anh
2016,Česko,girl,252-619,Tselmeg
2016,Česko,boy,165-517,Loui
2016,Česko,girl,252-619,Sebastian
2016,Česko,boy,165-517,Diviš
2016,Česko,girl,252-619,Uršula
2016,Česko,boy,165-517,Ismael
2016,Česko,girl,252-619,Seline
2016,Česko,boy,165-517,Andrés Lubomír
2016,Česko,girl,252-619,Valentína
2016,Česko,boy,165-517,Jacob Paul
2016,Česko,girl,252-619,Milada
2016,Česko,boy,165-517,Dominik Adam
2016,Česko,girl,252-619,Valéria
2016,Česko,boy,165-517,Jákob
2016,Česko,girl,252-619,Margarita
2016,Česko,boy,165-517,Dominik Bartoloměj
2016,Česko,girl,252-619,Lilly
2016,Česko,boy,165-517,Jakub Michal
2016,Česko,girl,252-619,Sindy
2016,Česko,boy,165-517,Dominik Ferdinand
2016,Česko,girl,252-619,Nella Arin
2016,Česko,boy,165-517,Jan Bivoj
2016,Česko,girl,252-619,Sofi
2016,Česko,boy,165-517,Dominik Junior
2016,Česko,girl,252-619,Nellis Eftalia
2016,Česko,boy,165-517,Jan Matyáš
2016,Česko,girl,252-619,Mína
2016,Česko,boy,165-517,Dominik Marek
2016,Česko,girl,252-619,Marie Róza
2016,Česko,boy,165-517,Bedřich
2016,Česko,girl,252-619,Sofia Anna
2016,Česko,boy,165-517,Dominik Prokop
2016,Česko,girl,252-619,Ngan Hang
2016,Česko,boy,165-517,Jasmin
2016,Česko,girl,252-619,Minh Anh
2016,Česko,boy,165-517,Dorian
2016,Česko,girl,252-619,Mariia
2016,Česko,boy,165-517,Jeroným Iskandar
2016,Česko,girl,252-619,Sofie Anna
2016,Česko,boy,165-517,Angel
2016,Česko,girl,252-619,Victoria Andrea
2016,Česko,boy,165-517,Jimmy Morris
2016,Česko,girl,252-619,Sofie Ella
2016,Česko,boy,165-517,Duc Minh
2016,Česko,girl,252-619,Luisa
2016,Česko,boy,165-517,Joachim Nathan
2016,Česko,girl,252-619,Sofie Emma
2016,Česko,boy,165-517,Duc Tai
2016,Česko,girl,252-619,Marina
2016,Česko,boy,165-517,Josef Jan
2016,Česko,girl,252-619,Sofie Jean
2016,Česko,boy,165-517,Duc Tri
2016,Česko,girl,252-619,Marion
2016,Česko,boy,165-517,Boleslav
2016,Česko,girl,252-619,Sofie Sarah
2016,Česko,boy,165-517,Dustin
2016,Česko,girl,252-619,Violet
2016,Česko,boy,165-517,Justin
2016,Česko,girl,252-619,Minjinsor
2016,Česko,boy,165-517,Dušan
2016,Česko,girl,252-619,Vítězslava
2016,Česko,boy,165-517,Karim
2016,Česko,girl,252-619,Soňa Isabella
2016,Česko,boy,165-517,Duy Kien
2016,Česko,girl,252-619,Luisa Anna
2016,Česko,boy,165-517,Khudayberdy
2016,Česko,girl,252-619,Sonja
2016,Česko,boy,165-517,Edgar
2016,Česko,girl,252-619,Lujza
2016,Česko,boy,165-517,Cyril
2016,Česko,girl,252-619,Sophia
2016,Česko,boy,165-517,Edi Li
2016,Česko,girl,252-619,Vladislava Volodymyrivna
2016,Česko,boy,165-517,Kristian Ryan
2016,Česko,girl,252-619,Sophia Lily
2016,Česko,boy,165-517,Anh Duc
2016,Česko,girl,252-619,Waleria
2016,Česko,boy,165-517,Kryštof Jakub
2016,Česko,girl,252-619,Liza
2016,Česko,boy,165-517,Eduard Petr
2016,Česko,girl,252-619,Yasmine
2016,Česko,boy,165-517,Alvin
2016,Česko,girl,252-619,Sophie Anežka
2016,Česko,boy,165-517,Edvard
2016,Česko,girl,252-619,Zi Lin
2016,Česko,boy,165-517,Leonard Jiří
2016,Česko,girl,252-619,Sophie Bella
2016,Česko,boy,165-517,Anh Dung
2016,Česko,girl,252-619,Nina Anuška
2016,Česko,boy,165-517,Lionel
2016,Česko,girl,252-619,Sophie Diana
2016,Česko,boy,165-517,Anh Quan
2016,Česko,girl,252-619,Nina Justina
2016,Česko,boy,165-517,Amirhan
2016,Česko,girl,252-619,Stacy
2016,Česko,boy,165-517,Eliáš Viktor
2016,Česko,girl,252-619,Nina Mila
2016,Česko,boy,165-517,Ioannis
2016,Česko,girl,252-619,Miriana
2016,Česko,boy,165-517,Elijah
2016,Česko,girl,252-619,Noa
2016,Česko,boy,165-517,Bao Nam
2016,Česko,girl,252-619,Mirka
2016,Česko,boy,165-517,Anton
2016,Česko,girl,252-619,Zuzanna Helena
2016,Česko,boy,165-517,Jacob
2016,Česko,girl,252-619,Stella Anna
2016,Česko,boy,165-517,Enkh-Amar
2016,Česko,girl,252-619,Nomin
2016,Česko,boy,165-517,Báo Nam
2016,Česko,girl,252-619,Stella Lucie
2016,Česko,boy,165-517,Enrico
2016,Česko,girl,252-619,Lia
2016,Česko,boy,165-517,Jáchym František
2016,Česko,girl,252-619,Rihana
2016,Česko,boy,165-517,Alex Petr
2016,Česko,girl,252-619,Juliana
2016,Česko,boy,165-517,Barnabáš
2016,Česko,girl,252-619,Isabel
2016,Česko,boy,165-517,Eymen
2016,Česko,girl,252-619,Danuše
2016,Česko,boy,165-517,Jakub Lukáš
2016,Česko,girl,252-619,Anastasiya
2016,Česko,boy,165-517,Fabian
2016,Česko,girl,252-619,Amálie Perla
2016,Česko,boy,165-517,Jakub Samuel
2016,Česko,girl,252-619,Anastazie
2016,Česko,boy,165-517,Antonín Jaroslav
2016,Česko,girl,252-619,Claudie
2016,Česko,boy,165-517,Ján
2016,Česko,girl,252-619,Dorothée
2016,Česko,boy,165-517,Fedderik
2016,Česko,girl,252-619,Anabela
2016,Česko,boy,165-517,Jan Hanuš
2016,Česko,girl,252-619,Džulětta
2016,Česko,boy,165-517,Felix
2016,Česko,girl,252-619,Izabela Julie
2016,Česko,boy,165-517,Jan Karel
2016,Česko,girl,252-619,Adrienne
2016,Česko,boy,165-517,Felix Tatsuo
2016,Česko,girl,252-619,Johana Edita
2016,Česko,boy,165-517,Jan Michael
2016,Česko,girl,252-619,Anastázie Ester
2016,Česko,boy,165-517,Fernando
2016,Česko,girl,252-619,Cecílie
2016,Česko,boy,165-517,Jan Vítězslav
2016,Česko,girl,252-619,Eleanor
2016,Česko,boy,165-517,Antonio
2016,Česko,girl,252-619,Kiara
2016,Česko,boy,165-517,Ben
2016,Česko,girl,252-619,Eleanor Anna
2016,Česko,boy,165-517,Filipe
2016,Česko,girl,252-619,Laila
2016,Česko,boy,165-517,Jaroslav Martin
2016,Česko,girl,252-619,Adel
2016,Česko,boy,165-517,Finley Harrison
2016,Česko,girl,252-619,Leontýna Mia
2016,Česko,boy,165-517,Jean-Francois
2016,Česko,girl,252-619,Alexandra Mia
2016,Česko,boy,165-517,Finn Christopher
2016,Česko,girl,252-619,Isabelle Anna
2016,Česko,boy,165-517,Alexandr Oliver
2016,Česko,girl,252-619,Elena Beatris
2016,Česko,boy,165-517,Arinze David
2016,Česko,girl,252-619,Bang Di
2016,Česko,boy,165-517,Jeroným Matěj
2016,Česko,girl,252-619,Eleonora
2016,Česko,boy,165-517,František Petr
2016,Česko,girl,252-619,Amalija
2016,Česko,boy,165-517,Jiaxiang
2016,Česko,girl,252-619,Elina
2016,Česko,boy,165-517,Ario
2016,Česko,girl,252-619,Benita
2016,Česko,boy,165-517,Jimram
2016,Česko,girl,252-619,Andrea Ella
2016,Česko,boy,165-517,Georgij
2016,Česko,girl,252-619,Bianka
2016,Česko,boy,165-517,Benjamin Jan
2016,Česko,girl,252-619,Elisa
2016,Česko,boy,165-517,Geralt
2016,Česko,girl,252-619,Karolina Alexandra
2016,Česko,boy,165-517,Johan
2016,Česko,girl,252-619,Agáta Ester
2016,Česko,boy,165-517,Armand
2016,Česko,girl,252-619,Ketrín
2016,Česko,boy,165-517,Alexander Oliver
2016,Česko,girl,252-619,Elisabeth Marcela
2016,Česko,boy,165-517,Alan
2016,Česko,girl,252-619,Klára Marie
2016,Česko,boy,165-517,Josef Kryštof
2016,Česko,girl,252-619,Elissa
2016,Česko,boy,165-517,Giovanni
2016,Česko,girl,252-619,Kristýna Viktorie
2016,Česko,boy,165-517,Josef Vitalie
2016,Česko,girl,252-619,Alice Klára
2016,Česko,boy,165-517,Giulio
2016,Česko,girl,252-619,Laura Bára
2016,Česko,boy,165-517,Alberto
2016,Česko,girl,252-619,Eliška Marie
2016,Česko,boy,165-517,Gyözö
2016,Česko,girl,252-619,Diana Pavlova
2016,Česko,boy,165-517,Bradley
2016,Česko,girl,252-619,Eliška Nikol
2016,Česko,boy,165-517,Hai
2016,Česko,girl,252-619,Arianna
2016,Česko,boy,165-517,Karam Ra ed Tahar
2016,Česko,girl,252-619,Elizabet
2016,Česko,boy,165-517,Hai Nam
2016,Česko,girl,252-619,Arletta
2016,Česko,boy,165-517,Karel Jiří
2016,Česko,girl,252-619,Elizabeta
2016,Česko,boy,165-517,Hanuš
2016,Česko,girl,252-619,Aurelie
2016,Česko,boy,165-517,Alfred Francois
2016,Česko,girl,252-619,Alisa
2016,Česko,boy,165-517,Henri Martin
2016,Česko,girl,252-619,Ayalguu
2016,Česko,boy,165-517,Kharlampii
2016,Česko,girl,252-619,Aněžka
2016,Česko,boy,165-517,Henry Dominik
2016,Česko,girl,252-619,Jasmina
2016,Česko,boy,165-517,Kilián
2016,Česko,girl,252-619,Ella Antonie
2016,Česko,boy,165-517,Hoang
2016,Česko,girl,252-619,Barbora Alžběta
2016,Česko,boy,165-517,Bruno David
2016,Česko,girl,252-619,Angelika
2016,Česko,boy,165-517,Arslen
2016,Česko,girl,252-619,Jitka
2016,Česko,boy,165-517,Kristián Daniel
2016,Česko,girl,252-619,Ellen Sofia
2016,Česko,boy,165-517,Hoang Dung
2016,Česko,girl,252-619,Johanka Minerva
2016,Česko,boy,165-517,Kristián Patrik
2016,Česko,girl,252-619,Abigail
2016,Česko,boy,165-517,Horác Albert
2016,Česko,girl,252-619,Judita
2016,Česko,boy,165-517,Krystian
2016,Česko,girl,252-619,Elsa
2016,Česko,boy,165-517,Alexander Joaquín
2016,Česko,girl,252-619,Julie Miriam
2016,Česko,boy,165-517,Adrián Vladimír
2016,Česko,girl,252-619,Anh Ngoc
2016,Česko,boy,165-517,Alexander Lukas
2016,Česko,girl,252-619,Bibiana
2016,Česko,boy,165-517,Kryštof Jan
2016,Česko,girl,252-619,Ema Emílie
2016,Česko,boy,165-517,Hung Vuong
2016,Česko,girl,252-619,Cindy
2016,Česko,boy,165-517,Čestmír
2016,Česko,girl,252-619,Ema Jasmína
2016,Česko,boy,165-517,Huy Tien
2016,Česko,girl,252-619,Kateřina Anna
2016,Česko,boy,165-517,Leo
2016,Česko,girl,252-619,Ema Maria
2016,Česko,boy,165-517,Atilla Jiří
2016,Česko,girl,252-619,Kaya
2016,Česko,boy,165-517,León
2016,Česko,girl,252-619,Ema Marie
2016,Česko,boy,165-517,Adam Dominik
2016,Česko,girl,252-619,Khanh Linh
2016,Česko,boy,165-517,Leopold
2016,Česko,girl,252-619,Allia
2016,Česko,boy,165-517,Augustin
2016,Česko,girl,252-619,Kim Vy Vy
2016,Česko,boy,165-517,Libor
2016,Česko,girl,252-619,Agatha
2016,Česko,boy,165-517,Christián
2016,Česko,girl,252-619,Klotylda
2016,Česko,boy,165-517,Lionis
2016,Česko,girl,252-619,Alžběta Daisy
2016,Česko,boy,165-517,Christoph
2016,Česko,girl,252-619,Dara
2016,Česko,boy,165-517,Ami
2016,Česko,girl,252-619,Emily Anna
2016,Česko,boy,165-517,Christopher
2016,Česko,girl,252-619,Květa
2016,Česko,boy,165-517,Damian Otto
2016,Česko,girl,252-619,Emily Valeria
2016,Česko,boy,165-517,Christopher Vojtěch
2016,Česko,girl,252-619,Ana Isabel
2016,Česko,girl,252-619,Anna Amélie
2016,Česko,girl,252-619,Laura Nancy
2016,Česko,girl,252-619,Emma Ela
2016,Česko,girl,252-619,Lejla
2016,Česko,girl,252-619,Emma Elizabeth
2016,Česko,girl,252-619,Leonie
2016,Česko,girl,252-619,Emmie Elizabeth
2016,Česko,girl,252-619,Anastasija
2016,Česko,girl,252-619,Enerlen
2016,Česko,girl,252-619,Irena Zdeňka
2016,Česko,girl,252-619,Anna Eva
2016,Česko,girl,252-619,Amálie Alžběta
2016,Česko,girl,252-619,Erin
2016,Česko,girl,252-619,Armine
2016,Česko,girl,252-619,Anna Isabelle
2016,Česko,girl,252-619,Asia
2016,Česko,girl,252-619,Ester Anna
2016,Česko,girl,252-619,Ava Noemin
2016,Česko,girl,252-619,Ester Monika
2016,Česko,girl,252-619,Izabela Milada
2016,Česko,girl,252-619,Anna Maria
2016,Česko,girl,252-619,Jarmila Miroslava
2016,Česko,girl,252-619,Evangelia
2016,Česko,girl,252-619,Amálie Anna
2016,Česko,girl,252-619,Anna Mária
2016,Česko,girl,252-619,Amálie Ela
2016,Česko,girl,252-619,Evelin Anna
2016,Česko,girl,252-619,Jenifer
2016,Česko,girl,252-619,Alžběta Viktorie
2016,Česko,girl,252-619,Barbora Anna
2016,Česko,girl,252-619,Eveline
2016,Česko,girl,252-619,Jiřina
2016,Česko,girl,252-619,Anna Milena
2016,Česko,girl,252-619,Aisha Aileen
2016,Česko,girl,252-619,Francesca
2016,Česko,girl,252-619,Aleksandra
2016,Česko,girl,252-619,Anna Sofie
2016,Česko,girl,252-619,Adele Viktorie
2016,Česko,girl,252-619,Frida
2016,Česko,girl,252-619,Amina
2016,Česko,girl,252-619,Gábina
2016,Česko,girl,252-619,Júlia
2016,Česko,girl,252-619,Adléta
2016,Česko,girl,252-619,Bernadeta
2016,Česko,girl,252-619,Gabriela Adriana
2016,Česko,girl,252-619,Juliette
2016,Česko,girl,252-619,Annabel
2016,Česko,girl,252-619,Kaila
2016,Česko,girl,252-619,Gloria
2016,Česko,girl,252-619,Alena Daniela
2016,Česko,girl,252-619,Grace
2016,Česko,girl,252-619,Celestýna
2016,Česko,girl,252-619,Gréta
2016,Česko,girl,252-619,Cindy Ha Vy
2016,Česko,girl,252-619,Ha Anh
2016,Česko,girl,252-619,Claudia
2016,Česko,girl,252-619,Annabela
2016,Česko,girl,252-619,Kateřina Jitka
2016,Česko,girl,252-619,Hanka
2016,Česko,girl,252-619,Dana
2016,Česko,girl,252-619,Annabella
2016,Česko,girl,252-619,Ketrin
2016,Česko,girl,252-619,Háta
2016,Česko,girl,252-619,Keya
2016,Česko,girl,252-619,Haya Nhayun Sultan Saif
2016,Česko,girl,252-619,Khongorzul
2016,Česko,girl,252-619,Annemarie
2016,Česko,girl,252-619,Kim Anh
2016,Česko,girl,252-619,Heidi
2016,Česko,girl,252-619,Dang Vy
2016,Česko,girl,252-619,Amalie
2016,Česko,girl,252-619,Amy
2016,Česko,girl,252-619,Helena Lejla
2016,Česko,girl,252-619,Krisiya
2016,Česko,girl,252-619,Hella
2016,Česko,girl,252-619,Kristína
2016,Česko,girl,252-619,Hermína
2016,Česko,girl,252-619,Kristýna Ella
2016,Česko,girl,252-619,Hoang Minh Anh
2016,Česko,girl,252-619,Ksenija
2016,Česko,girl,252-619,Huong Giang
2016,Česko,girl,252-619,An Nhien
2016,Česko,girl,252-619,Antonina
2016,Česko,girl,252-619,Lan Anh
2016,Česko,girl,252-619,Aimy
2016,Česko,girl,252-619,Alena Fabienne
2016,Česko,girl,252-619,Apolline Rosa
2016,Česko,girl,252-619,Laura Marie
2016,Česko,girl,252-619,Charlotte Petra
2016,Česko,girl,252-619,Layla
2016,Česko,girl,252-619,Christiana
2016,Česko,girl,252-619,Leila
2016,Česko,girl,252-619,Ilona
2016,Česko,girl,252-619,Lena
2016,Česko,girl,252-619,Ilona Rozálie
2016,Česko,girl,252-619,Diem Thu
2016,Česko,girl,252-619,Inéz Kateřina
2016,Česko,girl,252-619,Aleška
2016,Česko,girl,252-619,Apolonie
2016,Česko,girl,252-619,Leticie
2016,Česko,girl,252-619,Ionela
2016,Česko,girl,252-619,Ionela Andra Roxana
2017,Česko,boy,1,Jan
2017,Česko,girl,1,Eliška
2017,Česko,boy,2,Jakub
2017,Česko,girl,2,Tereza
2017,Česko,boy,3,Matyáš
2017,Česko,girl,3,Anna
2017,Česko,boy,4,Filip
2017,Česko,girl,4,Adéla
2017,Česko,boy,5,Lukáš
2017,Česko,girl,5,Viktorie
2017,Česko,boy,6,Adam
2017,Česko,girl,6,Ema
2017,Česko,boy,7,Tomáš
2017,Česko,girl,7,Sofie
2017,Česko,boy,8,Matěj
2017,Česko,girl,8,Natálie
2017,Česko,boy,9-10,Ondřej
2017,Česko,girl,9,Kristýna
2017,Česko,boy,9-10,Vojtěch
2017,Česko,girl,10,Karolína
2017,Česko,boy,11,David
2017,Česko,girl,11,Barbora
2017,Česko,boy,12-13,Daniel
2017,Česko,girl,12,Veronika
2017,Česko,boy,12-13,Dominik
2017,Česko,girl,13,Kateřina
2017,Česko,boy,14,Martin
2017,Česko,girl,14-16,Laura
2017,Česko,boy,15,Petr
2017,Česko,girl,14-16,Nela
2017,Česko,boy,16-17,Kryštof
2017,Česko,girl,14-16,Sára
2017,Česko,boy,16-17,Marek
2017,Česko,girl,17,Lucie
2017,Česko,boy,18,Michal
2017,Česko,girl,18,Klára
2017,Česko,boy,19,Šimon
2017,Česko,girl,19-20,Emma
2017,Česko,boy,20,Antonín
2017,Česko,girl,19-20,Marie
2017,Česko,boy,21,Jiří
2017,Česko,girl,21,Julie
2017,Česko,boy,22,Tobiáš
2017,Česko,girl,22,Michaela
2017,Česko,boy,23,Václav
2017,Česko,girl,23,Rozálie
2017,Česko,boy,24,Štěpán
2017,Česko,girl,24,Anežka
2017,Česko,boy,25-26,Samuel
2017,Česko,girl,25,Amálie
2017,Česko,boy,25-27,Sebastian
2017,Česko,girl,26,Aneta
2017,Česko,boy,27,Patrik
2017,Česko,girl,27,Markéta
2017,Česko,boy,28,František
2017,Česko,girl,28,Zuzana
2017,Česko,boy,29-30,Oliver
2017,Česko,girl,29,Ella
2017,Česko,boy,29-30,Pavel
2017,Česko,girl,30,Nikola
2017,Česko,boy,31-32,Jonáš
2017,Česko,girl,31,Nikol
2017,Česko,boy,31-32,Tadeáš
2017,Česko,girl,32-33,Alžběta
2017,Česko,boy,33-34,Josef
2017,Česko,girl,32-33,Valerie
2017,Česko,boy,33-34,Mikuláš
2017,Česko,girl,34,Gabriela
2017,Česko,boy,35,Viktor
2017,Česko,girl,35-37,Dominika
2017,Česko,boy,36,Jáchym
2017,Česko,girl,35-37,Magdaléna
2017,Česko,boy,37,Kristián
2017,Česko,girl,35-37,Vanesa
2017,Česko,boy,38,Vít
2017,Česko,girl,38,Stella
2017,Česko,boy,39,Michael
2017,Česko,girl,39,Adriana
2017,Česko,boy,40,Jaroslav
2017,Česko,girl,40,Mia
2017,Česko,boy,41,Alex
2017,Česko,girl,41-43,Elen
2017,Česko,boy,42-43,Jindřich
2017,Česko,girl,41-43,Jana
2017,Česko,boy,42-43,Miroslav
2017,Česko,girl,41-43,Linda
2017,Česko,boy,44,Karel
2017,Česko,girl,44,Elena
2017,Česko,boy,45,Richard
2017,Česko,girl,45-46,Alena
2017,Česko,boy,46-47,Eliáš
2017,Česko,girl,45-46,Štěpánka
2017,Česko,boy,46-47,Matouš
2017,Česko,girl,47-48,Denisa
2017,Česko,boy,48,Nikolas
2017,Česko,girl,47-48,Sofia
2017,Česko,boy,49-50,Denis
2017,Česko,girl,49-52,Beáta
2017,Česko,boy,49-50,Maxmilián
2017,Česko,girl,49-52,Eva
2017,Česko,boy,51-52,Max
2017,Česko,girl,49-52,Nina
2017,Česko,boy,51-52,Tobias
2017,Česko,girl,49-52,Stela
2017,Česko,boy,53,Alexandr
2017,Česko,girl,53-57,Andrea
2017,Česko,boy,54-57,Erik
2017,Česko,girl,53-57,Diana
2017,Česko,boy,54-57,Radek
2017,Česko,girl,53-57,Jasmína
2017,Česko,boy,54-57,Teodor
2017,Česko,girl,53-57,Magdalena
2017,Česko,boy,54-57,Vilém
2017,Česko,girl,53-57,Mariana
2017,Česko,boy,58-61,Eduard
2017,Česko,girl,58-61,Ester
2017,Česko,boy,58-61,Robin
2017,Česko,girl,58-61,Izabela
2017,Česko,boy,58-61,Sebastián
2017,Česko,girl,58-61,Liliana
2017,Česko,boy,58-61,Vítek
2017,Česko,girl,58-61,Sabina
2017,Česko,boy,62-65,Albert
2017,Česko,girl,62-65,Antonie
2017,Česko,boy,62-65,Radim
2017,Česko,girl,62-65,Emily
2017,Česko,boy,62-65,Vladimír
2017,Česko,girl,62-65,Hana
2017,Česko,boy,62-65,Zdeněk
2017,Česko,girl,62-65,Leontýna
2017,Česko,boy,66,Maxim
2017,Česko,girl,66-67,Daniela
2017,Česko,boy,67-68,Ladislav
2017,Česko,girl,66-67,Vendula
2017,Česko,boy,67-68,Nicolas
2017,Česko,girl,68-71,Helena
2017,Česko,boy,69,Damián
2017,Česko,girl,68-71,Johana
2017,Česko,boy,70-71,Aleš
2017,Česko,girl,68-71,Josefína
2017,Česko,boy,70-71,Roman
2017,Česko,girl,68-71,Vanessa
2017,Česko,boy,72,Hynek
2017,Česko,girl,72-77,Agáta
2017,Česko,boy,73-79,Adrian
2017,Česko,girl,72-77,Ellen
2017,Česko,boy,73-79,Gabriel
2017,Česko,girl,72-77,Emílie
2017,Česko,boy,73-79,Ivan
2017,Česko,girl,72-77,Monika
2017,Česko,boy,73-79,Milan
2017,Česko,girl,72-77,Petra
2017,Česko,boy,73-79,Oskar
2017,Česko,girl,72-77,Valentýna
2017,Česko,boy,73-79,Prokop
2017,Česko,girl,78-80,Evelína
2017,Česko,boy,73-79,Theodor
2017,Česko,girl,78-80,Justýna
2017,Česko,boy,80-87,Alan
2017,Česko,girl,78-80,Zoe
2017,Česko,boy,80-87,Bartoloměj
2017,Česko,girl,81-83,Alexandra
2017,Česko,boy,80-87,Hubert
2017,Česko,girl,81-83,Jolana
2017,Česko,boy,80-87,Kevin
2017,Česko,girl,81-83,Klaudie
2017,Česko,boy,80-87,Matyas
2017,Česko,girl,84-90,Edita
2017,Česko,boy,80-87,Rostislav
2017,Česko,girl,84-90,Martina
2017,Česko,boy,80-87,Stanislav
2017,Česko,girl,84-90,Rozárie
2017,Česko,boy,80-87,Vítězslav
2017,Česko,girl,84-90,Simona
2017,Česko,boy,88-93,Bruno
2017,Česko,girl,84-90,Šárka
2017,Česko,boy,88-93,Christian
2017,Česko,girl,84-90,Šarlota
2017,Česko,boy,88-93,Ivo
2017,Česko,girl,84-90,Tina
2017,Česko,boy,88-93,Kristian
2017,Česko,girl,91-94,Alice
2017,Česko,boy,88-93,Lucas
2017,Česko,girl,91-94,Ela
2017,Česko,boy,88-93,Vincent
2017,Česko,girl,91-94,Patricie
2017,Česko,boy,94-111,Andreas
2017,Česko,girl,91-94,Terezie
2017,Česko,boy,94-111,Andrej
2017,Česko,girl,95-102,Anastázie
2017,Česko,boy,94-111,Artur
2017,Česko,girl,95-102,Beata
2017,Česko,boy,94-111,Benedikt
2017,Česko,girl,95-102,Dorota
2017,Česko,boy,94-111,Boris
2017,Česko,girl,95-102,Lada
2017,Česko,boy,94-111,Dan
2017,Česko,girl,95-102,Lenka
2017,Česko,boy,94-111,Dušan
2017,Česko,girl,95-102,Lilien
2017,Česko,boy,94-111,Janek
2017,Česko,girl,95-102,Nella
2017,Česko,boy,94-111,Jaromír
2017,Česko,girl,95-102,Žofie
2017,Česko,boy,94-111,Libor
2017,Česko,girl,103-113,Amélie
2017,Česko,boy,94-111,Metoděj
2017,Česko,girl,103-113,Anděla
2017,Česko,boy,94-111,Miloš
2017,Česko,girl,103-113,Anita
2017,Česko,boy,94-111,René
2017,Česko,girl,103-113,Charlotte
2017,Česko,boy,94-111,Robert
2017,Česko,girl,103-113,Isabela
2017,Česko,boy,94-111,Viliam
2017,Česko,girl,103-113,Johanka
2017,Česko,boy,94-111,Vlastimil
2017,Česko,girl,103-113,Lea
2017,Česko,boy,94-111,Vojta
2017,Česko,girl,103-113,Lily
2017,Česko,boy,94-111,William
2017,Česko,girl,103-113,Melanie
2017,Česko,boy,112-128,Barnabáš
2017,Česko,girl,103-113,Pavlína
2017,Česko,boy,112-128,Benjamin
2017,Česko,girl,103-113,Viola
2017,Česko,boy,112-128,Benjamín
2017,Česko,girl,114-121,Bára
2017,Česko,boy,112-128,Čeněk
2017,Česko,girl,114-121,Ludmila
2017,Česko,boy,112-128,Elias
2017,Česko,girl,114-121,Melánie
2017,Česko,boy,112-128,Igor
2017,Česko,girl,114-121,Miriam
2017,Česko,boy,112-128,Jeremiáš
2017,Česko,girl,114-121,Sandra
2017,Česko,boy,112-128,Kamil
2017,Česko,girl,114-121,Silvie
2017,Česko,boy,112-128,Lubomír
2017,Česko,girl,114-121,Valérie
2017,Česko,boy,112-128,Marian
2017,Česko,girl,114-121,Zora
2017,Česko,boy,112-128,Mathias
2017,Česko,girl,122-134,Berenika
2017,Česko,boy,112-128,Matteo
2017,Česko,girl,122-134,Elizabeth
2017,Česko,boy,112-128,Maxmilian
2017,Česko,girl,122-134,Isabella
2017,Česko,boy,112-128,Přemysl
2017,Česko,girl,122-134,Karin
2017,Česko,boy,112-128,Teo
2017,Česko,girl,122-134,Lilly
2017,Česko,boy,112-128,Tibor
2017,Česko,girl,122-134,Matylda
2017,Česko,boy,112-128,Timothy
2017,Česko,girl,122-134,Melisa
2017,Česko,boy,129-175,Alexander
2017,Česko,girl,122-134,Nicol
2017,Česko,boy,129-175,Alois
2017,Česko,girl,122-134,Olívie
2017,Česko,boy,129-175,Attila
2017,Česko,girl,122-134,Sarah
2017,Česko,boy,129-175,Dalibor
2017,Česko,girl,122-134,Timea
2017,Česko,boy,129-175,Damian
2017,Česko,girl,122-134,Victoria
2017,Česko,boy,129-175,Daniela
2017,Česko,girl,122-134,Zdeňka
2017,Česko,boy,129-175,Danny
2017,Česko,girl,135-152,Adina
2017,Česko,boy,129-175,Emil
2017,Česko,girl,135-152,Darina
2017,Česko,boy,129-175,Felix
2017,Česko,girl,135-152,Darja
2017,Česko,boy,129-175,Florián
2017,Česko,girl,135-152,Elisabeth
2017,Česko,boy,129-175,Hugo
2017,Česko,girl,135-152,Emilly
2017,Česko,boy,129-175,Jozef
2017,Česko,girl,135-152,Františka
2017,Česko,boy,129-175,Kryšpín
2017,Česko,girl,135-152,Jenifer
2017,Česko,boy,129-175,Leon
2017,Česko,girl,135-152,Jessica
2017,Česko,boy,129-175,Lev
2017,Česko,girl,135-152,Jindřiška
2017,Česko,boy,129-175,Luboš
2017,Česko,girl,135-152,Jitka
2017,Česko,boy,129-175,Ludvík
2017,Česko,girl,135-152,Kamila
2017,Česko,boy,129-175,Lukas
2017,Česko,girl,135-152,Lara
2017,Česko,boy,129-175,Marián
2017,Česko,girl,135-152,Marianna
2017,Česko,boy,129-175,Mário
2017,Česko,girl,135-152,Meda
2017,Česko,boy,129-175,Mark
2017,Česko,girl,135-152,Michala
2017,Česko,boy,129-175,Mateo
2017,Česko,girl,135-152,Valentina
2017,Česko,boy,129-175,Matúš
2017,Česko,girl,135-152,Vanda
2017,Česko,boy,129-175,Michail
2017,Česko,girl,135-152,Viktoria
2017,Česko,boy,129-175,Mikoláš
2017,Česko,girl,153-187,Aňa
2017,Česko,boy,129-175,Miloslav
2017,Česko,girl,153-187,Anetta
2017,Česko,boy,129-175,Mirek
2017,Česko,girl,153-187,Anika
2017,Česko,boy,129-175,Nathan
2017,Česko,girl,153-187,Anna Alena
2017,Česko,boy,129-175,Nhat Minh
2017,Česko,girl,153-187,Anna Marie
2017,Česko,boy,129-175,Nikita
2017,Česko,girl,153-187,Ariana
2017,Česko,boy,129-175,Oldřich
2017,Česko,girl,153-187,Běla
2017,Česko,boy,129-175,Oleksandr
2017,Česko,girl,153-187,Bella
2017,Česko,boy,129-175,Ota
2017,Česko,girl,153-187,Claudie
2017,Česko,boy,129-175,Oto
2017,Česko,girl,153-187,Eleonora
2017,Česko,boy,129-175,Quang Anh
2017,Česko,girl,153-187,Emilia
2017,Česko,boy,129-175,Radovan
2017,Česko,girl,153-187,Gréta
2017,Česko,boy,129-175,Rafael
2017,Česko,girl,153-187,Charlota
2017,Česko,boy,129-175,Sedrik
2017,Česko,girl,153-187,Isabel
2017,Česko,boy,129-175,Sullivan
2017,Česko,girl,153-187,Jaroslava
2017,Česko,boy,129-175,Svatopluk
2017,Česko,girl,153-187,Jennifer
2017,Česko,boy,129-175,Štefan
2017,Česko,girl,153-187,Karla
2017,Česko,boy,129-175,Thomas
2017,Česko,girl,153-187,Kristina
2017,Česko,boy,129-175,Tom
2017,Česko,girl,153-187,Kristína
2017,Česko,boy,129-175,Tony
2017,Česko,girl,153-187,Lola
2017,Česko,boy,129-175,Valentýn
2017,Česko,girl,153-187,Maya
2017,Česko,boy,129-175,Vasyl
2017,Česko,girl,153-187,Michelle
2017,Česko,boy,129-175,Vladislav
2017,Česko,girl,153-187,Miroslava
2017,Česko,boy,176-496,Abbaj
2017,Česko,girl,153-187,Natali
2017,Česko,boy,176-496,Adam Alexandr
2017,Česko,girl,153-187,Natalia
2017,Česko,boy,176-496,Adam Antonín
2017,Česko,girl,153-187,Nelly
2017,Česko,boy,176-496,Adam David
2017,Česko,girl,153-187,Olga
2017,Česko,boy,176-496,Adam Nataniel
2017,Česko,girl,153-187,Pavla
2017,Česko,boy,176-496,Adam Teo
2017,Česko,girl,153-187,Renata
2017,Česko,boy,176-496,Adrian Nikolas
2017,Česko,girl,153-187,Růžena
2017,Česko,boy,176-496,Alberto
2017,Česko,girl,153-187,Sophia
2017,Česko,boy,176-496,Alejandro
2017,Česko,girl,153-187,Tamara
2017,Česko,boy,176-496,Aleksandar
2017,Česko,girl,153-187,Tatiana
2017,Česko,boy,176-496,Alessandro
2017,Česko,girl,153-187,Vilma
2017,Česko,boy,176-496,Alex Maxmilián
2017,Česko,girl,153-187,Zita
2017,Česko,boy,176-496,Alexandr Ján
2017,Česko,girl,188-243,Apolena
2017,Česko,boy,176-496,Alexandr Vadimovič
2017,Česko,girl,188-243,Babeta
2017,Česko,boy,176-496,Alexandru Gabriel
2017,Česko,girl,188-243,Barbara
2017,Česko,boy,176-496,Alfréd
2017,Česko,girl,188-243,Bedřiška
2017,Česko,boy,176-496,Alfred William
2017,Česko,girl,188-243,Bela
2017,Česko,boy,176-496,Ali
2017,Česko,girl,188-243,Berta
2017,Česko,boy,176-496,Andrew
2017,Česko,girl,188-243,Bibiana
2017,Česko,boy,176-496,Andriel
2017,Česko,girl,188-243,Claudia
2017,Česko,boy,176-496,Anh Duc
2017,Česko,girl,188-243,Daria
2017,Česko,boy,176-496,Anh Minh
2017,Česko,girl,188-243,Dita
2017,Česko,boy,176-496,Anh Tu
2017,Česko,girl,188-243,Dora
2017,Česko,boy,176-496,Antony Daniel
2017,Česko,girl,188-243,Doubravka
2017,Česko,boy,176-496,Arian
2017,Česko,girl,188-243,Eliana
2017,Česko,boy,176-496,Arnošt
2017,Česko,girl,188-243,Elizabeth Marie
2017,Česko,boy,176-496,Arsen
2017,Česko,girl,188-243,Elizaveta
2017,Česko,boy,176-496,Artem
2017,Česko,girl,188-243,Ema Marie
2017,Česko,boy,176-496,Artemiy
2017,Česko,girl,188-243,Emilie
2017,Česko,boy,176-496,Augustin
2017,Česko,girl,188-243,Erika
2017,Česko,boy,176-496,Aurelián
2017,Česko,girl,188-243,Frída
2017,Česko,boy,176-496,Baran
2017,Česko,girl,188-243,Gita
2017,Česko,boy,176-496,Baysangur
2017,Česko,girl,188-243,Ida
2017,Česko,boy,176-496,Bedřich
2017,Česko,girl,188-243,Isabell
2017,Česko,boy,176-496,Benjamin Luca
2017,Česko,girl,188-243,Jasmine
2017,Česko,boy,176-496,Bernard
2017,Česko,girl,188-243,Julia Francesca
2017,Česko,boy,176-496,Bogdan
2017,Česko,girl,188-243,Ketrin
2017,Česko,boy,176-496,Bohumil
2017,Česko,girl,188-243,Libuše
2017,Česko,boy,176-496,Boleslav
2017,Česko,girl,188-243,Lilian
2017,Česko,boy,176-496,Bonifác
2017,Česko,girl,188-243,Lotta
2017,Česko,boy,176-496,Brian
2017,Česko,girl,188-243,Marcela
2017,Česko,boy,176-496,Brody Stewart
2017,Česko,girl,188-243,Marija
2017,Česko,boy,176-496,Broněk
2017,Česko,girl,188-243,Marta
2017,Česko,boy,176-496,Bruno Max
2017,Česko,girl,188-243,Melissa
2017,Česko,boy,176-496,Bruno Tadeáš
2017,Česko,girl,188-243,Milena
2017,Česko,boy,176-496,Břetislav
2017,Česko,girl,188-243,Naďa
2017,Česko,boy,176-496,Calvin Lee
2017,Česko,girl,188-243,Naomi
2017,Česko,boy,176-496,César
2017,Česko,girl,188-243,Natália
2017,Česko,boy,176-496,Clark
2017,Česko,girl,188-243,Natalie
2017,Česko,boy,176-496,Čestmír
2017,Česko,girl,188-243,Odeta
2017,Česko,boy,176-496,Damien
2017,Česko,girl,188-243,Ráchel
2017,Česko,boy,176-496,Damjan
2017,Česko,girl,188-243,Rebeka
2017,Česko,boy,176-496,Danh Thanh Dat
2017,Česko,girl,188-243,Renáta
2017,Česko,boy,176-496,Daniel Adrian
2017,Česko,girl,188-243,Sabrina
2017,Česko,boy,176-496,Daniel Dalibor
2017,Česko,girl,188-243,Samanta
2017,Česko,boy,176-496,Daniel Dorian
2017,Česko,girl,188-243,Sofie Anna
2017,Česko,boy,176-496,Daniel Jan
2017,Česko,girl,188-243,Soňa
2017,Česko,boy,176-496,Daniel Mordechai
2017,Česko,girl,188-243,Sonja
2017,Česko,boy,176-496,Daniell
2017,Česko,girl,188-243,Sophie
2017,Česko,boy,176-496,Darek
2017,Česko,girl,188-243,Tea
2017,Česko,boy,176-496,David Ian
2017,Česko,girl,188-243,Thea
2017,Česko,boy,176-496,David Ovidius
2017,Česko,girl,188-243,Věra
2017,Česko,boy,176-496,David Vojtěch
2017,Česko,girl,188-243,Viktória
2017,Česko,boy,176-496,Denis Vedatov
2017,Česko,girl,188-243,Vitkorie
2017,Česko,boy,176-496,Denny
2017,Česko,girl,188-243,Vivien
2017,Česko,boy,176-496,Derek
2017,Česko,girl,188-243,Yvona
2017,Česko,boy,176-496,Dezider
2017,Česko,girl,188-243,Zara
2017,Česko,boy,176-496,Diego Dominik
2017,Česko,girl,188-243,Zoja
2017,Česko,boy,176-496,Dilam
2017,Česko,girl,244-593,Abby
2017,Česko,boy,176-496,Dmitrij
2017,Česko,girl,244-593,Abigail
2017,Česko,boy,176-496,Doan Bao Minh
2017,Česko,girl,244-593,Adéla Dagmar
2017,Česko,boy,176-496,Domenico Miloš
2017,Česko,girl,244-593,Adeline
2017,Česko,boy,176-496,Dominick
2017,Česko,girl,244-593,Agnieszka
2017,Česko,boy,176-496,Dominik Michal
2017,Česko,girl,244-593,Aida
2017,Česko,boy,176-496,Eddie
2017,Česko,girl,244-593,Aida Sakura
2017,Česko,boy,176-496,Edgar
2017,Česko,girl,244-593,Aleška
2017,Česko,boy,176-496,Edin
2017,Česko,girl,244-593,Alex
2017,Česko,boy,176-496,Edvard
2017,Česko,girl,244-593,Alexa Olivia
2017,Česko,boy,176-496,Edvard Bernt
2017,Česko,girl,244-593,Alexandra Anna
2017,Česko,boy,176-496,Elliot
2017,Česko,girl,244-593,Alisa
2017,Česko,boy,176-496,Elliot Zdeněk
2017,Česko,girl,244-593,Alison Stephanie
2017,Česko,boy,176-496,Emir
2017,Česko,girl,244-593,Alma Julie
2017,Česko,boy,176-496,Eric
2017,Česko,girl,244-593,Alžběta Viktorie
2017,Česko,boy,176-496,Erik Haruhiko
2017,Česko,girl,244-593,Amalia
2017,Česko,boy,176-496,Ernest
2017,Česko,girl,244-593,Amálie Francesca
2017,Česko,boy,176-496,Ernest Léon
2017,Česko,girl,244-593,Amálie Mária
2017,Česko,boy,176-496,Erwin
2017,Česko,girl,244-593,Amálie Žaneta
2017,Česko,boy,176-496,Fabián
2017,Česko,girl,244-593,Amelie
2017,Česko,boy,176-496,Felix Lee
2017,Česko,girl,244-593,Amélie Lily
2017,Česko,boy,176-496,Filip Kryštof
2017,Česko,girl,244-593,Anabela
2017,Česko,boy,176-496,Francesco
2017,Česko,girl,244-593,Anabell
2017,Česko,boy,176-496,Franko
2017,Česko,girl,244-593,Anaïs
2017,Česko,boy,176-496,František Jiří
2017,Česko,girl,244-593,Anastasia
2017,Česko,boy,176-496,Frederik
2017,Česko,girl,244-593,Anastasiia
2017,Česko,boy,176-496,Gareth
2017,Česko,girl,244-593,Anastasija
2017,Česko,boy,176-496,Georg
2017,Česko,girl,244-593,Anděla Jana
2017,Česko,boy,176-496,Gia Bao
2017,Česko,girl,244-593,Aneli
2017,Česko,boy,176-496,Gia Khang
2017,Česko,girl,244-593,Anet
2017,Česko,boy,176-496,Gianni
2017,Česko,girl,244-593,Angela
2017,Česko,boy,176-496,Gorděj
2017,Česko,girl,244-593,Angelika
2017,Česko,boy,176-496,Hamdija
2017,Česko,girl,244-593,Angelika Marcela
2017,Česko,boy,176-496,Han
2017,Česko,girl,244-593,Angelina
2017,Česko,boy,176-496,Herbert Alan
2017,Česko,girl,244-593,Anisiia
2017,Česko,boy,176-496,Hoai Bao Bao
2017,Česko,girl,244-593,Anja
2017,Česko,boy,176-496,Hoang Dang
2017,Česko,girl,244-593,Anna Eva
2017,Česko,boy,176-496,Huy
2017,Česko,girl,244-593,Anna Julie
2017,Česko,boy,176-496,Chan Hung
2017,Česko,girl,244-593,Anna Maria
2017,Česko,boy,176-496,Christiano René
2017,Česko,girl,244-593,Anna Mia
2017,Česko,boy,176-496,Christopher
2017,Česko,girl,244-593,Anna Sidonie
2017,Česko,boy,176-496,Ibukun Churchill
2017,Česko,girl,244-593,Annie
2017,Česko,boy,176-496,Ignác
2017,Česko,girl,244-593,Antonina
2017,Česko,boy,176-496,Immanuel
2017,Česko,girl,244-593,Arwen
2017,Česko,boy,176-496,Jacob
2017,Česko,girl,244-593,Aura Emilia
2017,Česko,boy,176-496,Jacob Amandi
2017,Česko,girl,244-593,Aurélie
2017,Česko,boy,176-496,Jáchym Ámos
2017,Česko,girl,244-593,Auri Gloria
2017,Česko,boy,176-496,Jakub Ján
2017,Česko,girl,244-593,Ayalguu
2017,Česko,boy,176-496,Jakub Jiří
2017,Česko,girl,244-593,Bao Anh
2017,Česko,boy,176-496,Jakub Sebastian
2017,Česko,girl,244-593,Bao Han
2017,Česko,boy,176-496,James Andrew
2017,Česko,girl,244-593,Bao Ngoc
2017,Česko,boy,176-496,Ján
2017,Česko,girl,244-593,Beatrice
2017,Česko,boy,176-496,Jan Antonín
2017,Česko,girl,244-593,Belinda
2017,Česko,boy,176-496,Jan František
2017,Česko,girl,244-593,Bianca Andrea
2017,Česko,boy,176-496,Jan Kryštof
2017,Česko,girl,244-593,Bianka
2017,Česko,boy,176-496,Jan Sebastian
2017,Česko,girl,244-593,Božena
2017,Česko,boy,176-496,Jan Vladimír
2017,Česko,girl,244-593,Caitir
2017,Česko,boy,176-496,Janis
2017,Česko,girl,244-593,Carolina Julia
2017,Česko,boy,176-496,János
2017,Česko,girl,244-593,Caroline
2017,Česko,boy,176-496,Jaroslav Rafael
2017,Česko,girl,244-593,Cecílie
2017,Česko,boy,176-496,Jason Jay
2017,Česko,girl,244-593,Celia
2017,Česko,boy,176-496,Jeremiáš Abel
2017,Česko,girl,244-593,Clara
2017,Česko,boy,176-496,Jeroným
2017,Česko,girl,244-593,Claudia Michelle
2017,Česko,boy,176-496,Jeroným Jan
2017,Česko,girl,244-593,Claudie Bohumila
2017,Česko,boy,176-496,Jerzy
2017,Česko,girl,244-593,Dajana
2017,Česko,boy,176-496,Jiří Marco
2017,Česko,girl,244-593,Dana
2017,Česko,boy,176-496,Jiří Oliver
2017,Česko,girl,244-593,Debora
2017,Česko,boy,176-496,Joel
2017,Česko,girl,244-593,Deborah
2017,Česko,boy,176-496,Johann
2017,Česko,girl,244-593,Dorota Zdenka
2017,Česko,boy,176-496,Jon
2017,Česko,girl,244-593,Dorotea
2017,Česko,boy,176-496,Jonáš Adrián
2017,Česko,girl,244-593,Ebba
2017,Česko,boy,176-496,Jonatan
2017,Česko,girl,244-593,Eden
2017,Česko,boy,176-496,Jonatán
2017,Česko,girl,244-593,Ekaterina
2017,Česko,boy,176-496,Jordán Filip
2017,Česko,girl,244-593,Eleanor
2017,Česko,boy,176-496,Josef Adam
2017,Česko,girl,244-593,Elena Melis
2017,Česko,boy,176-496,Josef Barnabáš
2017,Česko,girl,244-593,Eleni
2017,Česko,boy,176-496,Josef David
2017,Česko,girl,244-593,Elisa
2017,Česko,boy,176-496,Josef Maxmilián
2017,Česko,girl,244-593,Elisabet
2017,Česko,boy,176-496,Josef Sebastian
2017,Česko,girl,244-593,Elisabeth Anna
2017,Česko,boy,176-496,Joseph
2017,Česko,girl,244-593,Elisabeth Sofie
2017,Česko,boy,176-496,Joshua William
2017,Česko,girl,244-593,Elisha
2017,Česko,boy,176-496,Julius
2017,Česko,girl,244-593,Elissa
2017,Česko,boy,176-496,Juraj
2017,Česko,girl,244-593,Eliška Hana
2017,Česko,boy,176-496,Jusef
2017,Česko,girl,244-593,Eliška Zoe
2017,Česko,boy,176-496,Justin
2017,Česko,girl,244-593,Eliza Sofia
2017,Česko,boy,176-496,Kajetán
2017,Česko,girl,244-593,Elizabet
2017,Česko,boy,176-496,Karel Emanuel
2017,Česko,girl,244-593,Elizabeth Ella
2017,Česko,boy,176-496,Kevin Wayne
2017,Česko,girl,244-593,Ella Kateřina
2017,Česko,boy,176-496,Kilian
2017,Česko,girl,244-593,Ella Olivie
2017,Česko,boy,176-496,Kliem Pierre-Emmanuelovich
2017,Česko,girl,244-593,Ellie
2017,Česko,boy,176-496,Kolja
2017,Česko,girl,244-593,Ellis
2017,Česko,boy,176-496,Kristian Nikola
2017,Česko,girl,244-593,Elvíra
2017,Česko,boy,176-496,Kristifer
2017,Česko,girl,244-593,Ema Barbora
2017,Česko,boy,176-496,Kristyán
2017,Česko,girl,244-593,Ema Helena
2017,Česko,boy,176-496,Krystian
2017,Česko,girl,244-593,Emília
2017,Česko,boy,176-496,Kryštof Michael
2017,Česko,girl,244-593,Emilie Dagmar
2017,Česko,boy,176-496,Kryštof Mikuláš
2017,Česko,girl,244-593,Emilija
2017,Česko,boy,176-496,Kryštof Ondřej
2017,Česko,girl,244-593,Emily Zoe
2017,Česko,boy,176-496,Kvido
2017,Česko,girl,244-593,Emma Julie
2017,Česko,boy,176-496,Leo
2017,Česko,girl,244-593,Emma Miriam
2017,Česko,boy,176-496,Leopold Michael
2017,Česko,girl,244-593,Erin
2017,Česko,boy,176-496,Liam
2017,Česko,girl,244-593,Esma
2017,Česko,boy,176-496,Louis Patrick
2017,Česko,girl,244-593,Esmée
2017,Česko,boy,176-496,Luděk
2017,Česko,girl,244-593,Eva Marie
2017,Česko,boy,176-496,Luděk Josef
2017,Česko,girl,244-593,Evelin
2017,Česko,boy,176-496,Lukáš Aditya
2017,Česko,girl,244-593,Eveline
2017,Česko,boy,176-496,Lukáš Daniel
2017,Česko,girl,244-593,Evelyn
2017,Česko,boy,176-496,Lukáš Kevin
2017,Česko,girl,244-593,Fatihabegim
2017,Česko,boy,176-496,Lukáš Matouš
2017,Česko,girl,244-593,Federica Sylvie
2017,Česko,boy,176-496,Luong Xuan Lam
2017,Česko,girl,244-593,Franciska
2017,Česko,boy,176-496,Mai Dang
2017,Česko,girl,244-593,Františka Eva
2017,Česko,boy,176-496,Maksym
2017,Česko,girl,244-593,Gabriela Karla
2017,Česko,boy,176-496,Malcolm Neil
2017,Česko,girl,244-593,Gabriela Vasylivna
2017,Česko,boy,176-496,Manh Cuong
2017,Česko,girl,244-593,Gia Han
2017,Česko,boy,176-496,Manoli
2017,Česko,girl,244-593,Greta
2017,Česko,boy,176-496,Manuel
2017,Česko,girl,244-593,Han
2017,Česko,boy,176-496,Manuele
2017,Česko,girl,244-593,Hana Há Mi
2017,Česko,boy,176-496,Marc Onofrio
2017,Česko,girl,244-593,Hana Kristýna
2017,Česko,boy,176-496,Marcel
2017,Česko,girl,244-593,Hanka
2017,Česko,boy,176-496,Marco
2017,Česko,girl,244-593,Havi
2017,Česko,boy,176-496,Marcus
2017,Česko,girl,244-593,Heda
2017,Česko,boy,176-496,Marek Nikolas
2017,Česko,girl,244-593,Helena Cora
2017,Česko,boy,176-496,Mario
2017,Česko,girl,244-593,Hermína
2017,Česko,boy,176-496,Markus
2017,Česko,girl,244-593,Hoang Khanh Chi
2017,Česko,boy,176-496,Martin Filip
2017,Česko,girl,244-593,Charlotte Ogechi
2017,Česko,boy,176-496,Martin Tomáš
2017,Česko,girl,244-593,Chralotte
2017,Česko,boy,176-496,Marvin
2017,Česko,girl,244-593,Chu Khanh Chi
2017,Česko,boy,176-496,Matěj Vratislav
2017,Česko,girl,244-593,Ina
2017,Česko,boy,176-496,Mathias Jan
2017,Česko,girl,244-593,Ines
2017,Česko,boy,176-496,Mathyas
2017,Česko,girl,244-593,Inka
2017,Česko,boy,176-496,Matias
2017,Česko,girl,244-593,Inna
2017,Česko,boy,176-496,Matteo Daniel
2017,Česko,girl,244-593,Irena
2017,Česko,boy,176-496,Matthias Adam
2017,Česko,girl,244-593,Irina Alexandrovna
2017,Česko,boy,176-496,Mattian
2017,Česko,girl,244-593,Isabel Siana
2017,Česko,boy,176-496,Matyas Amir
2017,Česko,girl,244-593,Isabela Lilly
2017,Česko,boy,176-496,Matyáš Maxmilián
2017,Česko,girl,244-593,Isabelle
2017,Česko,boy,176-496,Matyáš Milan
2017,Česko,girl,244-593,Isla Ria
2017,Česko,boy,176-496,Maurice
2017,Česko,girl,244-593,Iva
2017,Česko,boy,176-496,Mauricio
2017,Česko,girl,244-593,Ivana
2017,Česko,boy,176-496,Max An
2017,Česko,girl,244-593,Iveta
2017,Česko,boy,176-496,Max Terry
2017,Česko,girl,244-593,Iza
2017,Česko,boy,176-496,Maximilian
2017,Česko,girl,244-593,Izabel
2017,Česko,boy,176-496,Maximo Antonín
2017,Česko,girl,244-593,Izabela Marie
2017,Česko,boy,176-496,Maxmilián Rafael
2017,Česko,girl,244-593,Jana Patricie
2017,Česko,boy,176-496,Medard
2017,Česko,girl,244-593,Jarmila
2017,Česko,boy,176-496,Mihail
2017,Česko,girl,244-593,Jasmína Irena
2017,Česko,boy,176-496,Michal Jiří
2017,Česko,girl,244-593,Jenna
2017,Česko,boy,176-496,Michel
2017,Česko,girl,244-593,Jennifer Vanessa
2017,Česko,boy,176-496,Mikail Oliver
2017,Česko,girl,244-593,Jessica Lauren
2017,Česko,boy,176-496,Mike
2017,Česko,girl,244-593,Jiřina
2017,Česko,boy,176-496,Mikeš
2017,Česko,girl,244-593,Johanna
2017,Česko,boy,176-496,Minh Hoang
2017,Česko,girl,244-593,Jolanda
2017,Česko,boy,176-496,Minh Quan
2017,Česko,girl,244-593,Josefína Hana
2017,Česko,boy,176-496,Miron
2017,Česko,girl,244-593,Josefine
2017,Česko,boy,176-496,Mojmír
2017,Česko,girl,244-593,Josephine Maria Rose
2017,Česko,boy,176-496,Moshe Nasi
2017,Česko,girl,244-593,Jozefína
2017,Česko,boy,176-496,Munkhtuguldur
2017,Česko,girl,244-593,Julia
2017,Česko,boy,176-496,Mykhaylo
2017,Česko,girl,244-593,Julia Dominika
2017,Česko,boy,176-496,Nádasi
2017,Česko,girl,244-593,Julie Anna
2017,Česko,boy,176-496,Naim
2017,Česko,girl,244-593,Julie Zdeňka
2017,Česko,boy,176-496,Narek
2017,Česko,girl,244-593,Karina
2017,Česko,boy,176-496,Natanael
2017,Česko,girl,244-593,Katarína
2017,Česko,boy,176-496,Nataniel
2017,Česko,girl,244-593,Kateřina Anna
2017,Česko,boy,176-496,Neo
2017,Česko,girl,244-593,Katka
2017,Česko,boy,176-496,Ngoc Tan Truong
2017,Česko,girl,244-593,Katrin
2017,Česko,boy,176-496,Nguyen Khang
2017,Česko,girl,244-593,Khanh My
2017,Česko,boy,176-496,Nickolas Thomas
2017,Česko,girl,244-593,Khanh Ngan
2017,Česko,boy,176-496,Nico
2017,Česko,girl,244-593,Khanh Nhien Nela
2017,Česko,boy,176-496,Nicolas Andrej
2017,Česko,girl,244-593,Klára Evelína
2017,Česko,boy,176-496,Nicolas Radek
2017,Česko,girl,244-593,Klaudia Neves
2017,Česko,boy,176-496,Nicholas
2017,Česko,girl,244-593,Kristina Anna
2017,Česko,boy,176-496,Nikolai
2017,Česko,girl,244-593,Kristýna Charlotte
2017,Česko,boy,176-496,Nikolas Bruno
2017,Česko,girl,244-593,Lac Nhien
2017,Česko,boy,176-496,Nikolas Samuel
2017,Česko,girl,244-593,Lauren
2017,Česko,boy,176-496,Noa Medin
2017,Česko,girl,244-593,Lea
2017,Česko,boy,176-496,Noam
2017,Česko,girl,244-593,Leah
2017,Česko,boy,176-496,Noel
2017,Česko,girl,244-593,Lena
2017,Česko,boy,176-496,Noel Joshua
2017,Česko,girl,244-593,Léna
2017,Česko,boy,176-496,Olin
2017,Česko,girl,244-593,Liana
2017,Česko,boy,176-496,Oliver Iago
2017,Česko,girl,244-593,Lili
2017,Česko,boy,176-496,Oliver Thobias
2017,Česko,girl,244-593,Liliana Natálie
2017,Česko,boy,176-496,Ondra
2017,Česko,girl,244-593,Lilija
2017,Česko,boy,176-496,Otakar
2017,Česko,girl,244-593,Lilijana
2017,Česko,boy,176-496,Patrik Williem
2017,Česko,girl,244-593,Lilly Dobromila
2017,Česko,boy,176-496,Peter
2017,Česko,girl,244-593,Livie
2017,Česko,boy,176-496,Petr René
2017,Česko,girl,244-593,Luisa
2017,Česko,boy,176-496,Phi Long
2017,Česko,girl,244-593,Mabel
2017,Česko,boy,176-496,Phuc Thinh
2017,Česko,girl,244-593,Mac Lan
2017,Česko,boy,176-496,Prokop Greg
2017,Česko,girl,244-593,Madeleine
2017,Česko,boy,176-496,Quoc Anh
2017,Česko,girl,244-593,Magda
2017,Česko,boy,176-496,Rado
2017,Česko,girl,244-593,Magdalena Ana
2017,Česko,boy,176-496,Radoslav
2017,Česko,girl,244-593,Magdalena Valentýna
2017,Česko,boy,176-496,Rafael Jan
2017,Česko,girl,244-593,Maria
2017,Česko,boy,176-496,Ramon
2017,Česko,girl,244-593,Maria Jana
2017,Česko,boy,176-496,Rayan
2017,Česko,girl,244-593,Mariam
2017,Česko,boy,176-496,Rayen
2017,Česko,girl,244-593,Mariána
2017,Česko,boy,176-496,Remus Octavian
2017,Česko,girl,244-593,Mariana Antonie
2017,Česko,boy,176-496,Robin Sayre
2017,Česko,girl,244-593,Marie Anna
2017,Česko,boy,176-496,Roman Vojta
2017,Česko,girl,244-593,Marie Eliška
2017,Česko,boy,176-496,Ruben
2017,Česko,girl,244-593,Marie Lucie
2017,Česko,boy,176-496,Rudolf
2017,Česko,girl,244-593,Marika
2017,Česko,boy,176-496,Rumen
2017,Česko,girl,244-593,Marína
2017,Česko,boy,176-496,Samuel Miner
2017,Česko,girl,244-593,Markéta Klára
2017,Česko,boy,176-496,Samuel Robert
2017,Česko,girl,244-593,Máří Magdaléna
2017,Česko,boy,176-496,Santiago
2017,Česko,girl,244-593,Matylda Marie
2017,Česko,boy,176-496,Santino
2017,Česko,girl,244-593,Mei Viktorie
2017,Česko,boy,176-496,Sean
2017,Česko,girl,244-593,Melinda
2017,Česko,boy,176-496,Sebastian Tomáš
2017,Česko,girl,244-593,Melinda Tea
2017,Česko,boy,176-496,Sebastian Vincent
2017,Česko,girl,244-593,Mia Rosalie
2017,Česko,boy,176-496,Sebastien
2017,Česko,girl,244-593,Michaela Mia
2017,Česko,boy,176-496,Severín
2017,Česko,girl,244-593,Minh Khue
2017,Česko,boy,176-496,Simeon
2017,Česko,girl,244-593,Minh Thu
2017,Česko,boy,176-496,Stefan
2017,Česko,girl,244-593,Mira
2017,Česko,boy,176-496,Stig
2017,Česko,girl,244-593,Miriam Sofie
2017,Česko,boy,176-496,Štefan Miloš
2017,Česko,girl,244-593,Moc Tra
2017,Česko,boy,176-496,Štefan Theodor
2017,Česko,girl,244-593,Naděžda
2017,Česko,boy,176-496,Tadeáš Eduard
2017,Česko,girl,244-593,Nancy
2017,Česko,boy,176-496,Taylor
2017,Česko,girl,244-593,Naomi Elisabeth
2017,Česko,boy,176-496,Theo
2017,Česko,girl,244-593,Natalia Anna
2017,Česko,boy,176-496,Thien Nhan
2017,Česko,girl,244-593,Natálie Nikoleta
2017,Česko,boy,176-496,Thobias
2017,Česko,girl,244-593,Natally Violett
2017,Česko,boy,176-496,Tien Thanh
2017,Česko,girl,244-593,Naysa
2017,Česko,boy,176-496,Tim
2017,Česko,girl,244-593,Nea Layla
2017,Česko,boy,176-496,Timon
2017,Česko,girl,244-593,Nela Izabela
2017,Česko,boy,176-496,Timothy Gabriel
2017,Česko,girl,244-593,Nela Jana
2017,Česko,boy,176-496,Tobias Jaroslav
2017,Česko,girl,244-593,Nela Josefína
2017,Česko,boy,176-496,Tobias Michel
2017,Česko,girl,244-593,Nelly Antonie
2017,Česko,boy,176-496,Tobiasz
2017,Česko,girl,244-593,Ngoc Ha
2017,Česko,boy,176-496,Tobiáš Jakub
2017,Česko,girl,244-593,Ngoc My An
2017,Česko,boy,176-496,Tony Chu
2017,Česko,girl,244-593,Nguyen Nhu Y
2017,Česko,boy,176-496,Tra My
2017,Česko,girl,244-593,Nguyen Quyng Anh
2017,Česko,boy,176-496,Tran Duc Anh
2017,Česko,girl,244-593,Nha Ngoc
2017,Česko,boy,176-496,Trong Hieu
2017,Česko,girl,244-593,Nicol Victoria
2017,Česko,boy,176-496,Tuan Phong
2017,Česko,girl,244-593,Nicole
2017,Česko,boy,176-496,Valentin
2017,Česko,girl,244-593,Nicole Aria
2017,Česko,boy,176-496,Vavřinec
2017,Česko,girl,244-593,Nicolette
2017,Česko,boy,176-496,Vendelín
2017,Česko,girl,244-593,Nicolla
2017,Česko,boy,176-496,Viet Anh
2017,Česko,girl,244-593,Nihal
2017,Česko,boy,176-496,Viktor Velen
2017,Česko,girl,244-593,Nika
2017,Česko,boy,176-496,Vít Karel
2017,Česko,girl,244-593,Nikita
2017,Česko,boy,176-496,Vítek Šimon
2017,Česko,girl,244-593,Nikoleta
2017,Česko,boy,176-496,Vlad
2017,Česko,girl,244-593,Nnenna Elisha
2017,Česko,boy,176-496,Vojtěch František
2017,Česko,girl,244-593,Noemi
2017,Česko,boy,176-496,Vojtěch Jakub
2017,Česko,girl,244-593,Nora
2017,Česko,boy,176-496,Vojtěch Kryštof
2017,Česko,girl,244-593,Nora Alexandra
2017,Česko,boy,176-496,Walter
2017,Česko,girl,244-593,Ofelie
2017,Česko,boy,176-496,William Constantin
2017,Česko,girl,244-593,Oldřiška
2017,Česko,boy,176-496,Wolfgang
2017,Česko,girl,244-593,Oleksandra
2017,Česko,boy,176-496,Yuze
2017,Česko,girl,244-593,Olivia
2017,Česko,boy,176-496,Zachariáš Josef
2017,Česko,girl,244-593,Olivie
2017,Česko,boy,176-496,Zbyněk
2017,Česko,girl,244-593,Oyu
2017,Česko,boy,176-496,Zlatan
2017,Česko,girl,244-593,Pariso
2017,Česko,boy,176-496,Zolboo
2017,Česko,girl,244-593,Paulina
2017,Česko,girl,244-593,Pavlína Valentýna
2017,Česko,girl,244-593,Phuong Anh
2017,Česko,girl,244-593,Phuong Linh
2017,Česko,girl,244-593,Phuong Uyen
2017,Česko,girl,244-593,Phuong Vy
2017,Česko,girl,244-593,Quynh Anh
2017,Česko,girl,244-593,Quynh Trang
2017,Česko,girl,244-593,Radka
2017,Česko,girl,244-593,Rachel Bethany
2017,Česko,girl,244-593,Rebeca
2017,Česko,girl,244-593,Rita
2017,Česko,girl,244-593,Romana
2017,Česko,girl,244-593,Ronia Lili
2017,Česko,girl,244-593,Ronja
2017,Česko,girl,244-593,Rosalia
2017,Česko,girl,244-593,Rosalie
2017,Česko,girl,244-593,Rosálie
2017,Česko,girl,244-593,Rosalie Anna
2017,Česko,girl,244-593,Rosarie
2017,Česko,girl,244-593,Rosario Andrea
2017,Česko,girl,244-593,Róza
2017,Česko,girl,244-593,Rozálie Anna
2017,Česko,girl,244-593,Rút
2017,Česko,girl,244-593,Růžene Rebeca
2017,Česko,girl,244-593,Saga
2017,Česko,girl,244-593,Salma
2017,Česko,girl,244-593,Samantha
2017,Česko,girl,244-593,Sandra Darina
2017,Česko,girl,244-593,Scarlet
2017,Česko,girl,244-593,Scarlett
2017,Česko,girl,244-593,Selin
2017,Česko,girl,244-593,Sibel
2017,Česko,girl,244-593,Simona Aspen
2017,Česko,girl,244-593,Sofia Victoria
2017,Česko,girl,244-593,Sofie Blanka
2017,Česko,girl,244-593,Sofie Katrin
2017,Česko,girl,244-593,Sofie Marie
2017,Česko,girl,244-593,Soňa Sofie
2017,Česko,girl,244-593,Sophia Anna
2017,Česko,girl,244-593,Sophia Jana
2017,Česko,girl,244-593,Stanislava
2017,Česko,girl,244-593,Stefanie
2017,Česko,girl,244-593,Stella Amélie
2017,Česko,girl,244-593,Suri Nell
2017,Česko,girl,244-593,Sylva
2017,Česko,girl,244-593,Šarlota Marie
2017,Česko,girl,244-593,Tam Anh
2017,Česko,girl,244-593,Tara
2017,Česko,girl,244-593,Tara Elissa
2017,Česko,girl,244-593,Teodora
2017,Česko,girl,244-593,Tereza Hana
2017,Česko,girl,244-593,Tereza Silvia
2017,Česko,girl,244-593,Tereza Sofie
2017,Česko,girl,244-593,Terezie Anna
2017,Česko,girl,244-593,Thalia
2017,Česko,girl,244-593,Thanh Huyen
2017,Česko,girl,244-593,Thanh Thuy
2017,Česko,girl,244-593,Thanh Van
2017,Česko,girl,244-593,Thao Linh
2017,Česko,girl,244-593,Thao Ly
2017,Česko,girl,244-593,Thao Uyen
2017,Česko,girl,244-593,Theodora
2017,Česko,girl,244-593,Thien Duyen
2017,Česko,girl,244-593,Thuy My
2017,Česko,girl,244-593,Ticiana
2017,Česko,girl,244-593,Tina Izabella
2017,Česko,girl,244-593,Tram Anh
2017,Česko,girl,244-593,Tristana
2017,Česko,girl,244-593,Týna
2017,Česko,girl,244-593,Valentina Lucie
2017,Česko,girl,244-593,Valerie Ella
2017,Česko,girl,244-593,Velérie
2017,Česko,girl,244-593,Venesa
2017,Česko,girl,244-593,Veronika Vasylivna
2017,Česko,girl,244-593,Vesna Johanka
2017,Česko,girl,244-593,Victorie
2017,Česko,girl,244-593,Viktorie Anastázie
2017,Česko,girl,244-593,Viktorie Ella
2017,Česko,girl,244-593,Viktorie Izabela
2017,Česko,girl,244-593,Viktorie Kristýna
2017,Česko,girl,244-593,Viktorie Libuše
2017,Česko,girl,244-593,Viktorka
2017,Česko,girl,244-593,Violeta
2017,Česko,girl,244-593,Vivienne
2017,Česko,girl,244-593,Yasemin
2017,Česko,girl,244-593,Yasmína
2017,Česko,girl,244-593,Yen Nhi
2017,Česko,girl,244-593,Yesui
2017,Česko,girl,244-593,Yiran
2017,Česko,girl,244-593,Zara Lilien
2017,Česko,girl,244-593,Zlatuše
2017,Česko,girl,244-593,Zoe Kateřina
2017,Česko,girl,244-593,Zorka
2017,Česko,girl,244-593,Žaneta
2017,Česko,girl,244-593,Živa
2017,Česko,girl,244-593,Žofia
2017,Česko,girl,244-593,Žofie Vilemína
2018,Česko,boy,1,Jakub
2018,Česko,girl,1,Eliška
2018,Česko,boy,2,Jan
2018,Česko,girl,2,Anna
2018,Česko,boy,3,Adam
2018,Česko,girl,3,Sofie
2018,Česko,boy,4,Matyáš
2018,Česko,girl,4,Ema
2018,Česko,boy,5,Tomáš
2018,Česko,girl,5,Tereza
2018,Česko,boy,6,Vojtěch
2018,Česko,girl,6,Karolína
2018,Česko,boy,7,Matěj
2018,Česko,girl,7,Adéla
2018,Česko,boy,8,Filip
2018,Česko,girl,8,Viktorie
2018,Česko,boy,9,Ondřej
2018,Česko,girl,9,Natálie
2018,Česko,boy,10,Dominik
2018,Česko,girl,10,Kristýna
2018,Česko,boy,11,Daniel
2018,Česko,girl,11-12,Emma
2018,Česko,boy,12,Martin
2018,Česko,girl,11-12,Julie
2018,Česko,boy,13,David
2018,Česko,girl,13,Amálie
2018,Česko,boy,14,Lukáš
2018,Česko,girl,14,Nela
2018,Česko,boy,15,Marek
2018,Česko,girl,15-16,Anežka
2018,Česko,boy,16,Václav
2018,Česko,girl,15-16,Marie
2018,Česko,boy,17,Antonín
2018,Česko,girl,17-18,Klára
2018,Česko,boy,18,Jiří
2018,Česko,girl,17-18,Laura
2018,Česko,boy,19,Kryštof
2018,Česko,girl,19-20,Barbora
2018,Česko,boy,20,Tobiáš
2018,Česko,girl,19-20,Kateřina
2018,Česko,boy,21,Petr
2018,Česko,girl,21,Lucie
2018,Česko,boy,22,Štěpán
2018,Česko,girl,22,Veronika
2018,Česko,boy,23,Šimon
2018,Česko,girl,23,Rozálie
2018,Česko,boy,24,Michal
2018,Česko,girl,24-25,Aneta
2018,Česko,boy,25,Tadeáš
2018,Česko,girl,24-25,Zuzana
2018,Česko,boy,26,Patrik
2018,Česko,girl,26,Ella
2018,Česko,boy,27,Jonáš
2018,Česko,girl,27,Sára
2018,Česko,boy,28-30,František
2018,Česko,girl,28-29,Markéta
2018,Česko,boy,28-30,Josef
2018,Česko,girl,28-29,Nikola
2018,Česko,boy,28-30,Oliver
2018,Česko,girl,30,Mia
2018,Česko,boy,31,Samuel
2018,Česko,girl,31-32,Nikol
2018,Česko,boy,32,Viktor
2018,Česko,girl,31-32,Nina
2018,Česko,boy,33,Pavel
2018,Česko,girl,33,Michaela
2018,Česko,boy,34-37,Karel
2018,Česko,girl,34,Štěpánka
2018,Česko,boy,34-37,Michael
2018,Česko,girl,35,Magdaléna
2018,Česko,boy,34-37,Mikuláš
2018,Česko,girl,36,Alžběta
2018,Česko,boy,34-37,Sebastian
2018,Česko,girl,37-38,Elena
2018,Česko,boy,38,Vít
2018,Česko,girl,37-38,Jana
2018,Česko,boy,39-41,Jáchym
2018,Česko,girl,39,Vanesa
2018,Česko,boy,39-42,Matouš
2018,Česko,girl,40,Gabriela
2018,Česko,boy,39-43,Teodor
2018,Česko,girl,41,Emily
2018,Česko,boy,42,Miroslav
2018,Česko,girl,42,Beáta
2018,Česko,boy,43,Alex
2018,Česko,girl,43,Dominika
2018,Česko,boy,44,Max
2018,Česko,girl,44-46,Hana
2018,Česko,boy,45-46,Jindřich
2018,Česko,girl,44-46,Linda
2018,Česko,boy,45-46,Maxmilián
2018,Česko,girl,44-46,Valerie
2018,Česko,boy,47,Richard
2018,Česko,girl,47,Simona
2018,Česko,boy,48-49,Tobias
2018,Česko,girl,48-49,Elen
2018,Česko,boy,48-49,Vilém
2018,Česko,girl,48-49,Monika
2018,Česko,boy,50-52,Kristián
2018,Česko,girl,50,Stella
2018,Česko,boy,50-52,Nikolas
2018,Česko,girl,51-54,Denisa
2018,Česko,boy,50-52,Sebastián
2018,Česko,girl,51-54,Klaudie
2018,Česko,boy,53-55,Eliáš
2018,Česko,girl,51-54,Lea
2018,Česko,boy,53-55,Radim
2018,Česko,girl,51-54,Vanessa
2018,Česko,boy,53-55,Vítek
2018,Česko,girl,55-58,Daniela
2018,Česko,boy,56-57,Damián
2018,Česko,girl,55-58,Johana
2018,Česko,boy,56-57,Milan
2018,Česko,girl,55-58,Josefína
2018,Česko,boy,58-61,Albert
2018,Česko,girl,55-58,Mariana
2018,Česko,boy,58-61,Eduard
2018,Česko,girl,59-62,Adriana
2018,Česko,boy,58-61,Jaroslav
2018,Česko,girl,59-62,Martina
2018,Česko,boy,58-61,Radek
2018,Česko,girl,59-62,Rozárie
2018,Česko,boy,62-63,Aleš
2018,Česko,girl,59-62,Terezie
2018,Česko,boy,62-63,Erik
2018,Česko,girl,63-65,Agáta
2018,Česko,boy,64-67,Denis
2018,Česko,girl,63-65,Emílie
2018,Česko,boy,64-67,Hugo
2018,Česko,girl,63-65,Patricie
2018,Česko,boy,64-67,Robin
2018,Česko,girl,66-68,Alena
2018,Česko,boy,64-67,Zdeněk
2018,Česko,girl,66-68,Eva
2018,Česko,boy,68-69,Alexandr
2018,Česko,girl,66-68,Magdalena
2018,Česko,boy,68-69,Kevin
2018,Česko,girl,69-72,Andrea
2018,Česko,boy,70,Roman
2018,Česko,girl,69-72,Helena
2018,Česko,boy,71-72,Ladislav
2018,Česko,girl,69-72,Nella
2018,Česko,boy,71-72,Matyas
2018,Česko,girl,69-72,Viola
2018,Česko,boy,73,Prokop
2018,Česko,girl,73-75,Lenka
2018,Česko,boy,74-76,Adrian
2018,Česko,girl,73-75,Leontýna
2018,Česko,boy,74-76,Hynek
2018,Česko,girl,73-75,Stela
2018,Česko,boy,74-76,Oskar
2018,Česko,girl,76-80,Amélie
2018,Česko,boy,77-81,Gabriel
2018,Česko,girl,76-80,Ester
2018,Česko,boy,77-81,Christian
2018,Česko,girl,76-80,Liliana
2018,Česko,boy,77-81,Kristian
2018,Česko,girl,76-80,Šarlota
2018,Česko,boy,77-81,Nicolas
2018,Česko,girl,76-80,Valentýna
2018,Česko,boy,77-81,Rudolf
2018,Česko,girl,81-87,Diana
2018,Česko,boy,82-89,Andrej
2018,Česko,girl,81-87,Františka
2018,Česko,boy,82-89,Damian
2018,Česko,girl,81-87,Nicol
2018,Česko,boy,82-89,Maxim
2018,Česko,girl,81-87,Petra
2018,Česko,boy,82-89,Robert
2018,Česko,girl,81-87,Sofia
2018,Česko,boy,82-89,Rostislav
2018,Česko,girl,81-87,Vendula
2018,Česko,boy,82-89,Stanislav
2018,Česko,girl,81-87,Zoe
2018,Česko,boy,82-89,Vincent
2018,Česko,girl,88-92,Evelína
2018,Česko,boy,82-89,Vladimír
2018,Česko,girl,88-92,Izabela
2018,Česko,boy,90-96,Artur
2018,Česko,girl,88-92,Justýna
2018,Česko,boy,90-96,Hubert
2018,Česko,girl,88-92,Lilien
2018,Česko,boy,90-96,Jaromír
2018,Česko,girl,88-92,Žofie
2018,Česko,boy,90-96,Libor
2018,Česko,girl,93-99,Alexandra
2018,Česko,boy,90-96,Lucas
2018,Česko,girl,93-99,Alice
2018,Česko,boy,90-96,Theodor
2018,Česko,girl,93-99,Bára
2018,Česko,boy,90-96,Vojta
2018,Česko,girl,93-99,Dorota
2018,Česko,boy,97-105,Bartoloměj
2018,Česko,girl,93-99,Elizabeth
2018,Česko,boy,97-105,Dan
2018,Česko,girl,93-99,Jolana
2018,Česko,boy,97-105,Mathias
2018,Česko,girl,93-99,Soňa
2018,Česko,boy,97-105,Přemysl
2018,Česko,girl,100-105,Adina
2018,Česko,boy,97-105,Sebastien
2018,Česko,girl,100-105,Ellen
2018,Česko,boy,97-105,Tom
2018,Česko,girl,100-105,Lada
2018,Česko,boy,97-105,Vladislav
2018,Česko,girl,100-105,Ludmila
2018,Česko,boy,97-105,Vlastimil
2018,Česko,girl,100-105,Matylda
2018,Česko,boy,97-105,Zbyněk
2018,Česko,girl,100-105,Vivien
2018,Česko,boy,106-121,Alan
2018,Česko,girl,106-117,Anna Marie
2018,Česko,boy,106-121,Alfréd
2018,Česko,girl,106-117,Charlotte
2018,Česko,boy,106-121,Alois
2018,Česko,girl,106-117,Isabela
2018,Česko,boy,106-121,Benedikt
2018,Česko,girl,106-117,Kamila
2018,Česko,boy,106-121,Bruno
2018,Česko,girl,106-117,Karin
2018,Česko,boy,106-121,Cyril
2018,Česko,girl,106-117,Karla
2018,Česko,boy,106-121,Dalibor
2018,Česko,girl,106-117,Meda
2018,Česko,boy,106-121,Felix
2018,Česko,girl,106-117,Pavlína
2018,Česko,boy,106-121,Leoš
2018,Česko,girl,106-117,Šárka
2018,Česko,boy,106-121,Marián
2018,Česko,girl,106-117,Tamara
2018,Česko,boy,106-121,Matteo
2018,Česko,girl,106-117,Thea
2018,Česko,boy,106-121,Oldřich
2018,Česko,girl,106-117,Valérie
2018,Česko,boy,106-121,Otakar
2018,Česko,girl,118-126,Anastázie
2018,Česko,boy,106-121,Theo
2018,Česko,girl,118-126,Berenika
2018,Česko,boy,106-121,Vratislav
2018,Česko,girl,118-126,Ela
2018,Česko,boy,106-121,William
2018,Česko,girl,118-126,Gita
2018,Česko,boy,122-134,Benjamín
2018,Česko,girl,118-126,Jasmína
2018,Česko,boy,122-134,Čeněk
2018,Česko,girl,118-126,Jindřiška
2018,Česko,boy,122-134,Janek
2018,Česko,girl,118-126,Malvína
2018,Česko,boy,122-134,Luboš
2018,Česko,girl,118-126,Melánie
2018,Česko,boy,122-134,Marian
2018,Česko,girl,118-126,Sandra
2018,Česko,boy,122-134,Mario
2018,Česko,girl,127-134,Dita
2018,Česko,boy,122-134,Matias
2018,Česko,girl,127-134,Isabella
2018,Česko,boy,122-134,Maxmilian
2018,Česko,girl,127-134,Ivana
2018,Česko,boy,122-134,Mikoláš
2018,Česko,girl,127-134,Jitka
2018,Česko,boy,122-134,Ota
2018,Česko,girl,127-134,Maya
2018,Česko,boy,122-134,Timotej
2018,Česko,girl,127-134,Melanie
2018,Česko,boy,122-134,Vavřinec
2018,Česko,girl,127-134,Miriam
2018,Česko,boy,122-134,Vendelín
2018,Česko,girl,127-134,Sabina
2018,Česko,boy,135-179,Adrien
2018,Česko,girl,135-150,Anita
2018,Česko,boy,135-179,Alexander
2018,Česko,girl,135-150,Antonie
2018,Česko,boy,135-179,Andrei
2018,Česko,girl,135-150,Dora
2018,Česko,boy,135-179,Anton
2018,Česko,girl,135-150,Ellie
2018,Česko,boy,135-179,Áron
2018,Česko,girl,135-150,Erika
2018,Česko,boy,135-179,Benjamin
2018,Česko,girl,135-150,Irena
2018,Česko,boy,135-179,Bohumil
2018,Česko,girl,135-150,Johanka
2018,Česko,boy,135-179,Boris
2018,Česko,girl,135-150,Kristina
2018,Česko,boy,135-179,Daniele
2018,Česko,girl,135-150,Lara
2018,Česko,boy,135-179,Dušan
2018,Česko,girl,135-150,Lily
2018,Česko,boy,135-179,Ernest
2018,Česko,girl,135-150,Madlen
2018,Česko,boy,135-179,Gia Huy
2018,Česko,girl,135-150,Magda
2018,Česko,boy,135-179,Jeremiáš
2018,Česko,girl,135-150,Melisa
2018,Česko,boy,135-179,Jeroným
2018,Česko,girl,135-150,Rebeka
2018,Česko,boy,135-179,Jonatan
2018,Česko,girl,135-150,Renata
2018,Česko,boy,135-179,Jonatán
2018,Česko,girl,135-150,Victorie
2018,Česko,boy,135-179,Justin
2018,Česko,girl,151-174,Agnes
2018,Česko,boy,135-179,Kristián Jan
2018,Česko,girl,151-174,Alisa
2018,Česko,boy,135-179,Kryšpín
2018,Česko,girl,151-174,Amálka
2018,Česko,boy,135-179,Leo
2018,Česko,girl,151-174,Amy
2018,Česko,boy,135-179,Leon
2018,Česko,girl,151-174,Anika
2018,Česko,boy,135-179,Leonard
2018,Česko,girl,151-174,Beata
2018,Česko,boy,135-179,Lubomír
2018,Česko,girl,151-174,Claudie
2018,Česko,boy,135-179,Marcus
2018,Česko,girl,151-174,Darina
2018,Česko,boy,135-179,Mário
2018,Česko,girl,151-174,Elin
2018,Česko,boy,135-179,Mark
2018,Česko,girl,151-174,Elis
2018,Česko,boy,135-179,Matthias
2018,Česko,girl,151-174,Elisabet
2018,Česko,boy,135-179,Metoděj
2018,Česko,girl,151-174,Evelyn
2018,Česko,boy,135-179,Miloš
2018,Česko,girl,151-174,Ida
2018,Česko,boy,135-179,Mojmír
2018,Česko,girl,151-174,Jessica
2018,Česko,boy,135-179,Nikolaj
2018,Česko,girl,151-174,Karina
2018,Česko,boy,135-179,Noel
2018,Česko,girl,151-174,Leona
2018,Česko,boy,135-179,Otto
2018,Česko,girl,151-174,Lilly
2018,Česko,boy,135-179,Peter
2018,Česko,girl,151-174,Olivie
2018,Česko,boy,135-179,Radan
2018,Česko,girl,151-174,Radka
2018,Česko,boy,135-179,Radovan
2018,Česko,girl,151-174,Rozárka
2018,Česko,boy,135-179,Rafael
2018,Česko,girl,151-174,Sophie
2018,Česko,boy,135-179,Ragnar
2018,Česko,girl,151-174,Věra
2018,Česko,boy,135-179,Simon
2018,Česko,girl,151-174,Zita
2018,Česko,boy,135-179,Steven
2018,Česko,girl,151-174,Zorka
2018,Česko,boy,135-179,Svatopluk
2018,Česko,girl,175-246,Abigail
2018,Česko,boy,135-179,Štefan
2018,Česko,girl,175-246,Ada
2018,Česko,boy,135-179,Tibor
2018,Česko,girl,175-246,Ágnes
2018,Česko,boy,135-179,Timon
2018,Česko,girl,175-246,Albína
2018,Česko,boy,135-179,Viliam
2018,Česko,girl,175-246,Aloisie
2018,Česko,boy,180-553,Adam Alexander
2018,Česko,girl,175-246,Amelie
2018,Česko,boy,180-553,Adam Bryan
2018,Česko,girl,175-246,Anabella
2018,Česko,boy,180-553,Adam Fuad
2018,Česko,girl,175-246,Angie
2018,Česko,boy,180-553,Adam Jaroslav
2018,Česko,girl,175-246,Anh Thu
2018,Česko,boy,180-553,Adam Maxmilián
2018,Česko,girl,175-246,Annika
2018,Česko,boy,180-553,Adam Petr
2018,Česko,girl,175-246,Apolena
2018,Česko,boy,180-553,Adam Stanislav
2018,Česko,girl,175-246,Ariana
2018,Česko,boy,180-553,Adam Tobias
2018,Česko,girl,175-246,Běla
2018,Česko,boy,180-553,Adolf
2018,Česko,girl,175-246,Bianca
2018,Česko,boy,180-553,Adrian Antonín
2018,Česko,girl,175-246,Bibiana
2018,Česko,boy,180-553,Ahmad
2018,Česko,girl,175-246,Brigita
2018,Česko,boy,180-553,Albín
2018,Česko,girl,175-246,Claudia
2018,Česko,boy,180-553,Aleksander
2018,Česko,girl,175-246,Daisy
2018,Česko,boy,180-553,Alex Elliot
2018,Česko,girl,175-246,Daryna
2018,Česko,boy,180-553,Alex Sebastian
2018,Česko,girl,175-246,Debora
2018,Česko,boy,180-553,Alexandros
2018,Česko,girl,175-246,Edita
2018,Česko,boy,180-553,Alexej
2018,Česko,girl,175-246,Eleanor
2018,Česko,boy,180-553,Alexey
2018,Česko,girl,175-246,Eleonora
2018,Česko,boy,180-553,Alfred
2018,Česko,girl,175-246,Elisabeth
2018,Česko,boy,180-553,Alfréd Jonáš
2018,Česko,girl,175-246,Emilie
2018,Česko,boy,180-553,Ander
2018,Česko,girl,175-246,Erin
2018,Česko,boy,180-553,Andreas
2018,Česko,girl,175-246,Evelina
2018,Česko,boy,180-553,Andrei Alexandru
2018,Česko,girl,175-246,Hannah
2018,Česko,boy,180-553,Andrew
2018,Česko,girl,175-246,Hermína
2018,Česko,boy,180-553,Andrzej
2018,Česko,girl,175-246,Huyen My
2018,Česko,boy,180-553,Anh Duc
2018,Česko,girl,175-246,Ilona
2018,Česko,boy,180-553,Anh Vu
2018,Česko,girl,175-246,Isabel
2018,Česko,boy,180-553,Anthony
2018,Česko,girl,175-246,Jarmila
2018,Česko,boy,180-553,Antoine
2018,Česko,girl,175-246,Jasmin
2018,Česko,boy,180-553,Antonín Alois
2018,Česko,girl,175-246,Julia
2018,Česko,boy,180-553,Antonín Petr
2018,Česko,girl,175-246,Kira
2018,Česko,boy,180-553,Antonio Marek
2018,Česko,girl,175-246,Lejla
2018,Česko,boy,180-553,Arian
2018,Česko,girl,175-246,Lola
2018,Česko,boy,180-553,Armand Matthieu
2018,Česko,girl,175-246,Lota
2018,Česko,boy,180-553,Arthur
2018,Česko,girl,175-246,Lotta
2018,Česko,boy,180-553,Artur Ludvík
2018,Česko,girl,175-246,Maja
2018,Česko,boy,180-553,Arvis
2018,Česko,girl,175-246,Majdalena
2018,Česko,boy,180-553,Augustin
2018,Česko,girl,175-246,Marianna
2018,Česko,boy,180-553,Augustýn
2018,Česko,girl,175-246,Marika
2018,Česko,boy,180-553,Augustýn David
2018,Česko,girl,175-246,Melissa
2018,Česko,boy,180-553,Bao
2018,Česko,girl,175-246,Melissa Emilie
2018,Česko,boy,180-553,Bao Khang
2018,Česko,girl,175-246,Michala
2018,Česko,boy,180-553,Bao Long
2018,Česko,girl,175-246,Milena
2018,Česko,boy,180-553,Bastian
2018,Česko,girl,175-246,Mona
2018,Česko,boy,180-553,Bawer
2018,Česko,girl,175-246,Natali
2018,Česko,boy,180-553,Benjamin Joseph
2018,Česko,girl,175-246,Natália
2018,Česko,boy,180-553,Benjamin Michal
2018,Česko,girl,175-246,Noemi
2018,Česko,boy,180-553,Bentley Enow
2018,Česko,girl,175-246,Olivia
2018,Česko,boy,180-553,Binh Minh
2018,Česko,girl,175-246,Pavla
2018,Česko,boy,180-553,Bohdan
2018,Česko,girl,175-246,Rosalie
2018,Česko,boy,180-553,Bonifác
2018,Česko,girl,175-246,Rosie
2018,Česko,boy,180-553,Brian Matyas
2018,Česko,girl,175-246,Růžena
2018,Česko,boy,180-553,Bryan
2018,Česko,girl,175-246,Samanta
2018,Česko,boy,180-553,Caiden Emmanuel
2018,Česko,girl,175-246,Sara
2018,Česko,boy,180-553,Cedrik
2018,Česko,girl,175-246,Silvie
2018,Česko,boy,180-553,Cong Minh Tuan
2018,Česko,girl,175-246,Sofie Anna
2018,Česko,boy,180-553,Cristian
2018,Česko,girl,175-246,Taťána
2018,Česko,boy,180-553,Čestmír
2018,Česko,girl,175-246,Timea
2018,Česko,boy,180-553,Damian Milan
2018,Česko,girl,175-246,Tina
2018,Česko,boy,180-553,Damien
2018,Česko,girl,175-246,Valentina
2018,Česko,boy,180-553,Dang Khoi
2018,Česko,girl,175-246,Valerie Chelsea
2018,Česko,boy,180-553,Daniel Michal
2018,Česko,girl,175-246,Vendulka
2018,Česko,boy,180-553,Daniel Patrick
2018,Česko,girl,175-246,Viktoria
2018,Česko,boy,180-553,Daniel Roman
2018,Česko,girl,175-246,Vilma
2018,Česko,boy,180-553,Danill
2018,Česko,girl,175-246,Zina
2018,Česko,boy,180-553,Darius
2018,Česko,girl,175-246,Zlata
2018,Česko,boy,180-553,Darren Shane
2018,Česko,girl,175-246,Zora
2018,Česko,boy,180-553,David Michal
2018,Česko,girl,247-680,A Dong
2018,Česko,boy,180-553,David Nathanael
2018,Česko,girl,247-680,Abby
2018,Česko,boy,180-553,Davide Demir
2018,Česko,girl,247-680,Adela
2018,Česko,boy,180-553,Demien
2018,Česko,girl,247-680,Adelina
2018,Česko,boy,180-553,Denis Boris
2018,Česko,girl,247-680,Adella
2018,Česko,boy,180-553,Denny
2018,Česko,girl,247-680,Adina Mona
2018,Česko,boy,180-553,Derik Václav
2018,Česko,girl,247-680,Adriana Daniela
2018,Česko,boy,180-553,Dinh Trung
2018,Česko,girl,247-680,Agáta Petra
2018,Česko,boy,180-553,Diviš
2018,Česko,girl,247-680,Agnes Eleanor
2018,Česko,boy,180-553,Dmitriy
2018,Česko,girl,247-680,Aimee
2018,Česko,boy,180-553,Dominik Gabriel
2018,Česko,girl,247-680,Alana
2018,Česko,boy,180-553,Dominik Jan
2018,Česko,girl,247-680,Alena Mia
2018,Česko,boy,180-553,Dominik Jaroslav
2018,Česko,girl,247-680,Alena Sofie
2018,Česko,boy,180-553,Dominik Karel
2018,Česko,girl,247-680,Alenka
2018,Česko,boy,180-553,Dominik Leo
2018,Česko,girl,247-680,Alexandra Helen
2018,Česko,boy,180-553,Dominik Mikuláš
2018,Česko,girl,247-680,Alexandra Izabel
2018,Česko,boy,180-553,Dominik Otakar
2018,Česko,girl,247-680,Alice Anna
2018,Česko,boy,180-553,Donar
2018,Česko,girl,247-680,Alina
2018,Česko,boy,180-553,Dorian
2018,Česko,girl,247-680,Amalie
2018,Česko,boy,180-553,Duc Anh
2018,Česko,girl,247-680,Amálie Emma
2018,Česko,boy,180-553,Duc Danny
2018,Česko,girl,247-680,Amálie Eulálie
2018,Česko,boy,180-553,Duc Duy
2018,Česko,girl,247-680,Amálie Jaromíra
2018,Česko,boy,180-553,Dylan
2018,Česko,girl,247-680,Amalija
2018,Česko,boy,180-553,Eda
2018,Česko,girl,247-680,Amelia
2018,Česko,boy,180-553,Edvard
2018,Česko,girl,247-680,Amélie Marie
2018,Česko,boy,180-553,Edvín
2018,Česko,girl,247-680,An
2018,Česko,boy,180-553,Edward Petr
2018,Česko,girl,247-680,An Nhien
2018,Česko,boy,180-553,Efe
2018,Česko,girl,247-680,Anabell
2018,Česko,boy,180-553,Elias
2018,Česko,girl,247-680,Anastazja
2018,Česko,boy,180-553,Eliáš Josef
2018,Česko,girl,247-680,Andělína
2018,Česko,boy,180-553,Elliott Oliver
2018,Česko,girl,247-680,Andrea María
2018,Česko,boy,180-553,Elmír
2018,Česko,girl,247-680,Anežka Mariam
2018,Česko,boy,180-553,Emil
2018,Česko,girl,247-680,Angela
2018,Česko,boy,180-553,Emilio
2018,Česko,girl,247-680,Anh Ngoc
2018,Česko,boy,180-553,Ervín
2018,Česko,girl,247-680,Anička
2018,Česko,boy,180-553,Ethan Noah
2018,Česko,girl,247-680,Anna  Sofia
2018,Česko,boy,180-553,Fabián
2018,Česko,girl,247-680,Anna Alice
2018,Česko,boy,180-553,Faris
2018,Česko,girl,247-680,Anna Elizabeth
2018,Česko,boy,180-553,Felix Alan
2018,Česko,girl,247-680,Anna Gerda
2018,Česko,boy,180-553,Ferdinand
2018,Česko,girl,247-680,Anna Margita
2018,Česko,boy,180-553,Ferenc
2018,Česko,girl,247-680,Anna Mia
2018,Česko,boy,180-553,Filip Gabriel
2018,Česko,girl,247-680,Anna Victorie
2018,Česko,boy,180-553,Filip Vincent
2018,Česko,girl,247-680,Annabel
2018,Česko,boy,180-553,Florián
2018,Česko,girl,247-680,Annabell
2018,Česko,boy,180-553,Francesco
2018,Česko,girl,247-680,Annabelle
2018,Česko,boy,180-553,František Antonín
2018,Česko,girl,247-680,Annelies
2018,Česko,boy,180-553,František Josef
2018,Česko,girl,247-680,Annemari
2018,Česko,boy,180-553,František Orhan
2018,Česko,girl,247-680,Antonella
2018,Česko,boy,180-553,Fred
2018,Česko,girl,247-680,Anudari
2018,Česko,boy,180-553,Frederik
2018,Česko,girl,247-680,Arianna
2018,Česko,boy,180-553,Garid
2018,Česko,girl,247-680,Ariel
2018,Česko,boy,180-553,Gaston
2018,Česko,girl,247-680,Arika
2018,Česko,boy,180-553,George
2018,Česko,girl,247-680,Aura
2018,Česko,boy,180-553,German
2018,Česko,girl,247-680,Aurelia
2018,Česko,boy,180-553,Guancong
2018,Česko,girl,247-680,Ava
2018,Česko,boy,180-553,Gustav
2018,Česko,girl,247-680,Ava Rose
2018,Česko,boy,180-553,Hai Dang
2018,Česko,girl,247-680,Aysuu
2018,Česko,boy,180-553,Hai Minh
2018,Česko,girl,247-680,Azjargal
2018,Česko,boy,180-553,Hajk
2018,Česko,girl,247-680,Babeta
2018,Česko,boy,180-553,Hamad Satam
2018,Česko,girl,247-680,Bao An
2018,Česko,boy,180-553,Hao Ze
2018,Česko,girl,247-680,Bao Han
2018,Česko,boy,180-553,Harry
2018,Česko,girl,247-680,Bao Chi
2018,Česko,boy,180-553,Herbert
2018,Česko,girl,247-680,Bao Vy
2018,Česko,boy,180-553,Huu Minh Khang
2018,Česko,girl,247-680,Barbara
2018,Česko,boy,180-553,Charlie
2018,Česko,girl,247-680,Bea
2018,Česko,boy,180-553,Cheng Ze
2018,Česko,girl,247-680,Beata Ivana
2018,Česko,boy,180-553,Chengxi
2018,Česko,girl,247-680,Beatrice
2018,Česko,boy,180-553,Chris
2018,Česko,girl,247-680,Berta
2018,Česko,boy,180-553,Ignác Bartoloměj
2018,Česko,girl,247-680,Blanka
2018,Česko,boy,180-553,Igor
2018,Česko,girl,247-680,Bona
2018,Česko,boy,180-553,Ikechukwu Oliver
2018,Česko,girl,247-680,Božena
2018,Česko,boy,180-553,Ioan Sebastian
2018,Česko,girl,247-680,Caitlín
2018,Česko,boy,180-553,Itgelen
2018,Česko,girl,247-680,Carmen
2018,Česko,boy,180-553,Ivan
2018,Česko,girl,247-680,Carolina
2018,Česko,boy,180-553,Jack
2018,Česko,girl,247-680,Cat Tien
2018,Česko,boy,180-553,Jack Thomas
2018,Česko,girl,247-680,Cecilia Maria
2018,Česko,boy,180-553,Jakub Eddie
2018,Česko,girl,247-680,Cecílie
2018,Česko,boy,180-553,Jakub Jan
2018,Česko,girl,247-680,Celestina
2018,Česko,boy,180-553,Jakub Jiří
2018,Česko,girl,247-680,Clarissa
2018,Česko,boy,180-553,Jakub Pavel
2018,Česko,girl,247-680,Claudia Mia
2018,Česko,boy,180-553,Jakub Václav
2018,Česko,girl,247-680,Dagmar
2018,Česko,boy,180-553,Jakub Vojen
2018,Česko,girl,247-680,Danielle Sarah
2018,Česko,boy,180-553,Ján
2018,Česko,girl,247-680,Dao Van Nhi
2018,Česko,boy,180-553,Jan Antonín
2018,Česko,girl,247-680,Darija
2018,Česko,boy,180-553,Jan Bohumil
2018,Česko,girl,247-680,Dea Lea
2018,Česko,boy,180-553,Jan Jiří
2018,Česko,girl,247-680,Dela
2018,Česko,boy,180-553,Jan Ladislav
2018,Česko,girl,247-680,Diep Anh
2018,Česko,boy,180-553,Jan Martin
2018,Česko,girl,247-680,Diev Linh
2018,Česko,boy,180-553,Jan Quido
2018,Česko,girl,247-680,Dina
2018,Česko,boy,180-553,Jan Santiago
2018,Česko,girl,247-680,Do Gia Han
2018,Česko,boy,180-553,Jan Václav
2018,Česko,girl,247-680,Doi Mai Hpring
2018,Česko,boy,180-553,Jan Vavřinec
2018,Česko,girl,247-680,Doriana
2018,Česko,boy,180-553,Janek Maximilian
2018,Česko,girl,247-680,Dorka
2018,Česko,boy,180-553,Janis Iskander
2018,Česko,girl,247-680,Dorota Viktorie
2018,Česko,boy,180-553,Janis Otto
2018,Česko,girl,247-680,Dorotea
2018,Česko,boy,180-553,Jaromír Oskar
2018,Česko,girl,247-680,Doubravka
2018,Česko,boy,180-553,Jaroslav Vincent
2018,Česko,girl,247-680,Drahomíra
2018,Česko,boy,180-553,Jindřich Jakub
2018,Česko,girl,247-680,Dunja
2018,Česko,boy,180-553,Jing Yi
2018,Česko,girl,247-680,Ela Dagmar
2018,Česko,boy,180-553,Jirka
2018,Česko,girl,247-680,Elena Marie
2018,Česko,boy,180-553,Jiří Mirek
2018,Česko,girl,247-680,Elena Serena
2018,Česko,boy,180-553,Jiří Radoslav
2018,Česko,girl,247-680,Eli
2018,Česko,boy,180-553,Jiří Slavomír
2018,Česko,girl,247-680,Elif
2018,Česko,boy,180-553,Jiří Štěpán
2018,Česko,girl,247-680,Elisa
2018,Česko,boy,180-553,Jiří Valerian
2018,Česko,girl,247-680,Elisabeth Sára
2018,Česko,boy,180-553,Johan
2018,Česko,girl,247-680,Elishka
2018,Česko,boy,180-553,Johan Ludvík
2018,Česko,girl,247-680,Eliss
2018,Česko,boy,180-553,Jonáš Kristián
2018,Česko,girl,247-680,Eliška Elen
2018,Česko,boy,180-553,Jordan
2018,Česko,girl,247-680,Eliška Marie
2018,Česko,boy,180-553,Josef Filip
2018,Česko,girl,247-680,Eliška Natálie
2018,Česko,boy,180-553,Josef Radovan
2018,Česko,girl,247-680,Elizabell
2018,Česko,boy,180-553,Jozef
2018,Česko,girl,247-680,Elizabeth Patricie
2018,Česko,boy,180-553,Jozua
2018,Česko,girl,247-680,Elizabeth Vlasta
2018,Česko,boy,180-553,Julian
2018,Česko,girl,247-680,Elizaveta
2018,Česko,boy,180-553,Julián
2018,Česko,girl,247-680,Ella Grace
2018,Česko,boy,180-553,Julius
2018,Česko,girl,247-680,Elli
2018,Česko,boy,180-553,Juraj
2018,Česko,girl,247-680,Elżbieta
2018,Česko,boy,180-553,Kaito
2018,Česko,girl,247-680,Ema Alexandra
2018,Česko,boy,180-553,Karl
2018,Česko,girl,247-680,Ema Eliška
2018,Česko,boy,180-553,Karol Sebastian
2018,Česko,girl,247-680,Ema Marlene
2018,Česko,boy,180-553,Kašpar Elien
2018,Česko,girl,247-680,Ema Silvie
2018,Česko,boy,180-553,Kenan
2018,Česko,girl,247-680,Emili
2018,Česko,boy,180-553,Kieu Long
2018,Česko,girl,247-680,Emilia
2018,Česko,boy,180-553,Kilian Theo
2018,Česko,girl,247-680,Emília
2018,Česko,boy,180-553,Killian
2018,Česko,girl,247-680,Emílie Anna
2018,Česko,boy,180-553,Kirill
2018,Česko,girl,247-680,Emílie Cahayu
2018,Česko,boy,180-553,Kristián David
2018,Česko,girl,247-680,Emily Klára
2018,Česko,boy,180-553,Kristof
2018,Česko,girl,247-680,Emma Milena
2018,Česko,boy,180-553,Kryštof Ivan
2018,Česko,girl,247-680,Emma Molly
2018,Česko,boy,180-553,Kryštof Jakub
2018,Česko,girl,247-680,Emma Ounissa
2018,Česko,boy,180-553,Kryštof Valter
2018,Česko,girl,247-680,Emma Rozálie
2018,Česko,boy,180-553,Kryštof Vilém
2018,Česko,girl,247-680,Emma Terezie
2018,Česko,boy,180-553,Kurt
2018,Česko,girl,247-680,Emma Viktorie
2018,Česko,boy,180-553,Kvido
2018,Česko,girl,247-680,Emma-Julie
2018,Česko,boy,180-553,Kvído
2018,Česko,girl,247-680,Erica Valentina
2018,Česko,boy,180-553,Leon Philip
2018,Česko,girl,247-680,Erika Anna
2018,Česko,boy,180-553,Lev
2018,Česko,girl,247-680,Ester Hope
2018,Česko,boy,180-553,Liam
2018,Česko,girl,247-680,Eva Lillian
2018,Česko,boy,180-553,Lucas Long
2018,Česko,girl,247-680,Evelin
2018,Česko,boy,180-553,Lucas Luiz
2018,Česko,girl,247-680,Evelína Marie
2018,Česko,boy,180-553,Lucas Petr
2018,Česko,girl,247-680,Gabriela Anděla
2018,Česko,boy,180-553,Ludovít
2018,Česko,girl,247-680,Gia Han
2018,Česko,boy,180-553,Ludvík
2018,Česko,girl,247-680,Gia Linh
2018,Česko,boy,180-553,Lukas
2018,Česko,girl,247-680,Gréta
2018,Česko,boy,180-553,Lukáš Jan
2018,Česko,girl,247-680,Ha My
2018,Česko,boy,180-553,Lukáš Petr
2018,Česko,girl,247-680,Hai Vy
2018,Česko,boy,180-553,Mak
2018,Česko,girl,247-680,Hana Maria
2018,Česko,boy,180-553,Maksim
2018,Česko,girl,247-680,Hanka
2018,Česko,boy,180-553,Maksym
2018,Česko,girl,247-680,Helena Květoslava
2018,Česko,boy,180-553,Manraj
2018,Česko,girl,247-680,Helena Maja
2018,Česko,boy,180-553,Marcel
2018,Česko,girl,247-680,Hoai An
2018,Česko,boy,180-553,Marco
2018,Česko,girl,247-680,Huyen An
2018,Česko,boy,180-553,Marián Vladimír
2018,Česko,girl,247-680,Chanel
2018,Česko,boy,180-553,Maroš
2018,Česko,girl,247-680,Charllotte
2018,Česko,boy,180-553,Martin Jáchym
2018,Česko,girl,247-680,Charlotta
2018,Česko,boy,180-553,Martin Josef
2018,Česko,girl,247-680,Charlotte Clarissa
2018,Česko,boy,180-553,Martin Leonard
2018,Česko,girl,247-680,Chau Anh
2018,Česko,boy,180-553,Marvin
2018,Česko,girl,247-680,Christina
2018,Česko,boy,180-553,Matej
2018,Česko,girl,247-680,Ilona Tamara
2018,Česko,boy,180-553,Mateo
2018,Česko,girl,247-680,Ina
2018,Česko,boy,180-553,Mateo Fabian
2018,Česko,girl,247-680,Inna
2018,Česko,boy,180-553,Matheo
2018,Česko,girl,247-680,Irena Julie
2018,Česko,boy,180-553,Mathias Joel
2018,Česko,girl,247-680,Isabell Emma
2018,Česko,boy,180-553,Matt
2018,Česko,girl,247-680,Isabell Grace
2018,Česko,boy,180-553,Matthew
2018,Česko,girl,247-680,Iva
2018,Česko,boy,180-553,Mattyas
2018,Česko,girl,247-680,Izabela Zoe
2018,Česko,boy,180-553,Matvej
2018,Česko,girl,247-680,Jana Anna
2018,Česko,boy,180-553,Matvij
2018,Česko,girl,247-680,Jana Jaroslava
2018,Česko,boy,180-553,Matyáš Igor
2018,Česko,girl,247-680,Jana Viktorie
2018,Česko,boy,180-553,Matyáš Jakub
2018,Česko,girl,247-680,Jasmina
2018,Česko,boy,180-553,Matyáš Jaroslav
2018,Česko,girl,247-680,Jasmine
2018,Česko,boy,180-553,Matyáš Josef
2018,Česko,girl,247-680,Jennifer
2018,Česko,boy,180-553,Matyáš Michael
2018,Česko,girl,247-680,Jevhenija
2018,Česko,boy,180-553,Max Noel
2018,Česko,girl,247-680,Jiřina
2018,Česko,boy,180-553,Maxián
2018,Česko,girl,247-680,Jiřina Ludmila
2018,Česko,boy,180-553,Maximo
2018,Česko,girl,247-680,Josefa
2018,Česko,boy,180-553,Medard
2018,Česko,girl,247-680,Josefina
2018,Česko,boy,180-553,Michal Denis
2018,Česko,girl,247-680,Jozefína Marie
2018,Česko,boy,180-553,Michal Tadeáš
2018,Česko,girl,247-680,Júlia
2018,Česko,boy,180-553,Mikael
2018,Česko,girl,247-680,Juliana
2018,Česko,boy,180-553,Mikel
2018,Česko,girl,247-680,Julie Laura
2018,Česko,boy,180-553,Mikeš
2018,Česko,girl,247-680,Julie Vlasta
2018,Česko,boy,180-553,Mikuláš Moris
2018,Česko,girl,247-680,Justina
2018,Česko,boy,180-553,Miky
2018,Česko,girl,247-680,Justína
2018,Česko,boy,180-553,Milan David
2018,Česko,girl,247-680,Kara
2018,Česko,boy,180-553,Miloslav Aslan
2018,Česko,girl,247-680,Karolína Benedetta
2018,Česko,boy,180-553,Minh Duc
2018,Česko,girl,247-680,Karolína Marie
2018,Česko,boy,180-553,Minh Phuc
2018,Česko,girl,247-680,Kate
2018,Česko,boy,180-553,Mirek
2018,Česko,girl,247-680,Kateryna
2018,Česko,boy,180-553,Miron
2018,Česko,girl,247-680,Kateřina Jaroslava
2018,Česko,boy,180-553,Miroslav Dušan
2018,Česko,girl,247-680,Kateřina Lily
2018,Česko,boy,180-553,Mohamed Khalid
2018,Česko,girl,247-680,Kathryn Mary
2018,Česko,boy,180-553,Nam Bao
2018,Česko,girl,247-680,Katie
2018,Česko,boy,180-553,Namsrai
2018,Česko,girl,247-680,Katka
2018,Česko,boy,180-553,Natanael
2018,Česko,girl,247-680,Katrin
2018,Česko,boy,180-553,Nathan Samuel
2018,Česko,girl,247-680,Katty Leona
2018,Česko,boy,180-553,Nathaniel
2018,Česko,girl,247-680,Khanh An
2018,Česko,boy,180-553,Nhat Bách
2018,Česko,girl,247-680,Kiara
2018,Česko,boy,180-553,Nhat Duy Anh
2018,Česko,girl,247-680,Kim Dung
2018,Česko,boy,180-553,Nicolas Alexander
2018,Česko,girl,247-680,Kimberly
2018,Česko,boy,180-553,Nicolas Jan
2018,Česko,girl,247-680,Klaudie Kira
2018,Česko,boy,180-553,Noah Daniel
2018,Česko,girl,247-680,Klementina
2018,Česko,boy,180-553,Oliver Aiden
2018,Česko,girl,247-680,Květa
2018,Česko,boy,180-553,Oliver James
2018,Česko,girl,247-680,Laila
2018,Česko,boy,180-553,Omar
2018,Česko,girl,247-680,Lan Phuong
2018,Česko,boy,180-553,Ondřej Jakub
2018,Česko,girl,247-680,Larysa
2018,Česko,boy,180-553,Oto
2018,Česko,girl,247-680,Laura Anna
2018,Česko,boy,180-553,Patrick Andrei
2018,Česko,girl,247-680,Layla
2018,Česko,boy,180-553,Patrik Gabriel
2018,Česko,girl,247-680,Leona Alena
2018,Česko,boy,180-553,Patrik Nikolas
2018,Česko,girl,247-680,Leontina Zuzana
2018,Česko,boy,180-553,Pavel Josef
2018,Česko,girl,247-680,Leontýna Viktorie
2018,Česko,boy,180-553,Pavel Samuel
2018,Česko,girl,247-680,Leticie
2018,Česko,boy,180-553,Pepa
2018,Česko,girl,247-680,Lia
2018,Česko,boy,180-553,Petr Kristian
2018,Česko,girl,247-680,Libuše
2018,Česko,boy,180-553,Petr Ruprecht
2018,Česko,girl,247-680,Lili Anna
2018,Česko,boy,180-553,Petr Viktor
2018,Česko,girl,247-680,Lilian
2018,Česko,boy,180-553,Petr Vladimír
2018,Česko,girl,247-680,Liliana Martina
2018,Česko,boy,180-553,Pham Duc Huy
2018,Česko,girl,247-680,Lilianna Koumba
2018,Česko,boy,180-553,Phan Anh
2018,Česko,girl,247-680,Lilien Anna
2018,Česko,boy,180-553,Philip
2018,Česko,girl,247-680,Lilien Lenka
2018,Česko,boy,180-553,Philip Petr
2018,Česko,girl,247-680,Lillian
2018,Česko,boy,180-553,Pietro
2018,Česko,girl,247-680,Lilly Hana
2018,Česko,boy,180-553,Piotr
2018,Česko,girl,247-680,Lily Hope
2018,Česko,boy,180-553,Quang Duy
2018,Česko,girl,247-680,Linh Nguyen
2018,Česko,boy,180-553,Quang Vinh
2018,Česko,girl,247-680,Lisa
2018,Česko,boy,180-553,Quido
2018,Česko,girl,247-680,Livia
2018,Česko,boy,180-553,Radimír
2018,Česko,girl,247-680,Lívia
2018,Česko,boy,180-553,Rafal
2018,Česko,girl,247-680,Livia Helena
2018,Česko,boy,180-553,Ralf
2018,Česko,girl,247-680,Livia Jane
2018,Česko,boy,180-553,Rami
2018,Česko,girl,247-680,Livie
2018,Česko,boy,180-553,Ramon
2018,Česko,girl,247-680,Lkhamyanjin
2018,Česko,boy,180-553,Raphael Damian
2018,Česko,girl,247-680,Loredana
2018,Česko,boy,180-553,René
2018,Česko,girl,247-680,Lotty
2018,Česko,boy,180-553,Richard Emery
2018,Česko,girl,247-680,Lucie Sigyn
2018,Česko,boy,180-553,Riyad
2018,Česko,girl,247-680,Ludmila Amálie
2018,Česko,boy,180-553,Rolf
2018,Česko,girl,247-680,Luisa
2018,Česko,boy,180-553,Roman Jiří
2018,Česko,girl,247-680,Luisa Ela
2018,Česko,boy,180-553,Rudolf David
2018,Česko,girl,247-680,Lujza
2018,Česko,boy,180-553,Rufin
2018,Česko,girl,247-680,Lydie
2018,Česko,boy,180-553,Ryan
2018,Česko,girl,247-680,Madla
2018,Česko,boy,180-553,Sam
2018,Česko,girl,247-680,Magdaléna Anna
2018,Česko,boy,180-553,Sami
2018,Česko,girl,247-680,Magdaléna Maria
2018,Česko,boy,180-553,Samuel Enrique
2018,Česko,girl,247-680,Maia
2018,Česko,boy,180-553,Samuel Lucas
2018,Česko,girl,247-680,Mailin
2018,Česko,boy,180-553,Samuel Nikolas
2018,Česko,girl,247-680,Malvína Ella
2018,Česko,boy,180-553,Sandro
2018,Česko,girl,247-680,Manuela
2018,Česko,boy,180-553,Santiago Gabriel
2018,Česko,girl,247-680,Marcela
2018,Česko,boy,180-553,Sarim
2018,Česko,girl,247-680,Marcelína
2018,Česko,boy,180-553,Sasha Samuel
2018,Česko,girl,247-680,Margarita
2018,Česko,boy,180-553,Sebastián Matteo
2018,Česko,girl,247-680,Margita
2018,Česko,boy,180-553,Sebastián Tomáš
2018,Česko,girl,247-680,Mária
2018,Česko,boy,180-553,Serafím
2018,Česko,girl,247-680,Maria Gabriela
2018,Česko,boy,180-553,Sergej
2018,Česko,girl,247-680,Mária Melissa
2018,Česko,boy,180-553,Sihle Sandile
2018,Česko,girl,247-680,Mariam
2018,Česko,boy,180-553,Slávek
2018,Česko,girl,247-680,Maria-Sofia
2018,Česko,boy,180-553,Stefan
2018,Česko,girl,247-680,Marie Anna
2018,Česko,boy,180-553,Stepan
2018,Česko,girl,247-680,Marie Lynn
2018,Česko,boy,180-553,Šimon Barnabáš
2018,Česko,girl,247-680,Marina
2018,Česko,boy,180-553,Štěpán Adam
2018,Česko,girl,247-680,Marion
2018,Česko,boy,180-553,Štěpán Zachariáš
2018,Česko,girl,247-680,Marlen
2018,Česko,boy,180-553,Tadeas
2018,Česko,girl,247-680,Matilda
2018,Česko,boy,180-553,Tao
2018,Česko,girl,247-680,Medina
2018,Česko,boy,180-553,Teodor Eliáš
2018,Česko,girl,247-680,Melanie Mia
2018,Česko,boy,180-553,Theo Tomáš
2018,Česko,girl,247-680,Meriem
2018,Česko,boy,180-553,Theodor František
2018,Česko,girl,247-680,Mia Elisabeth
2018,Česko,boy,180-553,Theodor James
2018,Česko,girl,247-680,Mia Jana
2018,Česko,boy,180-553,Theodor Martin
2018,Česko,girl,247-680,Mia Marie
2018,Česko,boy,180-553,Theodore
2018,Česko,girl,247-680,Mia Nikol
2018,Česko,boy,180-553,Thobias
2018,Česko,girl,247-680,Mia Patricia
2018,Česko,boy,180-553,Thomas Jax
2018,Česko,girl,247-680,Mia Sidonie
2018,Česko,boy,180-553,Tigran
2018,Česko,girl,247-680,Mia Zuzana
2018,Česko,boy,180-553,Timmy
2018,Česko,girl,247-680,Mika
2018,Česko,boy,180-553,Timotei
2018,Česko,girl,247-680,Milana
2018,Česko,boy,180-553,Timothy
2018,Česko,girl,247-680,Min Chau
2018,Česko,boy,180-553,Timothy Walter
2018,Česko,girl,247-680,Minh Tu
2018,Česko,boy,180-553,Timur
2018,Česko,girl,247-680,Mirjam
2018,Česko,boy,180-553,Tobiáš Ivan
2018,Česko,girl,247-680,Miroslava
2018,Česko,boy,180-553,Tobiáš Josef
2018,Česko,girl,247-680,Miroslava Eugenia
2018,Česko,boy,180-553,Tomáš Jan
2018,Česko,girl,247-680,Monica
2018,Česko,boy,180-553,Tony
2018,Česko,girl,247-680,Munguntsetseg
2018,Česko,boy,180-553,Tri Nhan
2018,Česko,girl,247-680,Munkhlun
2018,Česko,boy,180-553,Tristan
2018,Česko,girl,247-680,My Anh
2018,Česko,boy,180-553,Trong Minh Quan
2018,Česko,girl,247-680,Naďa
2018,Česko,boy,180-553,Trung Kien
2018,Česko,girl,247-680,Naima
2018,Česko,boy,180-553,Tudor
2018,Česko,girl,247-680,Namuuna
2018,Česko,boy,180-553,Tuog Lam
2018,Česko,girl,247-680,Nana
2018,Česko,boy,180-553,Tyler Adam
2018,Česko,girl,247-680,Natalia
2018,Česko,boy,180-553,Vasyl
2018,Česko,girl,247-680,Natalie
2018,Česko,boy,180-553,Viet Anh
2018,Česko,girl,247-680,Natalie Ella
2018,Česko,boy,180-553,Viktor Erik
2018,Česko,girl,247-680,Natálie Hana
2018,Česko,boy,180-553,Vincenc
2018,Česko,girl,247-680,Natálie Jiřina
2018,Česko,boy,180-553,Vincent Vilém
2018,Česko,girl,247-680,Natálie Stella
2018,Česko,boy,180-553,Vít Ondřej
2018,Česko,girl,247-680,Natalie Zora
2018,Česko,boy,180-553,Vítek Patrik
2018,Česko,girl,247-680,Nela An
2018,Česko,boy,180-553,Vítězslav
2018,Česko,girl,247-680,Nela Božena
2018,Česko,boy,180-553,Vladan Kai
2018,Česko,girl,247-680,Nela Eva
2018,Česko,boy,180-553,Vladimír Sebastian
2018,Česko,girl,247-680,Nela Helen
2018,Česko,boy,180-553,Vladyslav Mykolajovyč
2018,Česko,girl,247-680,Nela Marie
2018,Česko,boy,180-553,Vojtěch Daniel
2018,Česko,girl,247-680,Nela Zita
2018,Česko,boy,180-553,Waldemar
2018,Česko,girl,247-680,Nell
2018,Česko,boy,180-553,Willem
2018,Česko,girl,247-680,Nella Marie
2018,Česko,boy,180-553,Witold
2018,Česko,girl,247-680,Nelli
2018,Česko,boy,180-553,Yael Ibrahima
2018,Česko,girl,247-680,Nelly
2018,Česko,boy,180-553,Yaroslav
2018,Česko,girl,247-680,Nelly Jessica
2018,Česko,boy,180-553,Yusuf
2018,Česko,girl,247-680,Ngoc Bao Tran
2018,Česko,boy,180-553,Zbyněk Jiří
2018,Česko,girl,247-680,Ngoc Linh Dan
2018,Česko,boy,180-553,Zdeněk Alexandr
2018,Česko,girl,247-680,Nicol Kali
2018,Česko,boy,180-553,Zdeněk Leopold
2018,Česko,girl,247-680,Nicole
2018,Česko,boy,180-553,Zdeněk Nikolas
2018,Česko,girl,247-680,Nicolli
2018,Česko,girl,247-680,Nikola Jurijivna
2018,Česko,girl,247-680,Nikoleta
2018,Česko,girl,247-680,Nina Linda
2018,Česko,girl,247-680,Noa
2018,Česko,girl,247-680,Nora
2018,Česko,girl,247-680,Ny
2018,Česko,girl,247-680,Olga
2018,Česko,girl,247-680,Olívia
2018,Česko,girl,247-680,Olivia Elizabeth
2018,Česko,girl,247-680,Olívie
2018,Česko,girl,247-680,Patricie Emma
2018,Česko,girl,247-680,Petra Sofie
2018,Česko,girl,247-680,Pham Diem My
2018,Česko,girl,247-680,Polina
2018,Česko,girl,247-680,Radana
2018,Česko,girl,247-680,Redžepi
2018,Česko,girl,247-680,Regina
2018,Česko,girl,247-680,Relli
2018,Česko,girl,247-680,René
2018,Česko,girl,247-680,Riana Viera
2018,Česko,girl,247-680,Rika
2018,Česko,girl,247-680,Rimel
2018,Česko,girl,247-680,Romana
2018,Česko,girl,247-680,Romana Emily
2018,Česko,girl,247-680,Rose Eva
2018,Česko,girl,247-680,Róza Marie
2018,Česko,girl,247-680,Rozali
2018,Česko,girl,247-680,Rozalia
2018,Česko,girl,247-680,Rozália
2018,Česko,girl,247-680,Rozalie
2018,Česko,girl,247-680,Rozálie Anna
2018,Česko,girl,247-680,Rozárie Ema
2018,Česko,girl,247-680,Ruby
2018,Česko,girl,247-680,Ruoxi
2018,Česko,girl,247-680,Sabrina
2018,Česko,girl,247-680,Samantha
2018,Česko,girl,247-680,Sara Maria
2018,Česko,girl,247-680,Sára Marie
2018,Česko,girl,247-680,Saša
2018,Česko,girl,247-680,Sebastián
2018,Česko,girl,247-680,Sibyla
2018,Česko,girl,247-680,Silvia
2018,Česko,girl,247-680,Silvia Ellen
2018,Česko,girl,247-680,Soffie
2018,Česko,girl,247-680,Sofía
2018,Česko,girl,247-680,Sofia Eleanor
2018,Česko,girl,247-680,Sofia Olivia
2018,Česko,girl,247-680,Sofie Amálie
2018,Česko,girl,247-680,Sofie Ellen
2018,Česko,girl,247-680,Sofie Freya
2018,Česko,girl,247-680,Sofie Viktorie
2018,Česko,girl,247-680,Sofija
2018,Česko,girl,247-680,Solomija
2018,Česko,girl,247-680,Sophia
2018,Česko,girl,247-680,Stefanie
2018,Česko,girl,247-680,Stela Emilie
2018,Česko,girl,247-680,Stephanie
2018,Česko,girl,247-680,Sydney
2018,Česko,girl,247-680,Sylvie
2018,Česko,girl,247-680,Šarlota Melissa
2018,Česko,girl,247-680,Šarlota Tarja
2018,Česko,girl,247-680,Taisa
2018,Česko,girl,247-680,Tala
2018,Česko,girl,247-680,Tamika
2018,Česko,girl,247-680,Táňa
2018,Česko,girl,247-680,Tea
2018,Česko,girl,247-680,Teodora
2018,Česko,girl,247-680,Teona
2018,Česko,girl,247-680,Tereza Marie
2018,Česko,girl,247-680,Tetiana
2018,Česko,girl,247-680,Thao Anh
2018,Česko,girl,247-680,Thao Vy
2018,Česko,girl,247-680,Theodora Ada
2018,Česko,girl,247-680,Theresa
2018,Česko,girl,247-680,Thi Hoai Thuong
2018,Česko,girl,247-680,Thien My
2018,Česko,girl,247-680,Thu Hong
2018,Česko,girl,247-680,Thu Phuong
2018,Česko,girl,247-680,Tingting
2018,Česko,girl,247-680,Tram Anh
2018,Česko,girl,247-680,Tu Linh
2018,Česko,girl,247-680,Tú Linh
2018,Česko,girl,247-680,Týna
2018,Česko,girl,247-680,Uyen Thu
2018,Česko,girl,247-680,Václava
2018,Česko,girl,247-680,Valentina Lili
2018,Česko,girl,247-680,Valentini
2018,Česko,girl,247-680,Valerie Anna
2018,Česko,girl,247-680,Valerie Leia
2018,Česko,girl,247-680,Vanda
2018,Česko,girl,247-680,Vanesa Anna
2018,Česko,girl,247-680,Varvara
2018,Česko,girl,247-680,Vasilisa
2018,Česko,girl,247-680,Veronika Michaela
2018,Česko,girl,247-680,Vesna
2018,Česko,girl,247-680,Victoria
2018,Česko,girl,247-680,Victoria Carmen
2018,Česko,girl,247-680,Viet Trinh
2018,Česko,girl,247-680,Viktorie Anna
2018,Česko,girl,247-680,Viktorie Ema
2018,Česko,girl,247-680,Viktorie Emma
2018,Česko,girl,247-680,Viktorie Františka
2018,Česko,girl,247-680,Viktorie Marie
2018,Česko,girl,247-680,Viktorie Soňa
2018,Česko,girl,247-680,Viktorie Yveta
2018,Česko,girl,247-680,Viktorka
2018,Česko,girl,247-680,Viola Ella
2018,Česko,girl,247-680,Violet
2018,Česko,girl,247-680,Violetta
2018,Česko,girl,247-680,Vojtěška
2018,Česko,girl,247-680,Vy Bao
2018,Česko,girl,247-680,Willemina Anita
2018,Česko,girl,247-680,Yalguun
2018,Česko,girl,247-680,Yasmeen Saloma
2018,Česko,girl,247-680,Yasmin
2018,Česko,girl,247-680,Yulana
2018,Česko,girl,247-680,Zdislava
2018,Česko,girl,247-680,Zixi
2018,Česko,girl,247-680,Zlata Emília
2018,Česko,girl,247-680,Zlatuše
2018,Česko,girl,247-680,Zoey
2018,Česko,girl,247-680,Zoey Sofia
2018,Česko,girl,247-680,Zoja
2018,Česko,girl,247-680,Zuzana Adéla
2018,Česko,girl,247-680,Žofie Ronia
2019,Česko,boy,1,Jakub
2019,Česko,girl,1,Eliška
2019,Česko,boy,2,Jan
2019,Česko,girl,2,Anna
2019,Česko,boy,3,Tomáš
2019,Česko,girl,3,Adéla
2019,Česko,boy,4,Matyáš
2019,Česko,girl,4,Tereza
2019,Česko,boy,5,Adam
2019,Česko,girl,5,Sofie
2019,Česko,boy,6,Filip
2019,Česko,girl,6,Viktorie
2019,Česko,boy,7,Vojtěch
2019,Česko,girl,7-8,Ema
2019,Česko,boy,8,Lukáš
2019,Česko,girl,7-8,Karolína
2019,Česko,boy,9,Martin
2019,Česko,girl,9,Natálie
2019,Česko,boy,10,Matěj
2019,Česko,girl,10,Amálie
2019,Česko,boy,11,Ondřej
2019,Česko,girl,11,Julie
2019,Česko,boy,12,Daniel
2019,Česko,girl,12,Kristýna
2019,Česko,boy,13-14,David
2019,Česko,girl,13,Barbora
2019,Česko,boy,13-14,Dominik
2019,Česko,girl,14,Nela
2019,Česko,boy,15,Antonín
2019,Česko,girl,15,Laura
2019,Česko,boy,16,Michal
2019,Česko,girl,16,Klára
2019,Česko,boy,17-18,Petr
2019,Česko,girl,17,Emma
2019,Česko,boy,17-18,Štěpán
2019,Česko,girl,18,Anežka
2019,Česko,boy,19,Tobiáš
2019,Česko,girl,19,Rozálie
2019,Česko,boy,20,Marek
2019,Česko,girl,20,Sára
2019,Česko,boy,21-22,Samuel
2019,Česko,girl,21,Marie
2019,Česko,boy,21-22,Jiří
2019,Česko,girl,22-23,Lucie
2019,Česko,boy,23,Václav
2019,Česko,girl,22-23,Aneta
2019,Česko,boy,24-25,Šimon
2019,Česko,girl,24,Zuzana
2019,Česko,boy,24-25,Kryštof
2019,Česko,girl,25,Mia
2019,Česko,boy,26,Jonáš
2019,Česko,girl,26,Veronika
2019,Česko,boy,27-28,Mikuláš
2019,Česko,girl,27,Ella
2019,Česko,boy,27-28,Oliver
2019,Česko,girl,28,Alžběta
2019,Česko,boy,29,Tadeáš
2019,Česko,girl,29-32,Nikola
2019,Česko,boy,30,Patrik
2019,Česko,girl,29-32,Gabriela
2019,Česko,boy,31,Josef
2019,Česko,girl,29-32,Kateřina
2019,Česko,boy,32,František
2019,Česko,girl,29-32,Nikol
2019,Česko,boy,33,Jáchym
2019,Česko,girl,33,Valerie
2019,Česko,boy,34,Pavel
2019,Česko,girl,34,Magdaléna
2019,Česko,boy,35,Viktor
2019,Česko,girl,35,Nina
2019,Česko,boy,36-37,Sebastian
2019,Česko,girl,36-37,Liliana
2019,Česko,boy,36-37,Karel
2019,Česko,girl,36-37,Ester
2019,Česko,boy,38,Eliáš
2019,Česko,girl,38-40,Elena
2019,Česko,boy,39,Jaroslav
2019,Česko,girl,38-40,Josefína
2019,Česko,boy,40,Vít
2019,Česko,girl,38-40,Adriana
2019,Česko,boy,41,Matouš
2019,Česko,girl,41,Markéta
2019,Česko,boy,42,Teodor
2019,Česko,girl,42-44,Štěpánka
2019,Česko,boy,43-45,Richard
2019,Česko,girl,42-44,Stella
2019,Česko,boy,43-45,Kristián
2019,Česko,girl,42-44,Magdalena
2019,Česko,boy,43-45,Michael
2019,Česko,girl,45-46,Stela
2019,Česko,boy,46,Eduard
2019,Česko,girl,45-46,Beáta
2019,Česko,boy,47-49,Sebastián
2019,Česko,girl,47-50,Terezie
2019,Česko,boy,47-49,Maxmilián
2019,Česko,girl,47-50,Linda
2019,Česko,boy,47-49,Jindřich
2019,Česko,girl,47-50,Jasmína
2019,Česko,boy,50-51,Vilém
2019,Česko,girl,47-50,Emily
2019,Česko,boy,50-51,Alex
2019,Česko,girl,51-54,Vanesa
2019,Česko,boy,52,Vítek
2019,Česko,girl,51-54,Michaela
2019,Česko,boy,53-54,Maxim
2019,Česko,girl,51-54,Elen
2019,Česko,boy,53-54,Robin
2019,Česko,girl,51-54,Antonie
2019,Česko,boy,55-58,Max
2019,Česko,girl,55-57,Emílie
2019,Česko,boy,55-58,Nikolas
2019,Česko,girl,55-57,Dominika
2019,Česko,boy,55-58,Damián
2019,Česko,girl,55-57,Denisa
2019,Česko,boy,55-58,Albert
2019,Česko,girl,58-61,Agáta
2019,Česko,boy,59,Alexandr
2019,Česko,girl,58-61,Johana
2019,Česko,boy,60-61,Miroslav
2019,Česko,girl,58-61,Diana
2019,Česko,boy,60-61,Denis
2019,Česko,girl,58-61,Lea
2019,Česko,boy,62,Milan
2019,Česko,girl,62-63,Bára
2019,Česko,boy,63-67,Vincent
2019,Česko,girl,62-63,Rozárie
2019,Česko,boy,63-68,Radek
2019,Česko,girl,64-65,Klaudie
2019,Česko,boy,63-69,Ladislav
2019,Česko,girl,64-65,Justýna
2019,Česko,boy,63-70,Artur
2019,Česko,girl,66-69,Mariana
2019,Česko,boy,63-71,Erik
2019,Česko,girl,66-69,Izabela
2019,Česko,boy,68-69,Stanislav
2019,Česko,girl,66-69,Jana
2019,Česko,boy,68-69,Tobias
2019,Česko,girl,66-69,Hana
2019,Česko,boy,70-73,Zdeněk
2019,Česko,girl,70-77,Monika
2019,Česko,boy,70-73,Roman
2019,Česko,girl,70-77,Vendula
2019,Česko,boy,70-73,Damian
2019,Česko,girl,70-77,Zoe
2019,Česko,boy,70-73,Hugo
2019,Česko,girl,70-77,Patricie
2019,Česko,boy,74-78,Vladimír
2019,Česko,girl,70-77,Isabella
2019,Česko,boy,74-78,Prokop
2019,Česko,girl,70-77,Andrea
2019,Česko,boy,74-78,Radim
2019,Česko,girl,70-77,Daniela
2019,Česko,boy,74-78,Oskar
2019,Česko,girl,70-77,Eva
2019,Česko,boy,74-78,Vojta
2019,Česko,girl,78-83,Simona
2019,Česko,boy,79-82,Robert
2019,Česko,girl,78-83,Šárka
2019,Česko,boy,79-82,Nicolas
2019,Česko,girl,78-83,Sofia
2019,Česko,boy,79-82,Mateo
2019,Česko,girl,78-83,Meda
2019,Česko,boy,79-82,Gabriel
2019,Česko,girl,78-83,Lilien
2019,Česko,boy,83-87,Aleš
2019,Česko,girl,78-83,Vivien
2019,Česko,boy,83-87,Adrian
2019,Česko,girl,84-86,Sabina
2019,Česko,boy,83-87,Kristian
2019,Česko,girl,84-86,Elizabeth
2019,Česko,boy,83-87,Bartoloměj
2019,Česko,girl,84-86,Alena
2019,Česko,boy,83-87,Hynek
2019,Česko,girl,87-91,Martina
2019,Česko,boy,88-89,William
2019,Česko,girl,87-91,Nella
2019,Česko,boy,88-89,Alfréd
2019,Česko,girl,87-91,Leontýna
2019,Česko,boy,90-93,Mathias
2019,Česko,girl,87-91,Ellen
2019,Česko,boy,90-93,Rostislav
2019,Česko,girl,87-91,Evelína
2019,Česko,boy,90-93,Matteo
2019,Česko,girl,92-93,Kamila
2019,Česko,boy,90-93,Theodor
2019,Česko,girl,92-93,Lenka
2019,Česko,boy,94-101,Otakar
2019,Česko,girl,94-100,Malvína
2019,Česko,boy,94-101,Vítězslav
2019,Česko,girl,94-100,Victoria
2019,Česko,boy,94-101,Oldřich
2019,Česko,girl,94-100,Valérie
2019,Česko,boy,94-101,Simon
2019,Česko,girl,94-100,Karla
2019,Česko,boy,94-101,Alan
2019,Česko,girl,94-100,Ela
2019,Česko,boy,94-101,Boris
2019,Česko,girl,94-100,Adina
2019,Česko,boy,94-101,Benjamin
2019,Česko,girl,94-100,Jolana
2019,Česko,boy,94-101,Leon
2019,Česko,girl,101-107,Šarlota
2019,Česko,boy,102-121,Patrick
2019,Česko,girl,101-107,Vanessa
2019,Česko,boy,102-121,Matyas
2019,Česko,girl,101-107,Olivie
2019,Česko,boy,102-121,Tomas
2019,Česko,girl,101-107,Pavlína
2019,Česko,boy,102-121,Rudolf
2019,Česko,girl,101-107,Sandra
2019,Česko,boy,102-121,Metoděj
2019,Česko,girl,101-107,Johanka
2019,Česko,boy,102-121,Sebastien
2019,Česko,girl,101-107,Františka
2019,Česko,boy,102-121,Mikoláš
2019,Česko,girl,108-117,Lily
2019,Česko,boy,102-121,Radovan
2019,Česko,girl,108-117,Petra
2019,Česko,boy,102-121,Ota
2019,Česko,girl,108-117,Tamara
2019,Česko,boy,102-121,Štefan
2019,Česko,girl,108-117,Miriam
2019,Česko,boy,102-121,Lubomír
2019,Česko,girl,108-117,Anastázie
2019,Česko,boy,102-121,Benjamín
2019,Česko,girl,108-117,Alice
2019,Česko,boy,102-121,Kevin
2019,Česko,girl,108-117,Amélie
2019,Česko,boy,102-121,Christian
2019,Česko,girl,108-117,Edita
2019,Česko,boy,102-121,Čeněk
2019,Česko,girl,108-117,Helena
2019,Česko,boy,102-121,Ivan
2019,Česko,girl,108-117,Dorota
2019,Česko,boy,102-121,Bernard
2019,Česko,girl,118-125,Victorie
2019,Česko,boy,102-121,Jaromír
2019,Česko,girl,118-125,Melisa
2019,Česko,boy,102-121,Jonatan
2019,Česko,girl,118-125,Valentýna
2019,Česko,boy,102-121,Felix
2019,Česko,girl,118-125,Thea
2019,Česko,boy,122-142,Marcel
2019,Česko,girl,118-125,Tina
2019,Česko,boy,122-143,Luboš
2019,Česko,girl,118-125,Lara
2019,Česko,boy,122-144,Matias
2019,Česko,girl,118-125,Lada
2019,Česko,boy,122-145,Luděk
2019,Česko,girl,118-125,Elisabeth
2019,Česko,boy,122-146,Timotej
2019,Česko,girl,126-140,Marianna
2019,Česko,boy,122-147,Přemysl
2019,Česko,girl,126-140,Žofie
2019,Česko,boy,122-148,Vavřinec
2019,Česko,girl,126-140,Zita
2019,Česko,boy,122-149,Lukas
2019,Česko,girl,126-140,Timea
2019,Česko,boy,122-150,Teo
2019,Česko,girl,126-140,Zora
2019,Česko,boy,122-151,Brian
2019,Česko,girl,126-140,Noemi
2019,Česko,boy,122-152,Darek
2019,Česko,girl,126-140,Melanie
2019,Česko,boy,122-153,Ben
2019,Česko,girl,126-140,Ráchel
2019,Česko,boy,122-154,Hubert
2019,Česko,girl,126-140,Alexandra
2019,Česko,boy,122-155,Fabian
2019,Česko,girl,126-140,Charlotte
2019,Česko,boy,122-156,Eliot
2019,Česko,girl,126-140,Berenika
2019,Česko,boy,122-157,Ferdinand
2019,Česko,girl,126-140,Eleonora
2019,Česko,boy,122-158,Arnošt
2019,Česko,girl,126-140,Isabela
2019,Česko,boy,122-159,Čestmír
2019,Česko,girl,126-140,Hedvika
2019,Česko,boy,122-160,Julián
2019,Česko,girl,126-140,Evelin
2019,Česko,boy,122-161,Bruno
2019,Česko,girl,141-159,Olivia
2019,Česko,boy,122-162,Frederik
2019,Česko,girl,141-159,Věra
2019,Česko,boy,143-195,Miloš
2019,Česko,girl,141-159,Samanta
2019,Česko,boy,143-195,Viliam
2019,Česko,girl,141-159,Matylda
2019,Česko,boy,143-195,Valentýn
2019,Česko,girl,141-159,Lota
2019,Česko,boy,143-195,Radomír
2019,Česko,girl,141-159,Lilly
2019,Česko,boy,143-195,Waldemar
2019,Česko,girl,141-159,Viola
2019,Česko,boy,143-195,Nathaniel
2019,Česko,girl,141-159,Milada
2019,Česko,boy,143-195,Tuan Kiet
2019,Česko,girl,141-159,Valentina
2019,Česko,boy,143-195,Marian
2019,Česko,girl,141-159,Natali
2019,Česko,boy,143-195,Victor
2019,Česko,girl,141-159,Viktoria
2019,Česko,boy,143-195,Norbert
2019,Česko,girl,141-159,Nicol
2019,Česko,boy,143-195,Michail
2019,Česko,girl,141-159,Olívie
2019,Česko,boy,143-195,Ryan
2019,Česko,girl,141-159,Claudia
2019,Česko,boy,143-195,Zachariáš
2019,Česko,girl,141-159,Beata
2019,Česko,boy,143-195,Marcus
2019,Česko,girl,141-159,Eleanor
2019,Česko,boy,143-195,Tom
2019,Česko,girl,141-159,Ivana
2019,Česko,boy,143-195,Mattias
2019,Česko,girl,141-159,Claudie
2019,Česko,boy,143-195,Mark
2019,Česko,girl,141-159,Leona
2019,Česko,boy,143-195,Tamir
2019,Česko,girl,160-186,Ludmila
2019,Česko,boy,143-195,Lucas
2019,Česko,girl,160-186,Tea
2019,Česko,boy,143-195,Tayler
2019,Česko,girl,160-186,Rosalie
2019,Česko,boy,143-195,Marco
2019,Česko,girl,160-186,Melissa
2019,Česko,boy,143-195,Zdenek
2019,Česko,girl,160-186,Natalie
2019,Česko,boy,143-195,Michaela
2019,Česko,girl,160-186,Magda
2019,Česko,boy,143-195,Maksym
2019,Česko,girl,160-186,Renata
2019,Česko,boy,143-195,Vladislav
2019,Česko,girl,160-186,Sophia
2019,Česko,boy,143-195,Theo
2019,Česko,girl,160-186,Taťána
2019,Česko,boy,143-195,Mikeš
2019,Česko,girl,160-186,Zorka
2019,Česko,boy,143-195,Thobias
2019,Česko,girl,160-186,Anna Marie
2019,Česko,boy,143-195,Zbyněk
2019,Česko,girl,160-186,Iveta
2019,Česko,boy,143-195,Timon
2019,Česko,girl,160-186,Anita
2019,Česko,boy,143-195,Oliver Vladimír
2019,Česko,girl,160-186,Amálka
2019,Česko,boy,143-195,Santiago
2019,Česko,girl,160-186,Jindřiška
2019,Česko,boy,143-195,Leonard
2019,Česko,girl,160-186,Amy
2019,Česko,boy,143-195,Justin
2019,Česko,girl,160-186,Inna
2019,Česko,boy,143-195,Ján
2019,Česko,girl,160-186,Abigail
2019,Česko,boy,143-195,Bryan
2019,Česko,girl,160-186,Iva
2019,Česko,boy,143-195,Bohuslav
2019,Česko,girl,160-186,Anastasia
2019,Česko,boy,143-195,Andrej
2019,Česko,girl,160-186,Jaroslava
2019,Česko,boy,143-195,Alois
2019,Česko,girl,160-186,Apolena
2019,Česko,boy,143-195,Jason
2019,Česko,girl,160-186,Jiřina
2019,Česko,boy,143-195,Cyril
2019,Česko,girl,160-186,Gita
2019,Česko,boy,143-195,Benedikt
2019,Česko,girl,160-186,Katka
2019,Česko,boy,143-195,Kamil
2019,Česko,girl,160-186,Ilona
2019,Česko,boy,143-195,Andrew
2019,Česko,girl,160-186,Heda
2019,Česko,boy,143-195,Dan
2019,Česko,girl,187-248,Tara
2019,Česko,boy,143-195,Dalibor
2019,Česko,girl,187-248,Nathalie
2019,Česko,boy,143-195,Alexander
2019,Česko,girl,187-248,Natalia
2019,Česko,boy,143-195,Gia Bao
2019,Česko,girl,187-248,Naomi
2019,Česko,boy,143-195,André
2019,Česko,girl,187-248,Zara
2019,Česko,boy,143-195,Elliot
2019,Česko,girl,187-248,Zlata
2019,Česko,boy,143-195,Janek
2019,Česko,girl,187-248,Olga
2019,Česko,boy,143-195,Josef Šimon
2019,Česko,girl,187-248,Marlen
2019,Česko,boy,143-195,Libor
2019,Česko,girl,187-248,Naďa
2019,Česko,boy,196-582,Tomáš Antonín
2019,Česko,girl,187-248,Nicole
2019,Česko,boy,196-582,Mohammed
2019,Česko,girl,187-248,Vilma
2019,Česko,boy,196-582,Michal Jan
2019,Česko,girl,187-248,Nicoll
2019,Česko,boy,196-582,Mario Gabriel
2019,Česko,girl,187-248,Tala
2019,Česko,boy,196-582,Tichon Konstantinovič
2019,Česko,girl,187-248,Žaneta
2019,Česko,boy,196-582,Oliver Eduard
2019,Česko,girl,187-248,Nora
2019,Česko,boy,196-582,Neguun
2019,Česko,girl,187-248,Sarah
2019,Česko,boy,196-582,Oliver Kai
2019,Česko,girl,187-248,Maria
2019,Česko,boy,196-582,Miles Sebastian
2019,Česko,girl,187-248,Sidonie
2019,Česko,boy,196-582,Oliver Nikolas
2019,Česko,girl,187-248,Vanda
2019,Česko,boy,196-582,Mychajlo
2019,Česko,girl,187-248,Silvie
2019,Česko,boy,196-582,Oliver Petr
2019,Česko,girl,187-248,Marie Michaela
2019,Česko,boy,196-582,Maxim Denisovič
2019,Česko,girl,187-248,Soňa
2019,Česko,boy,196-582,Oliver Vilém
2019,Česko,girl,187-248,Marika
2019,Česko,boy,196-582,Tuvshinbayar
2019,Česko,girl,187-248,Melania
2019,Česko,boy,196-582,Miloslav
2019,Česko,girl,187-248,Rebeka
2019,Česko,boy,196-582,Michael Itoro
2019,Česko,girl,187-248,Sylva
2019,Česko,boy,196-582,Milosz
2019,Česko,girl,187-248,Nelly
2019,Česko,boy,196-582,Wassim
2019,Česko,girl,187-248,Lili
2019,Česko,boy,196-582,Marko
2019,Česko,girl,187-248,Madlen
2019,Česko,boy,196-582,Matyáš Pavel
2019,Česko,girl,187-248,Rozárka
2019,Česko,boy,196-582,Markus
2019,Česko,girl,187-248,Marta
2019,Česko,boy,196-582,Teodor Jan
2019,Česko,girl,187-248,Doubravka
2019,Česko,boy,196-582,Lucas Aloysius
2019,Česko,girl,187-248,Beatrice
2019,Česko,boy,196-582,Myron
2019,Česko,girl,187-248,Alex
2019,Česko,boy,196-582,Oto
2019,Česko,girl,187-248,Evelina
2019,Česko,boy,196-582,Timotheus
2019,Česko,girl,187-248,Kristina
2019,Česko,boy,196-582,Otto
2019,Česko,girl,187-248,Evelyn
2019,Česko,boy,196-582,Tobin
2019,Česko,girl,187-248,Eliana
2019,Česko,boy,196-582,Paris
2019,Česko,girl,187-248,Cecílie
2019,Česko,boy,196-582,Tristan
2019,Česko,girl,187-248,Jessica
2019,Česko,boy,196-582,Martin Gabriel
2019,Česko,girl,187-248,Dana
2019,Česko,boy,196-582,Mikuláš Lumír
2019,Česko,girl,187-248,Annabell
2019,Česko,boy,196-582,Martin Samuel
2019,Česko,girl,187-248,Ha My
2019,Česko,boy,196-582,Marcus Mathias
2019,Česko,girl,187-248,Kristyna
2019,Česko,boy,196-582,Martin Stanislav
2019,Česko,girl,187-248,Larisa
2019,Česko,boy,196-582,Marco Nello
2019,Česko,girl,187-248,Avantika
2019,Česko,boy,196-582,Pavel Antonín
2019,Česko,girl,187-248,Hela
2019,Česko,boy,196-582,Vojtěch Josef
2019,Česko,girl,187-248,Jarmila
2019,Česko,boy,196-582,Pavol
2019,Česko,girl,187-248,Ida
2019,Česko,boy,196-582,Yael Ibrahima
2019,Česko,girl,187-248,Jennifer
2019,Česko,boy,196-582,Pawel
2019,Česko,girl,187-248,Darja
2019,Česko,boy,196-582,Mário
2019,Česko,girl,187-248,Anabela
2019,Česko,boy,196-582,Pessi Arvo
2019,Česko,girl,187-248,Ina
2019,Česko,boy,196-582,Tai Duc
2019,Česko,girl,187-248,Bela
2019,Česko,boy,196-582,Peter
2019,Česko,girl,187-248,Dorotea
2019,Česko,boy,196-582,Musa
2019,Česko,girl,187-248,Erika
2019,Česko,boy,196-582,Matej
2019,Česko,girl,187-248,Isabel
2019,Česko,boy,196-582,Thanh Dung
2019,Česko,girl,187-248,Kristína
2019,Česko,boy,196-582,Petr Karel
2019,Česko,girl,187-248,Anika
2019,Česko,boy,196-582,Theodore
2019,Česko,girl,187-248,Anděla
2019,Česko,boy,196-582,Petr Kevin
2019,Česko,girl,187-248,Isabell
2019,Česko,boy,196-582,Thomas Jax
2019,Česko,girl,187-248,Freya
2019,Česko,boy,196-582,Petr Viktor
2019,Česko,girl,249-678,Tereza Mia
2019,Česko,boy,196-582,Nam Khanh
2019,Česko,girl,249-678,Wioleta
2019,Česko,boy,196-582,Pham Nhat Minh
2019,Česko,girl,249-678,Leontýna Thao My
2019,Česko,boy,196-582,Timothy David
2019,Česko,girl,249-678,Mélanie
2019,Česko,boy,196-582,Phan Anh
2019,Česko,girl,249-678,Šárka Karolína
2019,Česko,boy,196-582,Maxmilian
2019,Česko,girl,249-678,Ngoc Anh
2019,Česko,boy,196-582,Philip Petr
2019,Česko,girl,249-678,Lilian
2019,Česko,boy,196-582,Manraj
2019,Česko,girl,249-678,Ngoc Han
2019,Česko,boy,196-582,Phuc Hoang Gia
2019,Česko,girl,249-678,Natálie Nikola
2019,Česko,boy,196-582,Tonny
2019,Česko,girl,249-678,Ngoc Minh
2019,Česko,boy,196-582,Phuc Nguyen
2019,Česko,girl,249-678,Zola
2019,Česko,boy,196-582,Nataniel
2019,Česko,girl,249-678,Nguyen
2019,Česko,boy,196-582,Pietro
2019,Česko,girl,249-678,Tatiana
2019,Česko,boy,196-582,Urv Ankitkumar
2019,Česko,girl,249-678,Nguyet Cat Tien
2019,Česko,boy,196-582,Zef
2019,Česko,girl,249-678,Theodora
2019,Česko,boy,196-582,Václav Radek
2019,Česko,girl,249-678,Nhu Thao
2019,Česko,boy,196-582,Mikuláš Florián
2019,Česko,girl,249-678,Ujin
2019,Česko,boy,196-582,Nhat Nang
2019,Česko,girl,249-678,Melanie Daniela
2019,Česko,boy,196-582,Minh Anh
2019,Česko,girl,249-678,Natálie Anna
2019,Česko,boy,196-582,Nicholas Michael
2019,Česko,girl,249-678,Nicol Valérie
2019,Česko,boy,196-582,Quang Tien
2019,Česko,girl,249-678,Melánie
2019,Česko,boy,196-582,Nikol
2019,Česko,girl,249-678,Nicola
2019,Česko,boy,196-582,Quoc Viet
2019,Česko,girl,249-678,Zdislava
2019,Česko,boy,196-582,Michal Artur
2019,Česko,girl,249-678,Melis
2019,Česko,boy,196-582,Matěj Ignác
2019,Česko,girl,249-678,Stephanie Anna
2019,Česko,boy,196-582,Vojtěch Alexandr
2019,Česko,girl,249-678,Lilly Anna
2019,Česko,boy,196-582,Matěj Vendelín
2019,Česko,girl,249-678,Naděžda
2019,Česko,boy,196-582,Vratislav
2019,Česko,girl,249-678,Niki
2019,Česko,boy,196-582,Radko
2019,Česko,girl,249-678,Teodora
2019,Česko,boy,196-582,Xuan Hoa
2019,Česko,girl,249-678,Lola
2019,Česko,boy,196-582,Minh Duc
2019,Česko,girl,249-678,Thai An
2019,Česko,boy,196-582,Yoro
2019,Česko,girl,249-678,Lora
2019,Česko,boy,196-582,Luis
2019,Česko,girl,249-678,Thuy Anh
2019,Česko,boy,196-582,Nšan
2019,Česko,girl,249-678,Nikoleta
2019,Česko,boy,196-582,Rafael
2019,Česko,girl,249-678,Truc Diem
2019,Česko,boy,196-582,Štěpán Leonard
2019,Česko,girl,249-678,Lorelaj
2019,Česko,boy,196-582,Ralf
2019,Česko,girl,249-678,Martina Marie
2019,Česko,boy,196-582,Tadeáš Šimon
2019,Česko,girl,249-678,Ninel
2019,Česko,boy,196-582,Rayan
2019,Česko,girl,249-678,Vanesa Marie
2019,Česko,boy,196-582,Misheel
2019,Česko,girl,249-678,Melisa Izabela
2019,Česko,boy,196-582,René
2019,Česko,girl,249-678,Versaviia Adina Mary
2019,Česko,boy,196-582,Mojmír
2019,Česko,girl,249-678,Noémi Aina
2019,Česko,boy,196-582,Mateo Lam
2019,Česko,girl,249-678,Viktorie Alena
2019,Česko,boy,196-582,Teodor Ignác
2019,Česko,girl,249-678,Matilda
2019,Česko,boy,196-582,Richard Salvátor
2019,Česko,girl,249-678,Vitoria
2019,Česko,boy,196-582,Thai Quan
2019,Česko,girl,249-678,Nour
2019,Česko,boy,196-582,Matheo
2019,Česko,girl,249-678,Yuan Yi
2019,Česko,boy,196-582,Thanh Tung
2019,Česko,girl,249-678,Ola
2019,Česko,boy,196-582,Minh Khang
2019,Česko,girl,249-678,Lilien Anna
2019,Česko,boy,196-582,Manas
2019,Česko,girl,249-678,Leticie
2019,Česko,boy,196-582,Mathyas
2019,Česko,girl,249-678,Zuzana Erika
2019,Česko,boy,196-582,Theon
2019,Česko,girl,249-678,Mia Sidonie
2019,Česko,boy,196-582,Roman Aladár
2019,Česko,girl,249-678,Mya
2019,Česko,boy,196-582,Thomas
2019,Česko,girl,249-678,Olívia
2019,Česko,boy,196-582,Roman Kristián
2019,Česko,girl,249-678,Šarlota Isabela
2019,Česko,boy,196-582,Tibor
2019,Česko,girl,249-678,Olivia Elizabeth
2019,Česko,boy,196-582,Ronald
2019,Česko,girl,249-678,Lillien
2019,Česko,boy,196-582,Tim
2019,Česko,girl,249-678,Lotka
2019,Česko,boy,196-582,Minh Quan
2019,Česko,girl,249-678,Teija Aniela
2019,Česko,boy,196-582,Nárada
2019,Česko,girl,249-678,Manuela
2019,Česko,boy,196-582,Timothy
2019,Česko,girl,249-678,Otilia
2019,Česko,boy,196-582,Minh Tiep
2019,Česko,girl,249-678,Terezie Gabriela
2019,Česko,boy,196-582,Timothy Viktor
2019,Česko,girl,249-678,Patrícia Milena
2019,Česko,boy,196-582,Rufin
2019,Česko,girl,249-678,Thao Vy
2019,Česko,boy,196-582,Tobias Wayne
2019,Česko,girl,249-678,Liana
2019,Česko,boy,196-582,Minh Tuan
2019,Česko,girl,249-678,Thi Yen Vy
2019,Česko,boy,196-582,Tobiáš Alex
2019,Česko,girl,249-678,Paulína
2019,Česko,boy,196-582,Sal Daniel
2019,Česko,girl,249-678,Thuy Tien
2019,Česko,boy,196-582,Natanael
2019,Česko,girl,249-678,Pauline
2019,Česko,boy,196-582,Salvatore
2019,Česko,girl,249-678,Tran Bao An
2019,Česko,boy,196-582,Metin
2019,Česko,girl,249-678,Lily Hope
2019,Česko,boy,196-582,Magnus
2019,Česko,girl,249-678,Tue Phi
2019,Česko,boy,196-582,Tommy
2019,Česko,girl,249-678,Penelope Rose
2019,Česko,boy,196-582,Samuel Enrique
2019,Česko,girl,249-678,Ulrike
2019,Česko,boy,196-582,Tony
2019,Česko,girl,249-678,Ludvika
2019,Česko,boy,196-582,Samuel Lucas
2019,Česko,girl,249-678,Valeria
2019,Česko,boy,196-582,Truong An
2019,Česko,girl,249-678,Phuong Anh
2019,Česko,boy,196-582,Samuel Mateo
2019,Česko,girl,249-678,Lívia
2019,Česko,boy,196-582,Tuan Manh
2019,Česko,girl,249-678,Polina
2019,Česko,boy,196-582,Samuel Milan
2019,Česko,girl,249-678,Marie Josefína
2019,Česko,boy,196-582,Uils Tuguldur
2019,Česko,girl,249-678,Quynh Anh
2019,Česko,boy,196-582,Samuel Pietro
2019,Česko,girl,249-678,Veronika Anna
2019,Česko,boy,196-582,Useinu Sebastian
2019,Česko,girl,249-678,Quynh Chi
2019,Česko,boy,196-582,Minh Vuong
2019,Česko,girl,249-678,Marija
2019,Česko,boy,196-582,Václav Christian
2019,Česko,girl,249-678,Radana
2019,Česko,boy,196-582,Mattheo
2019,Česko,girl,249-678,Viktoria Zoe Ronja
2019,Česko,boy,196-582,Vaibhav
2019,Česko,girl,249-678,Radka
2019,Česko,boy,196-582,Matthew
2019,Česko,girl,249-678,Viktorie Hana
2019,Česko,boy,196-582,Vasil Jakub
2019,Česko,girl,249-678,Rafaela
2019,Česko,boy,196-582,Sebastián David
2019,Česko,girl,249-678,Violet
2019,Česko,boy,196-582,Vendelín
2019,Česko,girl,249-678,Živa
2019,Česko,boy,196-582,Sebastian Eduard
2019,Česko,girl,249-678,Vivienne
2019,Česko,boy,196-582,Viggo Jan
2019,Česko,girl,249-678,Luisa
2019,Česko,boy,196-582,Marek Vojtěch
2019,Česko,girl,249-678,Yasmin
2019,Česko,boy,196-582,Viktor Jan
2019,Česko,girl,249-678,Lujza
2019,Česko,boy,196-582,Semi
2019,Česko,girl,249-678,Livia Jane
2019,Česko,boy,196-582,Nikita
2019,Česko,girl,249-678,Michelle
2019,Česko,boy,196-582,Semir
2019,Česko,girl,249-678,Zixin
2019,Česko,boy,196-582,Marián
2019,Česko,girl,249-678,Regina
2019,Česko,boy,196-582,Simeon
2019,Česko,girl,249-678,Zoie
2019,Česko,boy,196-582,Michal Antonvyč
2019,Česko,girl,249-678,Marta Rose
2019,Česko,boy,196-582,Maik
2019,Česko,girl,249-678,Neli
2019,Česko,boy,196-582,Nikolas Daniel
2019,Česko,girl,249-678,Mína
2019,Česko,boy,196-582,Slavomil
2019,Česko,girl,249-678,Nella Sofia
2019,Česko,boy,196-582,Mikel
2019,Česko,girl,249-678,Rosálie
2019,Česko,boy,196-582,Slavomír
2019,Česko,girl,249-678,Sula
2019,Česko,boy,196-582,Vojtěch Jan
2019,Česko,girl,249-678,Rosario Vera
2019,Česko,boy,196-582,Mátyás
2019,Česko,girl,249-678,Majdalena
2019,Česko,boy,196-582,Vojtěch Pavel
2019,Česko,girl,249-678,Rosie Elaine Antoinette
2019,Česko,boy,196-582,Stepan
2019,Česko,girl,249-678,Malika
2019,Česko,boy,196-582,Noe
2019,Česko,girl,249-678,Róza
2019,Česko,boy,196-582,Stěpan
2019,Česko,girl,249-678,Maya
2019,Česko,boy,196-582,Noel
2019,Česko,girl,249-678,Lydia
2019,Česko,boy,196-582,Szymon David
2019,Česko,girl,249-678,Manon
2019,Česko,boy,196-582,Xuan Vuong
2019,Česko,girl,249-678,Rozálie Anna
2019,Česko,boy,196-582,Šanel
2019,Česko,girl,249-678,Melani
2019,Česko,boy,196-582,Ye Cheng
2019,Česko,girl,249-678,Rozálie Katrin-Adriana
2019,Česko,boy,196-582,Matyas Jan
2019,Česko,girl,249-678,Lilith
2019,Česko,boy,196-582,Zachar
2019,Česko,girl,249-678,Rozana
2019,Česko,boy,196-582,Šimon František
2019,Česko,girl,249-678,Temari
2019,Česko,boy,196-582,Norman
2019,Česko,girl,249-678,Minh Tue
2019,Česko,boy,196-582,Šimon Otakar
2019,Česko,girl,249-678,Terez
2019,Česko,boy,196-582,Mikko
2019,Česko,girl,249-678,Minja
2019,Česko,boy,196-582,Maksar
2019,Česko,girl,249-678,Tereza Anna
2019,Česko,boy,196-582,Matyáš Daniel
2019,Česko,girl,249-678,Rozárka Anna
2019,Česko,boy,196-582,Pranav
2019,Česko,girl,249-678,Margad
2019,Česko,boy,196-582,Jakub Jan
2019,Česko,girl,249-678,Ruxandra
2019,Česko,boy,196-582,Kvido
2019,Česko,girl,249-678,Tess
2019,Česko,boy,196-582,Josef Antonín
2019,Česko,girl,249-678,Růžena
2019,Česko,boy,196-582,Anand
2019,Česko,girl,249-678,Thao Nhi
2019,Česko,boy,196-582,Hugo Felix
2019,Česko,girl,249-678,Růžena Amálie
2019,Česko,boy,196-582,Anar
2019,Česko,girl,249-678,Natália
2019,Česko,boy,196-582,Jayden Leon
2019,Česko,girl,249-678,Růžena Michaela
2019,Česko,boy,196-582,Adrien
2019,Česko,girl,249-678,Theresa
2019,Česko,boy,196-582,Kerim
2019,Česko,girl,249-678,Madonna Mia
2019,Česko,boy,196-582,Andreas
2019,Česko,girl,249-678,Thu Thao
2019,Česko,boy,196-582,Hanuš
2019,Česko,girl,249-678,Safieh
2019,Česko,boy,196-582,Adam Jiří
2019,Česko,girl,249-678,Thuy Han
2019,Česko,boy,196-582,Ivan Jan
2019,Česko,girl,249-678,Letty Dominika Anna
2019,Česko,boy,196-582,Damián Adam
2019,Česko,girl,249-678,Mariam
2019,Česko,boy,196-582,Jan Václav
2019,Česko,girl,249-678,Samanta Alexandra
2019,Česko,boy,196-582,Damien
2019,Česko,girl,249-678,Tram Anh
2019,Česko,boy,196-582,Joakim
2019,Česko,girl,249-678,Samantha
2019,Česko,boy,196-582,Damir
2019,Česko,girl,249-678,Tran Uyen Nhi
2019,Česko,boy,196-582,Kaden Ralph
2019,Česko,girl,249-678,Miroslava
2019,Česko,boy,196-582,Adam Josef
2019,Česko,girl,249-678,Tu Anh
2019,Česko,boy,196-582,Alva
2019,Česko,girl,249-678,Sara
2019,Česko,boy,196-582,Dang Khoa
2019,Česko,girl,249-678,Týna
2019,Česko,boy,196-582,Leonardo
2019,Česko,girl,249-678,Libuše
2019,Česko,boy,196-582,Dang Minh Tu
2019,Česko,girl,249-678,Uljana
2019,Česko,boy,196-582,Hoang Hai Dang
2019,Česko,girl,249-678,Sára Anna
2019,Česko,boy,196-582,Andrij
2019,Česko,girl,249-678,Václava
2019,Česko,boy,196-582,Bartlomiej Piotr
2019,Česko,girl,249-678,Sára Bára
2019,Česko,boy,196-582,Daniel Alexander
2019,Česko,girl,249-678,Leontýna Lena
2019,Česko,boy,196-582,Jáchym Jan
2019,Česko,girl,249-678,Sara Elizabeth
2019,Česko,boy,196-582,Daniel Bogdan
2019,Česko,girl,249-678,Maria-Sofia
2019,Česko,boy,196-582,Bedřich
2019,Česko,girl,249-678,Sára Helen
2019,Česko,boy,196-582,Daniel Patrick
2019,Česko,girl,249-678,Valerie Zora
2019,Česko,boy,196-582,Alexander Lucius
2019,Česko,girl,249-678,Misheel
2019,Česko,boy,196-582,Daniel Raymond
2019,Česko,girl,249-678,Marie Eleonor
2019,Česko,boy,196-582,Benjamin Joseph
2019,Česko,girl,249-678,Sara Maria
2019,Česko,boy,196-582,Daniel Waldemar
2019,Česko,girl,249-678,Vanesa Miluše
2019,Česko,boy,196-582,Bertram
2019,Česko,girl,249-678,Mishell
2019,Česko,boy,196-582,Danylo
2019,Česko,girl,249-678,Marie Lussy
2019,Česko,boy,196-582,Bohuš
2019,Česko,girl,249-678,Saruul
2019,Česko,boy,196-582,Andy
2019,Česko,girl,249-678,Natalie Ella
2019,Česko,boy,196-582,Karel Hamada
2019,Česko,girl,249-678,Saša
2019,Česko,boy,196-582,Darien
2019,Česko,girl,249-678,Veronika Hana
2019,Česko,boy,196-582,Kilián
2019,Česko,girl,249-678,Senta
2019,Česko,boy,196-582,Dario
2019,Česko,girl,249-678,Mariela
2019,Česko,boy,196-582,Kryšpín
2019,Česko,girl,249-678,Shujie
2019,Česko,boy,196-582,Anh Duc
2019,Česko,girl,249-678,Vika
2019,Česko,boy,196-582,Cristian Rafael
2019,Česko,girl,249-678,Mišel
2019,Česko,boy,196-582,David Elias
2019,Česko,girl,249-678,Viktória
2019,Česko,boy,196-582,Levi
2019,Česko,girl,249-678,Miya
2019,Česko,boy,196-582,David Hoang
2019,Česko,girl,249-678,Nataša
2019,Česko,boy,196-582,Heliodor
2019,Česko,girl,249-678,Lída
2019,Česko,boy,196-582,David Nathanael
2019,Česko,girl,249-678,Viktorie Anna
2019,Česko,boy,196-582,Auguste
2019,Česko,girl,249-678,Sisi
2019,Česko,boy,196-582,Deniel
2019,Česko,girl,249-678,Viktorie Sára
2019,Česko,boy,196-582,Barnabáš
2019,Česko,girl,249-678,Magdaléna Klára
2019,Česko,boy,196-582,Anthony
2019,Česko,girl,249-678,Nava
2019,Česko,boy,196-582,Igor
2019,Česko,girl,249-678,Mai Anh
2019,Česko,boy,196-582,Deniz
2019,Česko,girl,249-678,Vitkorie
2019,Česko,boy,196-582,Izák
2019,Česko,girl,249-678,Sofie Anna
2019,Česko,boy,196-582,Dennis
2019,Česko,girl,249-678,Mariko Dobra
2019,Česko,boy,196-582,Bartoměj
2019,Česko,girl,249-678,Sofie Marta
2019,Česko,boy,196-582,Diego
2019,Česko,girl,249-678,Vizma
2019,Česko,boy,196-582,James
2019,Česko,girl,249-678,Sofija
2019,Česko,boy,196-582,Dinh Cao
2019,Česko,girl,249-678,Yalguun
2019,Česko,boy,196-582,Jan Kristian
2019,Česko,girl,249-678,Solomia
2019,Česko,boy,196-582,Dinh Khoi
2019,Česko,girl,249-678,Yi Chen
2019,Česko,boy,196-582,Adam Václav
2019,Česko,girl,249-678,Linda Hedvika
2019,Česko,boy,196-582,Diviš
2019,Česko,girl,249-678,Yveta
2019,Česko,boy,196-582,Jaroslav Teodor
2019,Česko,girl,249-678,Monika Magdalena
2019,Česko,boy,196-582,Dobroslav
2019,Česko,girl,249-678,Zdeňka
2019,Česko,boy,196-582,Jeremy
2019,Česko,girl,249-678,Sophia Bella
2019,Česko,boy,196-582,Dominic
2019,Česko,girl,249-678,Marion
2019,Česko,boy,196-582,Jiří Blažej
2019,Česko,girl,249-678,Sophie
2019,Česko,boy,196-582,Anthony Daniel
2019,Česko,girl,249-678,Nela Julie
2019,Česko,boy,196-582,Adam Alexander
2019,Česko,girl,249-678,Sophie Ella
2019,Česko,boy,196-582,Dominik Milan
2019,Česko,girl,249-678,Zoé
2019,Česko,boy,196-582,Jordan Odinakachukwu
2019,Česko,girl,249-678,Sophie Izabella
2019,Česko,boy,196-582,Dorian
2019,Česko,girl,249-678,Zoja
2019,Česko,boy,196-582,Josef William
2019,Česko,girl,249-678,Stanislava
2019,Česko,boy,196-582,Dorián
2019,Česko,girl,249-678,Markéta Elen
2019,Česko,boy,196-582,Juraj
2019,Česko,girl,249-678,Stefanie
2019,Česko,boy,196-582,Duc Minh Khoi
2019,Česko,girl,249-678,Livie
2019,Česko,boy,196-582,Bořivoj
2019,Česko,girl,249-678,Maja
2019,Česko,boy,196-582,Duc Sang
2019,Česko,girl,249-678,Zuzana Vlastislava
2019,Česko,boy,196-582,Kelly Petr
2019,Česko,girl,249-678,Maja Jana
2019,Česko,boy,196-582,Duc Tri
2019,Česko,girl,249-678,Stella Marie
2019,Česko,boy,196-582,Khantenger
2019,Česko,girl,249-678,Sára Jana
2019,Česko,boy,196-582,Dušan
2019,Česko,girl,249-678,Žofie Ella
2019,Česko,boy,196-582,Kosma
2019,Česko,girl,249-678,Razan
2019,Česko,boy,196-582,Eda
2019,Česko,girl,249-678,Rea
2019,Česko,boy,196-582,Kristof
2019,Česko,girl,249-678,Isabella Thea
2019,Česko,boy,196-582,Edgar
2019,Česko,girl,249-678,Astrid
2019,Česko,boy,196-582,Kryštof Jáchym
2019,Česko,girl,249-678,Josefine Anna
2019,Česko,boy,196-582,Anthony George
2019,Česko,girl,249-678,Aurélia
2019,Česko,boy,196-582,Caleb Oliver
2019,Česko,girl,249-678,Christine
2019,Česko,boy,196-582,Eduard Jacob
2019,Česko,girl,249-678,Deborah
2019,Česko,boy,196-582,Cristiano
2019,Česko,girl,249-678,Jasmina Lucila
2019,Česko,boy,196-582,Eduard Jan
2019,Česko,girl,249-678,Ada
2019,Česko,boy,196-582,Leopold
2019,Česko,girl,249-678,Annamarie
2019,Česko,boy,196-582,Edvard
2019,Česko,girl,249-678,Amálie Jarmila
2019,Česko,boy,196-582,Gualtier Guiragos
2019,Česko,girl,249-678,Le Gia Han
2019,Česko,boy,196-582,Edvin
2019,Česko,girl,249-678,Dita
2019,Česko,boy,196-582,Hektor
2019,Česko,girl,249-678,Bianca
2019,Česko,boy,196-582,Edward
2019,Česko,girl,249-678,Amálie Mary
2019,Česko,boy,196-582,Henrik
2019,Česko,girl,249-678,Jana Michaela
2019,Česko,boy,196-582,Edward Andrew
2019,Česko,girl,249-678,Dominika Noemi
2019,Česko,boy,196-582,Hristijan
2019,Česko,girl,249-678,Adina Mona
2019,Česko,boy,196-582,Elias
2019,Česko,girl,249-678,Dora
2019,Česko,boy,196-582,Ba Khoi
2019,Česko,girl,249-678,Annabel
2019,Česko,boy,196-582,Anton
2019,Česko,girl,249-678,Amálie Mia
2019,Česko,boy,196-582,Huy Minh
2019,Česko,girl,249-678,Kha Han
2019,Česko,boy,196-582,Eliáš Filip
2019,Česko,girl,249-678,Aurora
2019,Česko,boy,196-582,Hynek Michal
2019,Česko,girl,249-678,Laila
2019,Česko,boy,196-582,Alejandro
2019,Česko,girl,249-678,Dorothea
2019,Česko,boy,196-582,Ian
2019,Česko,girl,249-678,Charlotte Marie
2019,Česko,boy,196-582,Antonio
2019,Česko,girl,249-678,Apollinaria
2019,Česko,boy,196-582,Adam Robert
2019,Česko,girl,249-678,Berenika Adéla
2019,Česko,boy,196-582,Elon
2019,Česko,girl,249-678,Eda
2019,Česko,boy,196-582,Izak
2019,Česko,girl,249-678,Bibiana
2019,Česko,boy,196-582,Elon Tomáš
2019,Česko,girl,249-678,Aylin
2019,Česko,boy,196-582,Bartoloměj Kryštof
2019,Česko,girl,249-678,Ivanna
2019,Česko,boy,196-582,Liam
2019,Česko,girl,249-678,Amanda Krasimirova
2019,Česko,boy,196-582,Jake Simon
2019,Česko,girl,249-678,Jasmin
2019,Česko,boy,196-582,Lionel
2019,Česko,girl,249-678,Amáta
2019,Česko,boy,196-582,Jakub Elias
2019,Česko,girl,249-678,Celestýna
2019,Česko,boy,196-582,Loki
2019,Česko,girl,249-678,Eleanor Melita
2019,Česko,boy,196-582,Jakub Michal
2019,Česko,girl,249-678,Anna Maria
2019,Česko,boy,196-582,Emilio
2019,Česko,girl,249-678,Ameli Alexandra
2019,Česko,boy,196-582,Bayan
2019,Česko,girl,249-678,Anna Rozálie
2019,Česko,boy,196-582,Emín
2019,Česko,girl,249-678,Amelia
2019,Česko,boy,196-582,Jan Jaroslav
2019,Česko,girl,249-678,Karla Astra
2019,Česko,boy,196-582,Emir
2019,Česko,girl,249-678,Adriana Daniela
2019,Česko,boy,196-582,Jan Mark
2019,Česko,girl,249-678,Dagmar
2019,Česko,boy,196-582,Emmett
2019,Česko,girl,249-678,Eli
2019,Česko,boy,196-582,Jan Vincenc
2019,Česko,girl,249-678,Klaudia
2019,Česko,boy,196-582,Erbold
2019,Česko,girl,249-678,Babeta
2019,Česko,boy,196-582,Janek Maximilian
2019,Česko,girl,249-678,Kristýna Charlotte
2019,Česko,boy,196-582,Eric
2019,Česko,girl,249-678,Elif
2019,Česko,boy,196-582,Adam Viliam
2019,Česko,girl,249-678,Antonie Amma
2019,Česko,boy,196-582,Arbi
2019,Česko,girl,249-678,Elin
2019,Česko,boy,196-582,Alexandre
2019,Česko,girl,249-678,Angelina
2019,Česko,boy,196-582,Erik Julius
2019,Česko,girl,249-678,Elisa
2019,Česko,boy,196-582,Jeremiáš
2019,Česko,girl,249-678,Chloe
2019,Česko,boy,196-582,Ernest Oliver
2019,Česko,girl,249-678,Amélie Helen
2019,Česko,boy,196-582,Jimmy
2019,Česko,girl,249-678,Alisa
2019,Česko,boy,196-582,Eron
2019,Česko,girl,249-678,Elisabeth Sophia
2019,Česko,boy,196-582,Benjamin Sebastian
2019,Česko,girl,249-678,Iris
2019,Česko,boy,196-582,Ethan Noah
2019,Česko,girl,249-678,Elisabetta
2019,Česko,boy,196-582,Jiří Emanuel
2019,Česko,girl,249-678,Isabela Leia
2019,Česko,boy,196-582,Ezel
2019,Česko,girl,249-678,Elishka
2019,Česko,boy,196-582,John
2019,Česko,girl,249-678,Isabella Leontýna
2019,Česko,boy,196-582,Aren Alexander
2019,Česko,girl,249-678,Elissa
2019,Česko,boy,196-582,Jonáš Radek
2019,Česko,girl,249-678,Alena Mia
2019,Česko,boy,196-582,Fabián
2019,Česko,girl,249-678,Amelie Melanie
2019,Česko,boy,196-582,Jonatán
2019,Česko,girl,249-678,Anna Eliška
2019,Česko,boy,196-582,Fabian Claudiu
2019,Česko,girl,249-678,Eliška Kateřina
2019,Česko,boy,196-582,Bohumil
2019,Česko,girl,249-678,Brigita Marie
2019,Česko,boy,196-582,Fabián Josef
2019,Česko,girl,249-678,Eliška Věra
2019,Česko,boy,196-582,Alfréd Antonín
2019,Česko,girl,249-678,Jasmina
2019,Česko,boy,196-582,Faisal
2019,Česko,girl,249-678,Elizabet
2019,Česko,boy,196-582,Jozef
2019,Česko,girl,249-678,Jasmine Magdy
2019,Česko,boy,196-582,Ares Murat
2019,Česko,girl,249-678,Badamiyankhua
2019,Česko,boy,196-582,Julius
2019,Česko,girl,249-678,Jenovéfa Zdena
2019,Česko,boy,196-582,Felix Anthony
2019,Česko,girl,249-678,Elizabeth Constance
2019,Česko,boy,196-582,Ali
2019,Česko,girl,249-678,Jitka
2019,Česko,boy,196-582,Archie Tomaš
2019,Česko,girl,249-678,Elizaveta
2019,Česko,boy,196-582,Kaito
2019,Česko,girl,249-678,Josefa
2019,Česko,boy,196-582,Alessio
2019,Česko,girl,249-678,An Vy
2019,Česko,boy,196-582,Allan Matyáš
2019,Česko,girl,249-678,Jozefína
2019,Česko,boy,196-582,Filip Andrei
2019,Česko,girl,249-678,Ella Dominika
2019,Česko,boy,196-582,Karel Jakub
2019,Česko,girl,249-678,Julie Vlasta
2019,Česko,boy,196-582,Filip Viktor
2019,Česko,girl,249-678,Ella May
2019,Česko,boy,196-582,Kelvin
2019,Česko,girl,249-678,Karin
2019,Česko,boy,196-582,Florián
2019,Česko,girl,249-678,Bao An
2019,Česko,boy,196-582,Bronislav
2019,Česko,girl,249-678,Annabeth Lada
2019,Česko,boy,196-582,Fran
2019,Česko,girl,249-678,Lenka Bronislava
2019,Česko,boy,196-582,Kilian
2019,Česko,girl,249-678,Kateřina Eva
2019,Česko,boy,196-582,Áron
2019,Česko,girl,249-678,Bao Anh
2019,Česko,boy,196-582,Koloman
2019,Česko,girl,249-678,Ketrin
2019,Česko,boy,196-582,František Emil
2019,Česko,girl,249-678,Elsa
2019,Česko,boy,196-582,Adrian Jaroslav
2019,Česko,girl,249-678,Kira
2019,Česko,boy,196-582,František Jiří
2019,Česko,girl,249-678,Anabella
2019,Česko,boy,196-582,Kristian Wassilev
2019,Česko,girl,249-678,Kornelia
2019,Česko,boy,196-582,František Max
2019,Česko,girl,249-678,Ema Elen
2019,Česko,boy,196-582,František Osvald
2019,Česko,girl,249-678,Amália
2019,Česko,boy,196-582,Břetislav
2019,Česko,girl,249-678,Ema Julie
2019,Česko,boy,196-582,Arthur
2019,Česko,girl,249-678,Kvetana
2019,Česko,boy,196-582,Kuba
2019,Česko,girl,249-678,Ema Lily
2019,Česko,boy,196-582,Fredy
2019,Česko,girl,249-678,Alessandra
2019,Česko,boy,196-582,Kvído
2019,Česko,girl,249-678,Ema Maria
2019,Česko,boy,196-582,Adam Lubomír
2019,Česko,girl,249-678,Lavinia Jadranka
2019,Česko,boy,196-582,Leo
2019,Česko,girl,249-678,Emilia
2019,Česko,boy,196-582,Gabriele Petr
2019,Česko,girl,249-678,Charlotta Květa
2019,Česko,boy,196-582,Leon Philip
2019,Česko,girl,249-678,Emília
2019,Česko,boy,196-582,Garid
2019,Česko,girl,249-678,Charlotte Anastázie
2019,Česko,boy,196-582,Leonard Miltiades
2019,Česko,girl,249-678,Emilie
2019,Česko,boy,196-582,George Nicholas
2019,Česko,girl,249-678,Chenyue
2019,Česko,boy,196-582,Leonidas
2019,Česko,girl,249-678,Anabelle
2019,Česko,boy,196-582,Atrey
2019,Česko,girl,249-678,Chloé
2019,Česko,boy,196-582,Leoš
2019,Česko,girl,249-678,Emílie Anna
2019,Česko,boy,196-582,Gia Hieu
2019,Česko,girl,249-678,Benedikta
2019,Česko,boy,196-582,Amer
2019,Česko,girl,249-678,Emílie Inna
2019,Česko,boy,196-582,Giovanni
2019,Česko,girl,249-678,Ilona Veronika
2019,Česko,boy,196-582,Eloy
2019,Česko,girl,249-678,Emilly
2019,Česko,boy,196-582,Logan
2019,Česko,girl,249-678,Běta
2019,Česko,boy,196-582,Elyas
2019,Česko,girl,249-678,Aranka Sophia
2019,Česko,boy,196-582,Abraham
2019,Česko,girl,249-678,Irma
2019,Česko,boy,196-582,Emil
2019,Česko,girl,249-678,Anastasia Vitalijivna
2019,Česko,girl,249-678,Bianca Věra
2019,Česko,girl,249-678,Emma Charlotee
2019,Česko,girl,249-678,Isabela Marlen
2019,Česko,girl,249-678,Emma Marie
2019,Česko,girl,249-678,Bodi-Goo
2019,Česko,girl,249-678,Emma Milena
2019,Česko,girl,249-678,Isabella Maria
2019,Česko,girl,249-678,Emma Victoria
2019,Česko,girl,249-678,Briana
2019,Česko,girl,249-678,Barbara
2019,Česko,girl,249-678,Ivanka
2019,Česko,girl,249-678,Adéla Darina
2019,Česko,girl,249-678,Brigita
2019,Česko,girl,249-678,Ester Sofie
2019,Česko,girl,249-678,Anna Elizabeth
2019,Česko,girl,249-678,Anastázie Gao
2019,Česko,girl,249-678,Janika
2019,Česko,girl,249-678,Eva Anna
2019,Česko,girl,249-678,Arina Bogdanovna
2019,Česko,girl,249-678,Eva Lilian
2019,Česko,girl,249-678,Jasmin Michaela
2019,Česko,girl,249-678,Adél
2019,Česko,girl,249-678,Anna Charlotte
2019,Česko,girl,249-678,Alexandra Julie
2019,Česko,girl,249-678,Jasmine
2019,Česko,girl,249-678,Agnes
2019,Česko,girl,249-678,Jenifer
2019,Česko,girl,249-678,Evelína Anna
2019,Česko,girl,249-678,Jenovéfa Marie
2019,Česko,girl,249-678,Adina Ester
2019,Česko,girl,249-678,Aloisie
2019,Česko,girl,249-678,Evženie
2019,Česko,girl,249-678,Constance Marie
2019,Česko,girl,249-678,Fiorella
2019,Česko,girl,249-678,Anna Kateřina
2019,Česko,girl,249-678,Florentýna
2019,Česko,girl,249-678,Cornélie
2019,Česko,girl,249-678,Floriana
2019,Česko,girl,249-678,Anna Pavla
2019,Česko,girl,249-678,Ágnes
2019,Česko,girl,249-678,Jovana
2019,Česko,girl,249-678,Antonie Eva
2019,Česko,girl,249-678,Judita
2019,Česko,girl,249-678,Lena
2019,Česko,girl,249-678,Julie Augusta
2019,Česko,girl,249-678,Ariana Mia
2019,Česko,girl,249-678,Anna Tara
2019,Česko,girl,249-678,Gaia
2019,Česko,girl,249-678,Kara
2019,Česko,girl,249-678,Giorgianna
2019,Česko,girl,249-678,Cristina
2019,Česko,girl,249-678,Bedřiška
2019,Česko,girl,249-678,Karla Josefína
2019,Česko,girl,249-678,Goo-Egshig
2019,Česko,girl,249-678,Katarina
2019,Česko,girl,249-678,Greta
2019,Česko,girl,249-678,Kateřina Elizabeth
2019,Česko,girl,249-678,Gréta
2019,Česko,girl,249-678,Kathrina
2019,Česko,girl,249-678,Ha Chi
2019,Česko,girl,249-678,Katrin
2019,Česko,girl,249-678,Arina
2019,Česko,girl,249-678,Keyadhini
2019,Česko,girl,249-678,Hadicha
2019,Česko,girl,249-678,Kieu Trang
2019,Česko,girl,249-678,Anette
2019,Česko,girl,249-678,Anne Maria
2019,Česko,girl,249-678,Hanele
2019,Česko,girl,249-678,Annemari
2019,Česko,girl,249-678,Hanka
2019,Česko,girl,249-678,Krisia
2019,Česko,girl,249-678,Hanna
2019,Česko,girl,249-678,Daneliya
2019,Česko,girl,249-678,Háta
2019,Česko,girl,249-678,Annemarie
2019,Česko,girl,249-678,Běla
2019,Česko,girl,249-678,Květa
2019,Česko,girl,249-678,Adelia
2019,Česko,girl,249-678,Annie
2019,Česko,girl,249-678,Bella
2019,Česko,girl,249-678,Lala Gabriela
2019,Česko,girl,249-678,Angela
2019,Česko,girl,249-678,Dara
2019,Česko,girl,249-678,Hoai An
2019,Česko,girl,249-678,Lauren
2019,Česko,girl,249-678,Huyen My
2019,Česko,girl,249-678,Layla Violett
2019,Česko,girl,249-678,Charlota
2019,Česko,girl,249-678,Darina
2019,Česko,girl,249-678,Charlotta
2019,Česko,girl,249-678,Anu
2019,Česko,girl,249-678,Aneta Marie
2019,Česko,girl,249-678,Gabriela Ellie
2019,Česko,girl,249-678,Elli
2019,Česko,girl,249-678,Ellie
2019,Česko,girl,249-678,Šanel
2022,Česko,boy,1,Jakub
2022,Česko,boy,2,Jan
2022,Česko,boy,3,Matyáš
2022,Česko,boy,4,Adam
2022,Česko,boy,5,Tomáš
2022,Česko,boy,6,Matěj
2022,Česko,boy,7,Filip
2022,Česko,boy,8,Vojtěch
2022,Česko,boy,9,Dominik
2022,Česko,boy,10,David
2022,Česko,boy,11,Tobiáš
2022,Česko,boy,12,Daniel
2022,Česko,boy,13,Lukáš
2022,Česko,boy,14,Ondřej
2022,Česko,boy,15,Štěpán
2022,Česko,boy,16,Martin
2022,Česko,boy,17,Antonín
2022,Česko,boy,18,Šimon
2022,Česko,boy,19,Petr
2022,Česko,boy,20,Oliver
2022,Praha,boy,1,Jakub
2022,Praha,boy,2,Adam
2022,Praha,boy,3,Jan
2022,Praha,boy,4,David
2022,Praha,boy,5,Matyáš
2022,Praha,boy,6,Filip
2022,Praha,boy,7,Tomáš
2022,Praha,boy,8,Matěj
2022,Praha,boy,9,Daniel
2022,Praha,boy,10,Antonín
2022,Praha,boy,11,Dominik
2022,Praha,boy,12,Vojtěch
2022,Praha,boy,13,Oliver
2022,Praha,boy,14,Samuel
2022,Praha,boy,15,Tobiáš
2022,Praha,boy,16,Jonáš
2022,Praha,boy,17,Martin
2022,Praha,boy,18-19,Lukáš
2022,Praha,boy,18-19,Sebastian
2022,Praha,boy,20,Ondřej
2022,Středočeský,boy,1,Jakub
2022,Středočeský,boy,2,Matyáš
2022,Středočeský,boy,3,Jan
2022,Středočeský,boy,4,Adam
2022,Středočeský,boy,5,Matěj
2022,Středočeský,boy,6,Filip
2022,Středočeský,boy,7,Tomáš
2022,Středočeský,boy,8,Vojtěch
2022,Středočeský,boy,9,David
2022,Středočeský,boy,10,Dominik
2022,Středočeský,boy,11,Lukáš
2022,Středočeský,boy,12,Antonín
2022,Středočeský,boy,13,Ondřej
2022,Středočeský,boy,14,Tobiáš
2022,Středočeský,boy,15-16,Daniel
2022,Středočeský,boy,15-16,Martin
2022,Středočeský,boy,17,Václav
2022,Středočeský,boy,18,Petr
2022,Středočeský,boy,19,Jonáš
2022,Středočeský,boy,20-21,Kryštof
2022,Středočeský,boy,20-21,Štěpán
2022,Jihočeský,boy,1,Jakub
2022,Jihočeský,boy,2,Jan
2022,Jihočeský,boy,3,Matyáš
2022,Jihočeský,boy,4,Adam
2022,Jihočeský,boy,5,Vojtěch
2022,Jihočeský,boy,6,Tomáš
2022,Jihočeský,boy,7,Matěj
2022,Jihočeský,boy,8,Filip
2022,Jihočeský,boy,9,David
2022,Jihočeský,boy,10,Lukáš
2022,Jihočeský,boy,11,Ondřej
2022,Jihočeský,boy,12,Štěpán
2022,Jihočeský,boy,13,Antonín
2022,Jihočeský,boy,14-15,Dominik
2022,Jihočeský,boy,14-15,Václav
2022,Jihočeský,boy,16,Martin
2022,Jihočeský,boy,17,Tobiáš
2022,Jihočeský,boy,18-19,Daniel
2022,Jihočeský,boy,18-19,Marek
2022,Jihočeský,boy,20-22,Petr
2022,Jihočeský,boy,20-22,Jiří
2022,Jihočeský,boy,20-22,Tadeáš
2022,Plzeňský,boy,1,Jakub
2022,Plzeňský,boy,2,Jan
2022,Plzeňský,boy,3,Matyáš
2022,Plzeňský,boy,4,Matěj
2022,Plzeňský,boy,5,Filip
2022,Plzeňský,boy,6,Tomáš
2022,Plzeňský,boy,7,Lukáš
2022,Plzeňský,boy,8,Tobiáš
2022,Plzeňský,boy,9-11,Adam
2022,Plzeňský,boy,9-11,Daniel
2022,Plzeňský,boy,9-11,David
2022,Plzeňský,boy,12-13,Dominik
2022,Plzeňský,boy,12-13,Vojtěch
2022,Plzeňský,boy,14,Václav
2022,Plzeňský,boy,15,Martin
2022,Plzeňský,boy,16,Antonín
2022,Plzeňský,boy,17,Ondřej
2022,Plzeňský,boy,18,Petr
2022,Plzeňský,boy,19,Jiří
2022,Plzeňský,boy,20,Šimon
2022,Karlovarský,boy,1,Jakub
2022,Karlovarský,boy,2,Jan
2022,Karlovarský,boy,3,Tomáš
2022,Karlovarský,boy,4,Matyáš
2022,Karlovarský,boy,5,Daniel
2022,Karlovarský,boy,6,Adam
2022,Karlovarský,boy,7,Matěj
2022,Karlovarský,boy,8-9,Dominik
2022,Karlovarský,boy,8-9,Tobiáš
2022,Karlovarský,boy,10,Martin
2022,Karlovarský,boy,11-14,Lukáš
2022,Karlovarský,boy,11-14,Ondřej
2022,Karlovarský,boy,11-14,Petr
2022,Karlovarský,boy,11-14,Sebastian
2022,Karlovarský,boy,15-16,David
2022,Karlovarský,boy,15-16,Václav
2022,Karlovarský,boy,17,Samuel
2022,Karlovarský,boy,18,Vojtěch
2022,Karlovarský,boy,19,Filip
2022,Karlovarský,boy,20,Michal
2022,Ústecký,boy,1,Jakub
2022,Ústecký,boy,2,Jan
2022,Ústecký,boy,3,Tomáš
2022,Ústecký,boy,4-5,Matyáš
2022,Ústecký,boy,4-5,Adam
2022,Ústecký,boy,6-7,Daniel
2022,Ústecký,boy,6-7,Dominik
2022,Ústecký,boy,8,Martin
2022,Ústecký,boy,9,Matěj
2022,Ústecký,boy,10,Tobiáš
2022,Ústecký,boy,11,Petr
2022,Ústecký,boy,12-13,Lukáš
2022,Ústecký,boy,12-13,Vojtěch
2022,Ústecký,boy,14,David
2022,Ústecký,boy,15,Filip
2022,Ústecký,boy,16,Jiří
2022,Ústecký,boy,17,Ondřej
2022,Ústecký,boy,18,Marek
2022,Ústecký,boy,19-20,Václav
2022,Ústecký,boy,19-20,Samuel
2022,Liberecký,boy,1,Jakub
2022,Liberecký,boy,2,Jan
2022,Liberecký,boy,3,Matyáš
2022,Liberecký,boy,4,Adam
2022,Liberecký,boy,5,Tomáš
2022,Liberecký,boy,6,Dominik
2022,Liberecký,boy,7,Štěpán
2022,Liberecký,boy,8,Antonín
2022,Liberecký,boy,9-10,Tobiáš
2022,Liberecký,boy,9-10,Filip
2022,Liberecký,boy,11-12,Matěj
2022,Liberecký,boy,11-12,Ondřej
2022,Liberecký,boy,13,Oliver
2022,Liberecký,boy,14-15,Petr
2022,Liberecký,boy,14-15,Kryštof
2022,Liberecký,boy,16-17,Daniel
2022,Liberecký,boy,16-17,Šimon
2022,Liberecký,boy,18,David
2022,Liberecký,boy,19,Martin
2022,Liberecký,boy,20,Vojtěch
2022,Královéhradecký,boy,1,Matyáš
2022,Královéhradecký,boy,2,Jakub
2022,Královéhradecký,boy,3,Jan
2022,Královéhradecký,boy,4,Vojtěch
2022,Královéhradecký,boy,5,Adam
2022,Královéhradecký,boy,6,Matěj
2022,Královéhradecký,boy,7,Tomáš
2022,Královéhradecký,boy,8,Filip
2022,Královéhradecký,boy,9,Antonín
2022,Královéhradecký,boy,10,Ondřej
2022,Královéhradecký,boy,11-12,Štěpán
2022,Královéhradecký,boy,11-12,Mikuláš
2022,Královéhradecký,boy,13,Václav
2022,Královéhradecký,boy,14-15,Dominik
2022,Královéhradecký,boy,14-15,Daniel
2022,Královéhradecký,boy,16,Martin
2022,Královéhradecký,boy,17,Marek
2022,Královéhradecký,boy,18,Tobiáš
2022,Královéhradecký,boy,19,Šimon
2022,Královéhradecký,boy,20,David
2022,Pardubický,boy,1,Jakub
2022,Pardubický,boy,2,Matyáš
2022,Pardubický,boy,3,Tomáš
2022,Pardubický,boy,4,Matěj
2022,Pardubický,boy,5,Adam
2022,Pardubický,boy,6-7,Jan
2022,Pardubický,boy,6-7,Vojtěch
2022,Pardubický,boy,8,Filip
2022,Pardubický,boy,9,Tobiáš
2022,Pardubický,boy,10-11,Štěpán
2022,Pardubický,boy,10-11,Dominik
2022,Pardubický,boy,12,Antonín
2022,Pardubický,boy,13-15,Mikuláš
2022,Pardubický,boy,13-15,Daniel
2022,Pardubický,boy,13-15,Tadeáš
2022,Pardubický,boy,16-18,Ondřej
2022,Pardubický,boy,16-18,Šimon
2022,Pardubický,boy,16-18,Lukáš
2022,Pardubický,boy,19,David
2022,Pardubický,boy,20-21,Václav
2022,Pardubický,boy,20-21,Jonáš
2022,Vysočina,boy,1,Jakub
2022,Vysočina,boy,2-3,Adam
2022,Vysočina,boy,2-3,Jan
2022,Vysočina,boy,4,Matyáš
2022,Vysočina,boy,5,Matěj
2022,Vysočina,boy,6,Tomáš
2022,Vysočina,boy,7,Vojtěch
2022,Vysočina,boy,8,Dominik
2022,Vysočina,boy,9,Štěpán
2022,Vysočina,boy,10-11,Antonín
2022,Vysočina,boy,10-11,David
2022,Vysočina,boy,12,Ondřej
2022,Vysočina,boy,13-14,Tobiáš
2022,Vysočina,boy,13-14,Daniel
2022,Vysočina,boy,15-16,Filip
2022,Vysočina,boy,15-16,Mikuláš
2022,Vysočina,boy,17-18,Šimon
2022,Vysočina,boy,17-18,Petr
2022,Vysočina,boy,19,Patrik
2022,Vysočina,boy,20-21,Lukáš
2022,Vysočina,boy,20-21,Martin
2022,Jihomoravský,boy,1,Jakub
2022,Jihomoravský,boy,2,Adam
2022,Jihomoravský,boy,3,Jan
2022,Jihomoravský,boy,4,Matyáš
2022,Jihomoravský,boy,5,Dominik
2022,Jihomoravský,boy,6,Tomáš
2022,Jihomoravský,boy,7,Filip
2022,Jihomoravský,boy,8,David
2022,Jihomoravský,boy,9,Matěj
2022,Jihomoravský,boy,10,Lukáš
2022,Jihomoravský,boy,11,Vojtěch
2022,Jihomoravský,boy,12,Tobiáš
2022,Jihomoravský,boy,13,Ondřej
2022,Jihomoravský,boy,14,Daniel
2022,Jihomoravský,boy,15,Štěpán
2022,Jihomoravský,boy,16,Šimon
2022,Jihomoravský,boy,17,Mikuláš
2022,Jihomoravský,boy,18,Martin
2022,Jihomoravský,boy,19-20,Oliver
2022,Jihomoravský,boy,19-20,Samuel
2022,Olomoucký,boy,1,Jakub
2022,Olomoucký,boy,2,Matyáš
2022,Olomoucký,boy,3,Adam
2022,Olomoucký,boy,4,Jan
2022,Olomoucký,boy,5,Filip
2022,Olomoucký,boy,6,Matěj
2022,Olomoucký,boy,7,Tomáš
2022,Olomoucký,boy,8,Dominik
2022,Olomoucký,boy,9,Vojtěch
2022,Olomoucký,boy,10,Daniel
2022,Olomoucký,boy,11,Lukáš
2022,Olomoucký,boy,12,Tobiáš
2022,Olomoucký,boy,13-14,David
2022,Olomoucký,boy,13-14,Štěpán
2022,Olomoucký,boy,15-16,Ondřej
2022,Olomoucký,boy,15-16,Marek
2022,Olomoucký,boy,17,Martin
2022,Olomoucký,boy,18,Šimon
2022,Olomoucký,boy,19,Petr
2022,Olomoucký,boy,20,Jiří
2022,Zlínský,boy,1,Jakub
2022,Zlínský,boy,2-3,Matyáš
2022,Zlínský,boy,2-3,Jan
2022,Zlínský,boy,4-5,Adam
2022,Zlínský,boy,4-5,Matěj
2022,Zlínský,boy,6,Štěpán
2022,Zlínský,boy,7-8,Tomáš
2022,Zlínský,boy,7-8,Dominik
2022,Zlínský,boy,9,Vojtěch
2022,Zlínský,boy,10,Filip
2022,Zlínský,boy,11-12,Lukáš
2022,Zlínský,boy,11-12,David
2022,Zlínský,boy,13,Šimon
2022,Zlínský,boy,14,Tobiáš
2022,Zlínský,boy,15,Jonáš
2022,Zlínský,boy,16-17,Marek
2022,Zlínský,boy,16-17,Martin
2022,Zlínský,boy,18-19,Mikuláš
2022,Zlínský,boy,18-19,Samuel
2022,Zlínský,boy,20-21,Petr
2022,Zlínský,boy,20-21,Kryštof
2022,Moravskoslezský,boy,1,Jakub
2022,Moravskoslezský,boy,2,Matyáš
2022,Moravskoslezský,boy,3,Adam
2022,Moravskoslezský,boy,4,Dominik
2022,Moravskoslezský,boy,5,Jan
2022,Moravskoslezský,boy,6,Vojtěch
2022,Moravskoslezský,boy,7-8,Matěj
2022,Moravskoslezský,boy,7-8,Tomáš
2022,Moravskoslezský,boy,9-10,David
2022,Moravskoslezský,boy,9-10,Daniel
2022,Moravskoslezský,boy,11,Filip
2022,Moravskoslezský,boy,12,Tobiáš
2022,Moravskoslezský,boy,13,Ondřej
2022,Moravskoslezský,boy,14,Oliver
2022,Moravskoslezský,boy,15,Štěpán
2022,Moravskoslezský,boy,16-17,Lukáš
2022,Moravskoslezský,boy,16-17,Šimon
2022,Moravskoslezský,boy,18,Martin
2022,Moravskoslezský,boy,19,Samuel
2022,Moravskoslezský,boy,20-22,Sebastian
2022,Moravskoslezský,boy,20-22,Patrik
2022,Moravskoslezský,boy,20-22,Teodor
2022,Česko,girl,1,Eliška
2022,Česko,girl,2,Viktorie
2022,Česko,girl,3,Anna
2022,Česko,girl,4,Sofie
2022,Česko,girl,5,Natálie
2022,Česko,girl,6,Tereza
2022,Česko,girl,7,Adéla
2022,Česko,girl,8,Ema
2022,Česko,girl,9,Amálie
2022,Česko,girl,10,Nela
2022,Česko,girl,11,Laura
2022,Česko,girl,12,Karolína
2022,Česko,girl,13,Julie
2022,Česko,girl,14,Barbora
2022,Česko,girl,15,Rozálie
2022,Česko,girl,16,Anežka
2022,Česko,girl,17,Veronika
2022,Česko,girl,18,Stella
2022,Česko,girl,19-20,Emma
2022,Česko,girl,19-20,Marie
2022,Praha,girl,1,Anna
2022,Praha,girl,2,Eliška
2022,Praha,girl,3,Sofie
2022,Praha,girl,4,Viktorie
2022,Praha,girl,5,Tereza
2022,Praha,girl,6,Ema
2022,Praha,girl,7-8,Natálie
2022,Praha,girl,7-8,Julie
2022,Praha,girl,9,Adéla
2022,Praha,girl,10,Karolína
2022,Praha,girl,11,Amálie
2022,Praha,girl,12,Sára
2022,Praha,girl,13,Anežka
2022,Praha,girl,14,Nela
2022,Praha,girl,15,Emma
2022,Praha,girl,16-17,Rozálie
2022,Praha,girl,16-17,Marie
2022,Praha,girl,18,Laura
2022,Praha,girl,19-20,Barbora
2022,Praha,girl,19-20,Meda
2022,Středočeský,girl,1,Eliška
2022,Středočeský,girl,2,Anna
2022,Středočeský,girl,3,Viktorie
2022,Středočeský,girl,4,Sofie
2022,Středočeský,girl,5,Natálie
2022,Středočeský,girl,6,Tereza
2022,Středočeský,girl,7,Adéla
2022,Středočeský,girl,8,Karolína
2022,Středočeský,girl,9,Ema
2022,Středočeský,girl,10-11,Amálie
2022,Středočeský,girl,10-11,Nela
2022,Středočeský,girl,12,Anežka
2022,Středočeský,girl,13,Rozálie
2022,Středočeský,girl,14,Barbora
2022,Středočeský,girl,15,Julie
2022,Středočeský,girl,16,Marie
2022,Středočeský,girl,17,Laura
2022,Středočeský,girl,18,Mia
2022,Středočeský,girl,19,Emma
2022,Středočeský,girl,20,Sára
2022,Jihočeský,girl,1,Eliška
2022,Jihočeský,girl,2,Anna
2022,Jihočeský,girl,3,Natálie
2022,Jihočeský,girl,4-5,Sofie
2022,Jihočeský,girl,4-5,Tereza
2022,Jihočeský,girl,6,Viktorie
2022,Jihočeský,girl,7,Adéla
2022,Jihočeský,girl,8,Amálie
2022,Jihočeský,girl,9-10,Nela
2022,Jihočeský,girl,9-10,Veronika
2022,Jihočeský,girl,11-14,Ema
2022,Jihočeský,girl,11-14,Anežka
2022,Jihočeský,girl,11-14,Rozálie
2022,Jihočeský,girl,11-14,Laura
2022,Jihočeský,girl,15,Kristýna
2022,Jihočeský,girl,16,Stella
2022,Jihočeský,girl,17,Barbora
2022,Jihočeský,girl,18-19,Karolína
2022,Jihočeský,girl,18-19,Nikola
2022,Jihočeský,girl,20-21,Julie
2022,Jihočeský,girl,20-21,Kateřina
2022,Plzeňský,girl,1,Anna
2022,Plzeňský,girl,2,Eliška
2022,Plzeňský,girl,3,Viktorie
2022,Plzeňský,girl,4,Sofie
2022,Plzeňský,girl,5,Julie
2022,Plzeňský,girl,6-8,Natálie
2022,Plzeňský,girl,6-8,Tereza
2022,Plzeňský,girl,6-8,Adéla
2022,Plzeňský,girl,9,Ema
2022,Plzeňský,girl,10,Nela
2022,Plzeňský,girl,11,Laura
2022,Plzeňský,girl,12,Barbora
2022,Plzeňský,girl,13,Amálie
2022,Plzeňský,girl,14-15,Emma
2022,Plzeňský,girl,14-15,Marie
2022,Plzeňský,girl,16,Anežka
2022,Plzeňský,girl,17,Karolína
2022,Plzeňský,girl,18,Kristýna
2022,Plzeňský,girl,19,Aneta
2022,Plzeňský,girl,20,Veronika
2022,Karlovarský,girl,1,Eliška
2022,Karlovarský,girl,2,Viktorie
2022,Karlovarský,girl,3,Sofie
2022,Karlovarský,girl,4,Laura
2022,Karlovarský,girl,5,Natálie
2022,Karlovarský,girl,6,Amálie
2022,Karlovarský,girl,7-8,Tereza
2022,Karlovarský,girl,7-8,Barbora
2022,Karlovarský,girl,9,Anna
2022,Karlovarský,girl,10,Karolína
2022,Karlovarský,girl,11-14,Julie
2022,Karlovarský,girl,11-14,Adéla
2022,Karlovarský,girl,11-14,Ema
2022,Karlovarský,girl,11-14,Kristýna
2022,Karlovarský,girl,15-16,Emma
2022,Karlovarský,girl,15-16,Štěpánka
2022,Karlovarský,girl,17-19,Marie
2022,Karlovarský,girl,17-19,Veronika
2022,Karlovarský,girl,17-19,Rozálie
2022,Karlovarský,girl,20-23,Nela
2022,Karlovarský,girl,20-23,Stella
2022,Karlovarský,girl,20-23,Mia
2022,Karlovarský,girl,20-23,Ester
2022,Ústecký,girl,1,Eliška
2022,Ústecký,girl,2,Viktorie
2022,Ústecký,girl,3,Sofie
2022,Ústecký,girl,4,Anna
2022,Ústecký,girl,5,Natálie
2022,Ústecký,girl,6,Amálie
2022,Ústecký,girl,7,Adéla
2022,Ústecký,girl,8,Ema
2022,Ústecký,girl,9,Tereza
2022,Ústecký,girl,10-11,Laura
2022,Ústecký,girl,10-11,Barbora
2022,Ústecký,girl,12,Emma
2022,Ústecký,girl,13,Kristýna
2022,Ústecký,girl,14-15,Nela
2022,Ústecký,girl,14-15,Anežka
2022,Ústecký,girl,16,Ella
2022,Ústecký,girl,17-19,Julie
2022,Ústecký,girl,17-19,Veronika
2022,Ústecký,girl,17-19,Stella
2022,Ústecký,girl,20-21,Karolína
2022,Ústecký,girl,20-21,Lucie
2022,Liberecký,girl,1,Viktorie
2022,Liberecký,girl,2,Anna
2022,Liberecký,girl,3,Eliška
2022,Liberecký,girl,4,Tereza
2022,Liberecký,girl,5-6,Sofie
2022,Liberecký,girl,5-6,Natálie
2022,Liberecký,girl,7,Karolína
2022,Liberecký,girl,8,Ema
2022,Liberecký,girl,9,Rozálie
2022,Liberecký,girl,10,Anežka
2022,Liberecký,girl,11,Amálie
2022,Liberecký,girl,12,Adéla
2022,Liberecký,girl,13-15,Barbora
2022,Liberecký,girl,13-15,Nela
2022,Liberecký,girl,13-15,Veronika
2022,Liberecký,girl,16,Laura
2022,Liberecký,girl,17-18,Stella
2022,Liberecký,girl,17-18,Mia
2022,Liberecký,girl,19-20,Lucie
2022,Liberecký,girl,19-20,Štěpánka
2022,Královéhradecký,girl,1,Eliška
2022,Královéhradecký,girl,2,Anna
2022,Královéhradecký,girl,3,Viktorie
2022,Královéhradecký,girl,4,Sofie
2022,Královéhradecký,girl,5,Adéla
2022,Královéhradecký,girl,6,Tereza
2022,Královéhradecký,girl,7,Ema
2022,Královéhradecký,girl,8,Natálie
2022,Královéhradecký,girl,9-10,Karolína
2022,Královéhradecký,girl,9-10,Nela
2022,Královéhradecký,girl,11,Amálie
2022,Královéhradecký,girl,12,Mia
2022,Královéhradecký,girl,13-14,Barbora
2022,Královéhradecký,girl,13-14,Julie
2022,Královéhradecký,girl,15,Anežka
2022,Královéhradecký,girl,16,Marie
2022,Královéhradecký,girl,17,Emma
2022,Královéhradecký,girl,18-19,Veronika
2022,Královéhradecký,girl,18-19,Stella
2022,Královéhradecký,girl,20,Laura
2022,Pardubický,girl,1,Eliška
2022,Pardubický,girl,2,Viktorie
2022,Pardubický,girl,3,Natálie
2022,Pardubický,girl,4,Anna
2022,Pardubický,girl,5,Sofie
2022,Pardubický,girl,6,Adéla
2022,Pardubický,girl,7,Amálie
2022,Pardubický,girl,8,Tereza
2022,Pardubický,girl,9,Laura
2022,Pardubický,girl,10,Barbora
2022,Pardubický,girl,11,Ema
2022,Pardubický,girl,12,Karolína
2022,Pardubický,girl,13-14,Nela
2022,Pardubický,girl,13-14,Rozálie
2022,Pardubický,girl,15,Stella
2022,Pardubický,girl,16,Anežka
2022,Pardubický,girl,17,Mia
2022,Pardubický,girl,18-19,Marie
2022,Pardubický,girl,18-19,Ella
2022,Pardubický,girl,20,Emma
2022,Vysočina,girl,1,Eliška
2022,Vysočina,girl,2,Viktorie
2022,Vysočina,girl,3,Anna
2022,Vysočina,girl,4,Sofie
2022,Vysočina,girl,5,Tereza
2022,Vysočina,girl,6,Natálie
2022,Vysočina,girl,7,Adéla
2022,Vysočina,girl,8-9,Amálie
2022,Vysočina,girl,8-9,Ema
2022,Vysočina,girl,10,Nela
2022,Vysočina,girl,11,Rozálie
2022,Vysočina,girl,12,Laura
2022,Vysočina,girl,13,Julie
2022,Vysočina,girl,14,Veronika
2022,Vysočina,girl,15,Karolína
2022,Vysočina,girl,16,Barbora
2022,Vysočina,girl,17-19,Mia
2022,Vysočina,girl,17-19,Marie
2022,Vysočina,girl,17-19,Kristýna
2022,Vysočina,girl,20-21,Sára
2022,Vysočina,girl,20-21,Nikola
2022,Jihomoravský,girl,1,Eliška
2022,Jihomoravský,girl,2,Viktorie
2022,Jihomoravský,girl,3,Sofie
2022,Jihomoravský,girl,4,Anna
2022,Jihomoravský,girl,5,Natálie
2022,Jihomoravský,girl,6,Julie
2022,Jihomoravský,girl,7,Tereza
2022,Jihomoravský,girl,8,Nela
2022,Jihomoravský,girl,9,Adéla
2022,Jihomoravský,girl,10,Ema
2022,Jihomoravský,girl,11,Barbora
2022,Jihomoravský,girl,12,Laura
2022,Jihomoravský,girl,13,Sára
2022,Jihomoravský,girl,14,Karolína
2022,Jihomoravský,girl,15,Amálie
2022,Jihomoravský,girl,16,Veronika
2022,Jihomoravský,girl,17,Stella
2022,Jihomoravský,girl,18,Klára
2022,Jihomoravský,girl,19,Kristýna
2022,Jihomoravský,girl,20,Rozálie
2022,Olomoucký,girl,1,Eliška
2022,Olomoucký,girl,2,Natálie
2022,Olomoucký,girl,3,Viktorie
2022,Olomoucký,girl,4,Sofie
2022,Olomoucký,girl,5,Anna
2022,Olomoucký,girl,6,Ema
2022,Olomoucký,girl,7,Tereza
2022,Olomoucký,girl,8-9,Adéla
2022,Olomoucký,girl,8-9,Karolína
2022,Olomoucký,girl,10,Amálie
2022,Olomoucký,girl,11,Laura
2022,Olomoucký,girl,12,Julie
2022,Olomoucký,girl,13,Stella
2022,Olomoucký,girl,14,Nela
2022,Olomoucký,girl,15,Barbora
2022,Olomoucký,girl,16,Veronika
2022,Olomoucký,girl,17,Sára
2022,Olomoucký,girl,18-19,Kristýna
2022,Olomoucký,girl,18-19,Valerie
2022,Olomoucký,girl,20,Mia
2022,Zlínský,girl,1,Eliška
2022,Zlínský,girl,2,Anna
2022,Zlínský,girl,3,Natálie
2022,Zlínský,girl,4,Sofie
2022,Zlínský,girl,5,Tereza
2022,Zlínský,girl,6-7,Viktorie
2022,Zlínský,girl,6-7,Adéla
2022,Zlínský,girl,8,Ema
2022,Zlínský,girl,9,Amálie
2022,Zlínský,girl,10,Rozálie
2022,Zlínský,girl,11,Sára
2022,Zlínský,girl,12-13,Karolína
2022,Zlínský,girl,12-13,Laura
2022,Zlínský,girl,14,Barbora
2022,Zlínský,girl,15-16,Julie
2022,Zlínský,girl,15-16,Nela
2022,Zlínský,girl,17,Klára
2022,Zlínský,girl,18,Elena
2022,Zlínský,girl,19-20,Stella
2022,Zlínský,girl,19-20,Lucie
2022,Moravskoslezský,girl,1,Eliška
2022,Moravskoslezský,girl,2,Viktorie
2022,Moravskoslezský,girl,3,Sofie
2022,Moravskoslezský,girl,4,Anna
2022,Moravskoslezský,girl,5,Amálie
2022,Moravskoslezský,girl,6,Natálie
2022,Moravskoslezský,girl,7,Laura
2022,Moravskoslezský,girl,8-10,Tereza
2022,Moravskoslezský,girl,8-10,Ema
2022,Moravskoslezský,girl,8-10,Nela
2022,Moravskoslezský,girl,11,Karolína
2022,Moravskoslezský,girl,12,Adéla
2022,Moravskoslezský,girl,13,Julie
2022,Moravskoslezský,girl,14,Rozálie
2022,Moravskoslezský,girl,15,Klára
2022,Moravskoslezský,girl,16,Emma
2022,Moravskoslezský,girl,17,Sára
2022,Moravskoslezský,girl,18,Kristýna
2022,Moravskoslezský,girl,19,Marie
2022,Moravskoslezský,girl,20,Barbora
2022,Česko,boy,21,Mikuláš
2022,Česko,boy,22,Samuel
2022,Česko,boy,23,Václav
2022,Česko,boy,24,Marek
2022,Česko,boy,25,Jiří
2022,Česko,boy,26,Jonáš
2022,Česko,boy,27,Kryštof
2022,Česko,boy,28,Patrik
2022,Česko,boy,29,Sebastian
2022,Česko,boy,30,Michal
2022,Česko,boy,31,Tadeáš
2022,Česko,boy,32,Teodor
2022,Česko,boy,33,Josef
2022,Česko,boy,36,Vilém
2022,Česko,boy,37,Eliáš
2022,Česko,boy,38,Jáchym
2022,Česko,boy,39,Richard
2022,Česko,boy,40,Pavel
2022,Česko,boy,41,Eduard
2022,Česko,boy,42,Alex
2022,Česko,boy,43,Vít
2022,Česko,boy,44,Albert
2022,Česko,boy,45,Kristián
2022,Česko,boy,46,Tobias
2022,Česko,boy,47,Michael
2022,Česko,boy,48,Matouš
2022,Česko,boy,49,Nikolas
2022,Česko,boy,50,Jindřich
2022,Česko,boy,51,Karel
2022,Česko,boy,52,Vincent
2022,Česko,boy,53,Maxmilián
2022,Česko,boy,54,Miroslav
2022,Česko,boy,55,Sebastián
2022,Česko,boy,56,Damián
2022,Česko,boy,57,Robin
2022,Česko,boy,58,Jaroslav
2022,Česko,boy,59,Max
2022,Česko,boy,60,Theodor
2022,Česko,boy,61,Vítek
2022,Česko,boy,62,Artur
2022,Česko,boy,63,Erik
2022,Česko,boy,64,Hynek
2022,Česko,boy,65,Denis
2022,Česko,boy,66,Mateo
2022,Česko,boy,67,Hugo
2022,Česko,boy,68,Roman
2022,Česko,boy,69,Milan
2022,Česko,boy,70,Benjamin
2022,Česko,boy,71,Maxim
2022,Česko,boy,72,Matteo
2022,Česko,boy,73,Alexandr
2022,Česko,boy,74,Radek
2022,Česko,boy,75,Nicolas
2022,Česko,boy,76,Zdeněk
2022,Česko,boy,79,Stanislav
2022,Česko,boy,80,Damian
2022,Česko,boy,81,Adrian
2022,Česko,boy,84,Mark
2022,Česko,boy,85,Gabriel
2022,Česko,boy,86,Radim
2022,Česko,boy,87,Ivan
2022,Česko,boy,88,Kevin
2022,Česko,boy,91,Aleš
2022,Česko,boy,94,Bruno
2022,Česko,boy,95,Robert
2022,Česko,boy,98,Benjamín
2022,Česko,girl,21,Sára
2022,Česko,girl,22,Mia
2022,Česko,girl,23,Kristýna
2022,Česko,girl,24,Ella
2022,Česko,girl,25,Klára
2022,Česko,girl,26,Lucie
2022,Česko,girl,27,Aneta
2022,Česko,girl,28,Valerie
2022,Česko,girl,33,Alžběta
2022,Česko,girl,34,Magdaléna
2022,Česko,girl,35,Elena
2022,Česko,girl,36,Kateřina
2022,Česko,girl,37,Nikola
2022,Česko,girl,38,Leontýna
2022,Česko,girl,39,Meda
2022,Česko,girl,40,Nikol
2022,Česko,girl,41,Gabriela
2022,Česko,girl,42,Michaela
2022,Česko,girl,43,Ester
2022,Česko,girl,44,Stela
2022,Česko,girl,45,Beáta
2022,Česko,girl,46,Josefína
2022,Česko,girl,47,Adriana
2022,Česko,girl,48,Emily
2022,Česko,girl,49,Markéta
2022,Česko,girl,50,Zoe
2022,Česko,girl,53,Liliana
2022,Česko,girl,54,Lilien
2022,Česko,girl,55,Antonie
2022,Česko,girl,56,Elen
2022,Česko,girl,57,Mariana
2022,Česko,girl,58,Diana
2022,Česko,girl,59,Eva
2022,Česko,girl,60,Emílie
2022,Česko,girl,61,Zora
2022,Česko,girl,62,Izabela
2022,Česko,girl,63,Valentýna
2022,Česko,girl,64,Hana
2022,Česko,girl,65,Amélie
2022,Česko,girl,66,Klaudie
2022,Česko,girl,67,Linda
2022,Česko,girl,68,Sofia
2022,Česko,girl,69,Elizabeth
2022,Česko,girl,72,Vivien
2022,Česko,girl,73,Johana
2022,Česko,girl,76,Žofie
2022,Česko,girl,77,Jana
2022,Česko,girl,78,Dorota
2022,Česko,girl,81,Daniela
2022,Česko,girl,86,Agáta
2022,Česko,girl,87,Adina
2022,Česko,girl,88,Šarlota
2022,Česko,girl,89,Ellen
2022,Česko,girl,94,Bára
2022,Česko,girl,95,Simona
2022,Česko,girl,96,Justýna
2022,Česko,girl,97,Alena
2022,Česko,girl,98,Lea
2022,Česko,girl,99,Helena
2022,Česko,girl,100,Terezie
2023,Česko,boy,1,Jakub
2023,Česko,boy,2,Matyáš
2023,Česko,boy,3,Jan
2023,Česko,boy,4,Adam
2023,Česko,boy,5,Matěj
2023,Česko,boy,6,Vojtěch
2023,Česko,boy,7,Dominik
2023,Česko,boy,8,David
2023,Česko,boy,9,Tomáš
2023,Česko,boy,10,Filip
2023,Česko,boy,11,Daniel
2023,Česko,boy,12,Tobiáš
2023,Česko,boy,13,Ondřej
2023,Česko,boy,14,Antonín
2023,Česko,boy,15,Lukáš
2023,Česko,boy,16,Štěpán
2023,Česko,boy,17,Oliver
2023,Česko,boy,18,Martin
2023,Česko,boy,19,Šimon
2023,Česko,boy,20,Mikuláš
2023,Praha,boy,1,Matyáš
2023,Praha,boy,2,Jakub
2023,Praha,boy,3,Adam
2023,Praha,boy,4,David
2023,Praha,boy,5,Matěj
2023,Praha,boy,6,Jan
2023,Praha,boy,7,Daniel
2023,Praha,boy,8,Antonín
2023,Praha,boy,9-10,Filip
2023,Praha,boy,9-10,Oliver
2023,Praha,boy,11,Tomáš
2023,Praha,boy,12,Dominik
2023,Praha,boy,13-14,Tobiáš
2023,Praha,boy,13-14,Vojtěch
2023,Praha,boy,15,Mikuláš
2023,Praha,boy,16,Sebastian
2023,Praha,boy,17,Jonáš
2023,Praha,boy,18-19,Lukáš
2023,Praha,boy,18-19,Ondřej
2023,Praha,boy,20,Teodor
2023,Středočeský,boy,1,Jakub
2023,Středočeský,boy,2,Matyáš
2023,Středočeský,boy,3,Matěj
2023,Středočeský,boy,4,Jan
2023,Středočeský,boy,5,Adam
2023,Středočeský,boy,6,Vojtěch
2023,Středočeský,boy,7,Tomáš
2023,Středočeský,boy,8,Filip
2023,Středočeský,boy,9,David
2023,Středočeský,boy,10,Tobiáš
2023,Středočeský,boy,11,Daniel
2023,Středočeský,boy,12,Dominik
2023,Středočeský,boy,13-14,Lukáš
2023,Středočeský,boy,13-14,Oliver
2023,Středočeský,boy,15,Antonín
2023,Středočeský,boy,16,Václav
2023,Středočeský,boy,17,Ondřej
2023,Středočeský,boy,18,Šimon
2023,Středočeský,boy,19,Štěpán
2023,Středočeský,boy,20,Samuel
2023,Jihočeský,boy,1,Jakub
2023,Jihočeský,boy,2,Jan
2023,Jihočeský,boy,3,Matyáš
2023,Jihočeský,boy,4,Vojtěch
2023,Jihočeský,boy,5,Adam
2023,Jihočeský,boy,6,Matěj
2023,Jihočeský,boy,7,Tomáš
2023,Jihočeský,boy,8,David
2023,Jihočeský,boy,9,Antonín
2023,Jihočeský,boy,10,Filip
2023,Jihočeský,boy,11-12,Daniel
2023,Jihočeský,boy,11-12,Ondřej
2023,Jihočeský,boy,13,Tobiáš
2023,Jihočeský,boy,14,Václav
2023,Jihočeský,boy,15,Petr
2023,Jihočeský,boy,16-17,Lukáš
2023,Jihočeský,boy,16-17,Štěpán
2023,Jihočeský,boy,18-19,Dominik
2023,Jihočeský,boy,18-19,Oliver
2023,Jihočeský,boy,20,Martin
2023,Plzeňský,boy,1,Jakub
2023,Plzeňský,boy,2-3,Jan
2023,Plzeňský,boy,2-3,Matyáš
2023,Plzeňský,boy,4,Matěj
2023,Plzeňský,boy,5,Dominik
2023,Plzeňský,boy,6,Adam
2023,Plzeňský,boy,7,Tomáš
2023,Plzeňský,boy,8-9,David
2023,Plzeňský,boy,8-9,Václav
2023,Plzeňský,boy,10,Daniel
2023,Plzeňský,boy,11,Vojtěch
2023,Plzeňský,boy,12,Filip
2023,Plzeňský,boy,13,Tobiáš
2023,Plzeňský,boy,14,Antonín
2023,Plzeňský,boy,15,Martin
2023,Plzeňský,boy,16,Štěpán
2023,Plzeňský,boy,17-18,Lukáš
2023,Plzeňský,boy,17-18,Ondřej
2023,Plzeňský,boy,19,Petr
2023,Plzeňský,boy,20,Jiří
2023,Karlovarský,boy,1,Jakub
2023,Karlovarský,boy,2-3,Jan
2023,Karlovarský,boy,2-3,Matyáš
2023,Karlovarský,boy,4,Lukáš
2023,Karlovarský,boy,5,Dominik
2023,Karlovarský,boy,6,Daniel
2023,Karlovarský,boy,7,Martin
2023,Karlovarský,boy,8,David
2023,Karlovarský,boy,9-12,Adam
2023,Karlovarský,boy,9-12,Matěj
2023,Karlovarský,boy,9-12,Oliver
2023,Karlovarský,boy,9-12,Ondřej
2023,Karlovarský,boy,13,Tobiáš
2023,Karlovarský,boy,14,Václav
2023,Karlovarský,boy,15-16,Jiří
2023,Karlovarský,boy,15-16,Tomáš
2023,Karlovarský,boy,17,Vojtěch
2023,Karlovarský,boy,18-20,Filip
2023,Karlovarský,boy,18-20,Samuel
2023,Karlovarský,boy,18-20,Tadeáš
2023,Ústecký,boy,1,Jakub
2023,Ústecký,boy,2,Matyáš
2023,Ústecký,boy,3,Jan
2023,Ústecký,boy,4,Adam
2023,Ústecký,boy,5,Tomáš
2023,Ústecký,boy,6-7,Dominik
2023,Ústecký,boy,6-7,Matěj
2023,Ústecký,boy,8,Daniel
2023,Ústecký,boy,9,Vojtěch
2023,Ústecký,boy,10,Lukáš
2023,Ústecký,boy,11,David
2023,Ústecký,boy,12,Ondřej
2023,Ústecký,boy,13,Filip
2023,Ústecký,boy,14,Michal
2023,Ústecký,boy,15,Martin
2023,Ústecký,boy,16,Marek
2023,Ústecký,boy,17,Tobiáš
2023,Ústecký,boy,18,Sebastian
2023,Ústecký,boy,19-20,Jiří
2023,Ústecký,boy,19-20,Petr
2023,Liberecký,boy,1,Jakub
2023,Liberecký,boy,2,Matyáš
2023,Liberecký,boy,3,Jan
2023,Liberecký,boy,4,Matěj
2023,Liberecký,boy,5,Vojtěch
2023,Liberecký,boy,6,Adam
2023,Liberecký,boy,7,Ondřej
2023,Liberecký,boy,8,Štěpán
2023,Liberecký,boy,9-10,Dominik
2023,Liberecký,boy,9-10,Filip
2023,Liberecký,boy,11,Jonáš
2023,Liberecký,boy,12,Tomáš
2023,Liberecký,boy,13,Martin
2023,Liberecký,boy,14-17,Antonín
2023,Liberecký,boy,14-17,Daniel
2023,Liberecký,boy,14-17,Kryštof
2023,Liberecký,boy,14-17,Šimon
2023,Liberecký,boy,18,David
2023,Liberecký,boy,19-20,Marek
2023,Liberecký,boy,19-20,Tobiáš
2023,Královéhradecký,boy,1,Matyáš
2023,Královéhradecký,boy,2,Jakub
2023,Královéhradecký,boy,3,Jan
2023,Královéhradecký,boy,4,Matěj
2023,Královéhradecký,boy,5,Adam
2023,Královéhradecký,boy,6,Filip
2023,Královéhradecký,boy,7,Vojtěch
2023,Královéhradecký,boy,8-9,Antonín
2023,Královéhradecký,boy,8-9,Tomáš
2023,Královéhradecký,boy,10,Dominik
2023,Královéhradecký,boy,11-12,David
2023,Královéhradecký,boy,11-12,Štěpán
2023,Královéhradecký,boy,13,Tobiáš
2023,Královéhradecký,boy,14-15,Mikuláš
2023,Královéhradecký,boy,14-15,Šimon
2023,Královéhradecký,boy,16,Oliver
2023,Královéhradecký,boy,17,Ondřej
2023,Královéhradecký,boy,18-19,Jonáš
2023,Královéhradecký,boy,18-19,Sebastian
2023,Královéhradecký,boy,20-21,Marek
2023,Královéhradecký,boy,20-21,Václav
2023,Pardubický,boy,1,Matyáš
2023,Pardubický,boy,2,Jakub
2023,Pardubický,boy,3,Jan
2023,Pardubický,boy,4,Matěj
2023,Pardubický,boy,5,Adam
2023,Pardubický,boy,6,Vojtěch
2023,Pardubický,boy,7-8,Filip
2023,Pardubický,boy,7-8,Tomáš
2023,Pardubický,boy,9,Dominik
2023,Pardubický,boy,10,David
2023,Pardubický,boy,11-12,Daniel
2023,Pardubický,boy,11-12,Tobiáš
2023,Pardubický,boy,13,Antonín
2023,Pardubický,boy,14,Ondřej
2023,Pardubický,boy,15-16,Lukáš
2023,Pardubický,boy,15-16,Oliver
2023,Pardubický,boy,17,Sebastian
2023,Pardubický,boy,18-19,Marek
2023,Pardubický,boy,18-19,Štěpán
2023,Pardubický,boy,20-21,Mikuláš
2023,Pardubický,boy,20-21,Petr
2023,Vysočina,boy,1,Jakub
2023,Vysočina,boy,2,Jan
2023,Vysočina,boy,3,Matěj
2023,Vysočina,boy,4,Matyáš
2023,Vysočina,boy,5,Adam
2023,Vysočina,boy,6,David
2023,Vysočina,boy,7,Vojtěch
2023,Vysočina,boy,8,Dominik
2023,Vysočina,boy,9,Tobiáš
2023,Vysočina,boy,10,Tomáš
2023,Vysočina,boy,11,Šimon
2023,Vysočina,boy,12,Štěpán
2023,Vysočina,boy,13,Lukáš
2023,Vysočina,boy,14-15,Martin
2023,Vysočina,boy,14-15,Ondřej
2023,Vysočina,boy,16,Antonín
2023,Vysočina,boy,17-18,Filip
2023,Vysočina,boy,17-18,Jiří
2023,Vysočina,boy,17-18,Mikuláš
2023,Vysočina,boy,20,Petr
2023,Jihomoravský,boy,1,Jakub
2023,Jihomoravský,boy,2,Matyáš
2023,Jihomoravský,boy,3,Adam
2023,Jihomoravský,boy,4,Jan
2023,Jihomoravský,boy,5,David
2023,Jihomoravský,boy,6-7,Dominik
2023,Jihomoravský,boy,6-7,Matěj
2023,Jihomoravský,boy,8,Tomáš
2023,Jihomoravský,boy,9,Vojtěch
2023,Jihomoravský,boy,10,Filip
2023,Jihomoravský,boy,11,Daniel
2023,Jihomoravský,boy,12,Ondřej
2023,Jihomoravský,boy,13,Štěpán
2023,Jihomoravský,boy,14,Antonín
2023,Jihomoravský,boy,15,Šimon
2023,Jihomoravský,boy,16,Martin
2023,Jihomoravský,boy,17-18,Lukáš
2023,Jihomoravský,boy,17-18,Samuel
2023,Jihomoravský,boy,19,Marek
2023,Jihomoravský,boy,20,Sebastian
2023,Olomoucký,boy,1,Jakub
2023,Olomoucký,boy,2-3,Jan
2023,Olomoucký,boy,2-3,Matyáš
2023,Olomoucký,boy,4,Adam
2023,Olomoucký,boy,5-6,Dominik
2023,Olomoucký,boy,5-6,Vojtěch
2023,Olomoucký,boy,7,Filip
2023,Olomoucký,boy,8,Štěpán
2023,Olomoucký,boy,9,Tomáš
2023,Olomoucký,boy,10,Matěj
2023,Olomoucký,boy,11,Ondřej
2023,Olomoucký,boy,12,Martin
2023,Olomoucký,boy,13-14,Daniel
2023,Olomoucký,boy,13-14,Samuel
2023,Olomoucký,boy,15,David
2023,Olomoucký,boy,16-17,Mikuláš
2023,Olomoucký,boy,16-17,Tobiáš
2023,Olomoucký,boy,18-20,Lukáš
2023,Olomoucký,boy,18-20,Patrik
2023,Olomoucký,boy,18-20,Šimon
2023,Zlínský,boy,1,Jakub
2023,Zlínský,boy,2,Matyáš
2023,Zlínský,boy,3,Dominik
2023,Zlínský,boy,4,David
2023,Zlínský,boy,5,Vojtěch
2023,Zlínský,boy,6,Lukáš
2023,Zlínský,boy,7,Adam
2023,Zlínský,boy,8-9,Filip
2023,Zlínský,boy,8-9,Tomáš
2023,Zlínský,boy,10,Jan
2023,Zlínský,boy,11,Matěj
2023,Zlínský,boy,12,Tobiáš
2023,Zlínský,boy,13,Štěpán
2023,Zlínský,boy,14,Ondřej
2023,Zlínský,boy,15,Šimon
2023,Zlínský,boy,16-19,Antonín
2023,Zlínský,boy,16-19,Daniel
2023,Zlínský,boy,16-19,Oliver
2023,Zlínský,boy,16-19,Patrik
2023,Zlínský,boy,20,Mikuláš
2023,Moravskoslezský,boy,1,Jakub
2023,Moravskoslezský,boy,2,Matyáš
2023,Moravskoslezský,boy,3,Jan
2023,Moravskoslezský,boy,4,Dominik
2023,Moravskoslezský,boy,5,Oliver
2023,Moravskoslezský,boy,6,Adam
2023,Moravskoslezský,boy,7,Matěj
2023,Moravskoslezský,boy,8,Vojtěch
2023,Moravskoslezský,boy,9,Daniel
2023,Moravskoslezský,boy,10,Tomáš
2023,Moravskoslezský,boy,11,Štěpán
2023,Moravskoslezský,boy,12,Tobiáš
2023,Moravskoslezský,boy,13-14,Filip
2023,Moravskoslezský,boy,13-14,Jonáš
2023,Moravskoslezský,boy,15-17,Ondřej
2023,Moravskoslezský,boy,15-17,Samuel
2023,Moravskoslezský,boy,15-17,Teodor
2023,Moravskoslezský,boy,18,David
2023,Moravskoslezský,boy,19,Lukáš
2023,Moravskoslezský,boy,20,Martin
2023,Česko,girl,1,Eliška
2023,Česko,girl,2,Viktorie
2023,Česko,girl,3,Anna
2023,Česko,girl,4,Sofie
2023,Česko,girl,5,Natálie
2023,Česko,girl,6,Tereza
2023,Česko,girl,7,Ema
2023,Česko,girl,8,Adéla
2023,Česko,girl,9,Amálie
2023,Česko,girl,10,Julie
2023,Česko,girl,11,Laura
2023,Česko,girl,12,Nela
2023,Česko,girl,13,Karolína
2023,Česko,girl,14,Rozálie
2023,Česko,girl,15,Barbora
2023,Česko,girl,16,Mia
2023,Česko,girl,17,Emma
2023,Česko,girl,18,Anežka
2023,Česko,girl,19,Sára
2023,Česko,girl,20,Marie
2023,Praha,girl,1,Anna
2023,Praha,girl,2,Sofie
2023,Praha,girl,3,Eliška
2023,Praha,girl,4,Viktorie
2023,Praha,girl,5,Ema
2023,Praha,girl,6,Tereza
2023,Praha,girl,7,Sára
2023,Praha,girl,8,Natálie
2023,Praha,girl,9,Laura
2023,Praha,girl,10,Adéla
2023,Praha,girl,11-12,Amálie
2023,Praha,girl,11-12,Julie
2023,Praha,girl,13,Meda
2023,Praha,girl,14,Emma
2023,Praha,girl,15,Karolína
2023,Praha,girl,16,Rozálie
2023,Praha,girl,17,Ella
2023,Praha,girl,18-19,Mia
2023,Praha,girl,18-19,Anežka
2023,Praha,girl,20,Nela
2023,Středočeský,girl,1,Eliška
2023,Středočeský,girl,2,Viktorie
2023,Středočeský,girl,3,Anna
2023,Středočeský,girl,4,Sofie
2023,Středočeský,girl,5,Natálie
2023,Středočeský,girl,6,Adéla
2023,Středočeský,girl,7,Ema
2023,Středočeský,girl,8,Tereza
2023,Středočeský,girl,9,Karolína
2023,Středočeský,girl,10-11,Julie
2023,Středočeský,girl,10-11,Anežka
2023,Středočeský,girl,12,Nela
2023,Středočeský,girl,13,Amálie
2023,Středočeský,girl,14,Laura
2023,Středočeský,girl,15,Marie
2023,Středočeský,girl,16,Barbora
2023,Středočeský,girl,17,Rozálie
2023,Středočeský,girl,18,Emma
2023,Středočeský,girl,19,Ella
2023,Středočeský,girl,20,Mia
2023,Jihočeský,girl,1,Eliška
2023,Jihočeský,girl,2,Viktorie
2023,Jihočeský,girl,3,Anna
2023,Jihočeský,girl,4,Sofie
2023,Jihočeský,girl,5,Tereza
2023,Jihočeský,girl,6,Ema
2023,Jihočeský,girl,7-8,Natálie
2023,Jihočeský,girl,7-8,Adéla
2023,Jihočeský,girl,9,Nela
2023,Jihočeský,girl,10,Laura
2023,Jihočeský,girl,11,Amálie
2023,Jihočeský,girl,12,Rozálie
2023,Jihočeský,girl,13-14,Stella
2023,Jihočeský,girl,13-14,Julie
2023,Jihočeský,girl,15,Veronika
2023,Jihočeský,girl,16,Anežka
2023,Jihočeský,girl,17-18,Karolína
2023,Jihočeský,girl,17-18,Mia
2023,Jihočeský,girl,19,Marie
2023,Jihočeský,girl,20,Emma
2023,Plzeňský,girl,1,Eliška
2023,Plzeňský,girl,2,Anna
2023,Plzeňský,girl,3,Viktorie
2023,Plzeňský,girl,4,Sofie
2023,Plzeňský,girl,5,Natálie
2023,Plzeňský,girl,6,Julie
2023,Plzeňský,girl,7,Tereza
2023,Plzeňský,girl,8-9,Ema
2023,Plzeňský,girl,8-9,Amálie
2023,Plzeňský,girl,10-11,Adéla
2023,Plzeňský,girl,10-11,Nela
2023,Plzeňský,girl,12-13,Kristýna
2023,Plzeňský,girl,12-13,Rozálie
2023,Plzeňský,girl,14-15,Karolína
2023,Plzeňský,girl,14-15,Emma
2023,Plzeňský,girl,16-17,Mia
2023,Plzeňský,girl,16-17,Anežka
2023,Plzeňský,girl,18,Barbora
2023,Plzeňský,girl,19,Veronika
2023,Plzeňský,girl,20,Sára
2023,Karlovarský,girl,1,Eliška
2023,Karlovarský,girl,2,Viktorie
2023,Karlovarský,girl,3,Sofie
2023,Karlovarský,girl,4,Anna
2023,Karlovarský,girl,5,Natálie
2023,Karlovarský,girl,6,Ema
2023,Karlovarský,girl,7,Emma
2023,Karlovarský,girl,8,Amálie
2023,Karlovarský,girl,9,Tereza
2023,Karlovarský,girl,10,Laura
2023,Karlovarský,girl,11-13,Karolína
2023,Karlovarský,girl,11-13,Rozálie
2023,Karlovarský,girl,11-13,Mia
2023,Karlovarský,girl,14,Barbora
2023,Karlovarský,girl,15-16,Anežka
2023,Karlovarský,girl,15-16,Marie
2023,Karlovarský,girl,17-18,Kateřina
2023,Karlovarský,girl,17-18,Nela
2023,Karlovarský,girl,19-24,Adéla
2023,Karlovarský,girl,19-24,Julie
2023,Karlovarský,girl,19-24,Valerie
2023,Karlovarský,girl,19-24,Kristýna
2023,Karlovarský,girl,19-24,Lucie
2023,Karlovarský,girl,19-24,Meda
2023,Ústecký,girl,1,Eliška
2023,Ústecký,girl,2,Viktorie
2023,Ústecký,girl,3,Anna
2023,Ústecký,girl,4,Sofie
2023,Ústecký,girl,5,Natálie
2023,Ústecký,girl,6,Amálie
2023,Ústecký,girl,7,Laura
2023,Ústecký,girl,8-9,Tereza
2023,Ústecký,girl,8-9,Ema
2023,Ústecký,girl,10,Adéla
2023,Ústecký,girl,11,Rozálie
2023,Ústecký,girl,12,Emma
2023,Ústecký,girl,13-14,Stella
2023,Ústecký,girl,13-14,Nela
2023,Ústecký,girl,15,Anežka
2023,Ústecký,girl,16-17,Barbora
2023,Ústecký,girl,16-17,Karolína
2023,Ústecký,girl,18-20,Mia
2023,Ústecký,girl,18-20,Leontýna
2023,Ústecký,girl,18-20,Julie
2023,Liberecký,girl,1,Eliška
2023,Liberecký,girl,2,Viktorie
2023,Liberecký,girl,3-4,Anna
2023,Liberecký,girl,3-4,Sofie
2023,Liberecký,girl,5,Natálie
2023,Liberecký,girl,6,Amálie
2023,Liberecký,girl,7,Marie
2023,Liberecký,girl,8,Anežka
2023,Liberecký,girl,9-10,Ema
2023,Liberecký,girl,9-10,Tereza
2023,Liberecký,girl,11-12,Rozálie
2023,Liberecký,girl,11-12,Karolína
2023,Liberecký,girl,13-14,Julie
2023,Liberecký,girl,13-14,Kristýna
2023,Liberecký,girl,15-16,Laura
2023,Liberecký,girl,15-16,Veronika
2023,Liberecký,girl,17-18,Emma
2023,Liberecký,girl,17-18,Barbora
2023,Liberecký,girl,19-20,Mia
2023,Liberecký,girl,19-20,Adéla
2023,Královéhradecký,girl,1,Eliška
2023,Královéhradecký,girl,2,Viktorie
2023,Královéhradecký,girl,3,Anna
2023,Královéhradecký,girl,4,Sofie
2023,Královéhradecký,girl,5,Natálie
2023,Královéhradecký,girl,6,Tereza
2023,Královéhradecký,girl,7,Amálie
2023,Královéhradecký,girl,8,Ema
2023,Královéhradecký,girl,9,Barbora
2023,Královéhradecký,girl,10,Rozálie
2023,Královéhradecký,girl,11,Adéla
2023,Královéhradecký,girl,12,Laura
2023,Královéhradecký,girl,13-14,Julie
2023,Královéhradecký,girl,13-14,Nela
2023,Královéhradecký,girl,15-17,Karolína
2023,Královéhradecký,girl,15-17,Mia
2023,Královéhradecký,girl,15-17,Anežka
2023,Královéhradecký,girl,18,Emma
2023,Královéhradecký,girl,19,Kristýna
2023,Královéhradecký,girl,20-21,Marie
2023,Královéhradecký,girl,20-21,Veronika
2023,Pardubický,girl,1,Anna
2023,Pardubický,girl,2,Eliška
2023,Pardubický,girl,3,Viktorie
2023,Pardubický,girl,4,Tereza
2023,Pardubický,girl,5,Natálie
2023,Pardubický,girl,6,Adéla
2023,Pardubický,girl,7,Ema
2023,Pardubický,girl,8,Sofie
2023,Pardubický,girl,9,Amálie
2023,Pardubický,girl,10,Laura
2023,Pardubický,girl,11,Barbora
2023,Pardubický,girl,12,Rozálie
2023,Pardubický,girl,13,Anežka
2023,Pardubický,girl,14-15,Mia
2023,Pardubický,girl,14-15,Julie
2023,Pardubický,girl,16-19,Karolína
2023,Pardubický,girl,16-19,Nela
2023,Pardubický,girl,16-19,Marie
2023,Pardubický,girl,16-19,Stella
2023,Pardubický,girl,20,Štěpánka
2023,Vysočina,girl,1-2,Viktorie
2023,Vysočina,girl,1-2,Eliška
2023,Vysočina,girl,3,Anna
2023,Vysočina,girl,4,Natálie
2023,Vysočina,girl,5,Sofie
2023,Vysočina,girl,6-7,Ema
2023,Vysočina,girl,6-7,Amálie
2023,Vysočina,girl,8,Julie
2023,Vysočina,girl,9-10,Adéla
2023,Vysočina,girl,9-10,Karolína
2023,Vysočina,girl,11,Tereza
2023,Vysočina,girl,12-13,Laura
2023,Vysočina,girl,12-13,Rozálie
2023,Vysočina,girl,14,Veronika
2023,Vysočina,girl,15-16,Emma
2023,Vysočina,girl,15-16,Nela
2023,Vysočina,girl,17,Barbora
2023,Vysočina,girl,18-19,Mia
2023,Vysočina,girl,18-19,Nikola
2023,Vysočina,girl,20-21,Anežka
2023,Vysočina,girl,20-21,Stella
2023,Jihomoravský,girl,1,Eliška
2023,Jihomoravský,girl,2,Natálie
2023,Jihomoravský,girl,3,Anna
2023,Jihomoravský,girl,4-6,Tereza
2023,Jihomoravský,girl,4-6,Viktorie
2023,Jihomoravský,girl,4-6,Sofie
2023,Jihomoravský,girl,7,Ema
2023,Jihomoravský,girl,8,Julie
2023,Jihomoravský,girl,9,Adéla
2023,Jihomoravský,girl,10,Nela
2023,Jihomoravský,girl,11,Amálie
2023,Jihomoravský,girl,12,Laura
2023,Jihomoravský,girl,13-15,Stella
2023,Jihomoravský,girl,13-15,Sára
2023,Jihomoravský,girl,13-15,Barbora
2023,Jihomoravský,girl,16,Karolína
2023,Jihomoravský,girl,17,Kristýna
2023,Jihomoravský,girl,18,Mia
2023,Jihomoravský,girl,19,Lucie
2023,Jihomoravský,girl,20-21,Rozálie
2023,Jihomoravský,girl,20-21,Veronika
2023,Olomoucký,girl,1,Eliška
2023,Olomoucký,girl,2,Viktorie
2023,Olomoucký,girl,3,Sofie
2023,Olomoucký,girl,4-5,Natálie
2023,Olomoucký,girl,4-5,Julie
2023,Olomoucký,girl,6,Anna
2023,Olomoucký,girl,7,Laura
2023,Olomoucký,girl,8,Tereza
2023,Olomoucký,girl,9,Ema
2023,Olomoucký,girl,10,Amálie
2023,Olomoucký,girl,11,Karolína
2023,Olomoucký,girl,12,Marie
2023,Olomoucký,girl,13,Sára
2023,Olomoucký,girl,14-15,Nela
2023,Olomoucký,girl,14-15,Adéla
2023,Olomoucký,girl,16,Rozálie
2023,Olomoucký,girl,17-18,Veronika
2023,Olomoucký,girl,17-18,Kristýna
2023,Olomoucký,girl,19-20,Stella
2023,Olomoucký,girl,19-20,Barbora
2023,Zlínský,girl,1,Eliška
2023,Zlínský,girl,2,Anna
2023,Zlínský,girl,3,Natálie
2023,Zlínský,girl,4,Viktorie
2023,Zlínský,girl,5,Tereza
2023,Zlínský,girl,6,Sofie
2023,Zlínský,girl,7,Ema
2023,Zlínský,girl,8-9,Julie
2023,Zlínský,girl,8-9,Adéla
2023,Zlínský,girl,10,Nela
2023,Zlínský,girl,11-12,Sára
2023,Zlínský,girl,11-12,Laura
2023,Zlínský,girl,13,Amálie
2023,Zlínský,girl,14-16,Karolína
2023,Zlínský,girl,14-16,Barbora
2023,Zlínský,girl,14-16,Rozálie
2023,Zlínský,girl,17,Mia
2023,Zlínský,girl,18-19,Anežka
2023,Zlínský,girl,18-19,Klára
2023,Zlínský,girl,20-21,Kristýna
2023,Zlínský,girl,20-21,Valerie
2023,Moravskoslezský,girl,1,Eliška
2023,Moravskoslezský,girl,2,Sofie
2023,Moravskoslezský,girl,3,Viktorie
2023,Moravskoslezský,girl,4-5,Laura
2023,Moravskoslezský,girl,4-5,Anna
2023,Moravskoslezský,girl,6,Natálie
2023,Moravskoslezský,girl,7,Adéla
2023,Moravskoslezský,girl,8,Amálie
2023,Moravskoslezský,girl,9,Julie
2023,Moravskoslezský,girl,10,Ema
2023,Moravskoslezský,girl,11-12,Rozálie
2023,Moravskoslezský,girl,11-12,Tereza
2023,Moravskoslezský,girl,13,Karolína
2023,Moravskoslezský,girl,14,Nela
2023,Moravskoslezský,girl,15,Stella
2023,Moravskoslezský,girl,16,Mia
2023,Moravskoslezský,girl,17,Emma
2023,Moravskoslezský,girl,18,Nina
2023,Moravskoslezský,girl,19,Barbora
2023,Moravskoslezský,girl,20,Klára
2023,Česko,boy,21,Samuel
2023,Česko,boy,22,Václav
2023,Česko,boy,23,Jonáš
2023,Česko,boy,24,Sebastian
2023,Česko,boy,25,Marek
2023,Česko,boy,26,Petr
2023,Česko,boy,27,Patrik
2023,Česko,boy,28,Teodor
2023,Česko,boy,29,Jiří
2023,Česko,boy,30,Kryštof
2023,Česko,boy,31,Tadeáš
2023,Česko,boy,32,Michal
2023,Česko,boy,35,Viktor
2023,Česko,boy,36,Eliáš
2023,Česko,boy,37,František
2023,Česko,boy,38,Richard
2023,Česko,boy,39,Jáchym
2023,Česko,boy,40,Eduard
2023,Česko,boy,41,Albert
2023,Česko,boy,42,Alex
2023,Česko,boy,43,Kristián
2023,Česko,boy,44,Vít
2023,Česko,boy,47,Michael
2023,Česko,boy,48,Tobias
2023,Česko,boy,49,Vincent
2023,Česko,boy,50,Jaroslav
2023,Česko,boy,51,Theodor
2023,Česko,boy,52,Nikolas
2023,Česko,boy,53,Jindřich
2023,Česko,boy,54,Damián
2023,Česko,boy,55,Max
2023,Česko,boy,56,Karel
2023,Česko,boy,57,Sebastián
2023,Česko,boy,58,Matouš
2023,Česko,boy,59,Robin
2023,Česko,boy,60,Miroslav
2023,Česko,boy,61,Artur
2023,Česko,boy,62,Erik
2023,Česko,boy,63,Mateo
2023,Česko,boy,64,Hynek
2023,Česko,boy,65,Benjamin
2023,Česko,boy,66,Matteo
2023,Česko,boy,67,Vítek
2023,Česko,boy,68,Roman
2023,Česko,boy,69,Hugo
2023,Česko,boy,70,Denis
2023,Česko,boy,71,Milan
2023,Česko,boy,72,Maxim
2023,Česko,boy,73,Radek
2023,Česko,boy,74,Alexandr
2023,Česko,boy,75,Nicolas
2023,Česko,boy,78,Damian
2023,Česko,boy,79,Zdeněk
2023,Česko,boy,80,Kevin
2023,Česko,boy,81,Ladislav
2023,Česko,boy,82,Theo
2023,Česko,boy,83,Adrian
2023,Česko,boy,84,Stanislav
2023,Česko,boy,85,Bartoloměj
2023,Česko,boy,86,Matyas
2023,Česko,boy,87,Alfréd
2023,Česko,boy,88,Gabriel
2023,Česko,boy,89,William
2023,Česko,boy,90,Bruno
2023,Česko,boy,91,Oskar
2023,Česko,boy,92,Kristian
2023,Česko,boy,93,Nezjištěno
2023,Česko,boy,94,Matias
2023,Česko,boy,95,Aleš
2023,Česko,boy,99,Christian
2023,Česko,girl,21,Stella
2023,Česko,girl,22,Veronika
2023,Česko,girl,23,Kristýna
2023,Česko,girl,24,Ella
2023,Česko,girl,25,Valerie
2023,Česko,girl,26,Lucie
2023,Česko,girl,27,Klára
2023,Česko,girl,28,Meda
2023,Česko,girl,29,Štěpánka
2023,Česko,girl,30,Magdaléna
2023,Česko,girl,31,Nina
2023,Česko,girl,32,Aneta
2023,Česko,girl,33,Elena
2023,Česko,girl,34,Kateřina
2023,Česko,girl,35,Zuzana
2023,Česko,girl,36,Jasmína
2023,Česko,girl,37,Rozárie
2023,Česko,girl,38,Nikola
2023,Česko,girl,39,Leontýna
2023,Česko,girl,40,Josefína
2023,Česko,girl,41,Michaela
2023,Česko,girl,42,Alžběta
2023,Česko,girl,43,Ester
2023,Česko,girl,44,Nikol
2023,Česko,girl,45,Gabriela
2023,Česko,girl,46,Liliana
2023,Česko,girl,47,Stela
2023,Česko,girl,48,Adriana
2023,Česko,girl,49,Beáta
2023,Česko,girl,50,Emily
2023,Česko,girl,51,Zoe
2023,Česko,girl,52,Dominika
2023,Česko,girl,55,Emílie
2023,Česko,girl,56,Markéta
2023,Česko,girl,59,Eva
2023,Česko,girl,60,Elen
2023,Česko,girl,61,Amélie
2023,Česko,girl,62,Diana
2023,Česko,girl,65,Vivien
2023,Česko,girl,66,Zora
2023,Česko,girl,67,Elizabeth
2023,Česko,girl,71,Valentýna
2023,Česko,girl,72,Hana
2023,Česko,girl,73,Isabella
2023,Česko,girl,76,Malvína
2023,Česko,girl,77,Olívie
2023,Česko,girl,80,Nella
2023,Česko,girl,81,Evelína
2023,Česko,girl,82,Jana
2023,Česko,girl,83,Vanesa
2023,Česko,girl,86,Andrea
2023,Česko,girl,90,Ela
2023,Česko,girl,91,Isabela
2023,Česko,girl,92,Valérie
2023,Česko,girl,93,Miriam
2023,Česko,girl,94,Denisa
2023,Česko,girl,97,Olivie
2024,Česko,boy,1,Jakub
2024,Česko,boy,2,Matyáš
2024,Česko,boy,3,Jan
2024,Česko,boy,4,Adam
2024,Česko,boy,5,Matěj
2024,Česko,boy,6,David
2024,Česko,boy,7,Vojtěch
2024,Česko,boy,8,Filip
2024,Česko,boy,9,Dominik
2024,Česko,boy,10,Tomáš
2024,Česko,boy,11,Daniel
2024,Česko,boy,12,Tobiáš
2024,Česko,boy,13,Oliver
2024,Česko,boy,14,Štěpán
2024,Česko,boy,15,Antonín
2024,Česko,boy,16,Sebastian
2024,Česko,boy,17,Lukáš
2024,Česko,boy,18,Martin
2024,Česko,boy,19,Ondřej
2024,Česko,boy,20,Mikuláš
2024,Praha,boy,1,David
2024,Praha,boy,2,Matyáš
2024,Praha,boy,3,Jakub
2024,Praha,boy,4,Adam
2024,Praha,boy,5,Antonín
2024,Praha,boy,6,Matěj
2024,Praha,boy,7,Daniel
2024,Praha,boy,8,Filip
2024,Praha,boy,9-10,Jan
2024,Praha,boy,9-10,Oliver
2024,Praha,boy,11,Sebastian
2024,Praha,boy,12,Tomáš
2024,Praha,boy,13,Vojtěch
2024,Praha,boy,14,Mikuláš
2024,Praha,boy,15,Dominik
2024,Praha,boy,16,Samuel
2024,Praha,boy,17,Jonáš
2024,Praha,boy,18,Tobiáš
2024,Praha,boy,19,Martin
2024,Praha,boy,20-21,Teodor
2024,Praha,boy,20-21,Šimon
2024,Středočeský,boy,1,Jakub
2024,Středočeský,boy,2,Matyáš
2024,Středočeský,boy,3,Matěj
2024,Středočeský,boy,4,Adam
2024,Středočeský,boy,5,Jan
2024,Středočeský,boy,6,Vojtěch
2024,Středočeský,boy,7,Filip
2024,Středočeský,boy,8,David
2024,Středočeský,boy,9,Dominik
2024,Středočeský,boy,10-11,Antonín
2024,Středočeský,boy,10-11,Tomáš
2024,Středočeský,boy,12,Tobiáš
2024,Středočeský,boy,13,Štěpán
2024,Středočeský,boy,14,Daniel
2024,Středočeský,boy,15,Sebastian
2024,Středočeský,boy,16,Oliver
2024,Středočeský,boy,17,Lukáš
2024,Středočeský,boy,18,Jonáš
2024,Středočeský,boy,19,Samuel
2024,Středočeský,boy,20,Martin
2024,Jihočeský,boy,1,Jakub
2024,Jihočeský,boy,2,Matyáš
2024,Jihočeský,boy,3,Jan
2024,Jihočeský,boy,4,Adam
2024,Jihočeský,boy,5,Tomáš
2024,Jihočeský,boy,6,Matěj
2024,Jihočeský,boy,7,Filip
2024,Jihočeský,boy,8,David
2024,Jihočeský,boy,9,Vojtěch
2024,Jihočeský,boy,10,Daniel
2024,Jihočeský,boy,11,Ondřej
2024,Jihočeský,boy,12-13,Tobiáš
2024,Jihočeský,boy,12-13,Dominik
2024,Jihočeský,boy,14,Lukáš
2024,Jihočeský,boy,15,Štěpán
2024,Jihočeský,boy,16-17,Martin
2024,Jihočeský,boy,16-17,Václav
2024,Jihočeský,boy,18,Sebastian
2024,Jihočeský,boy,19-20,Antonín
2024,Jihočeský,boy,19-20,Marek
2024,Plzeňský,boy,1,Jakub
2024,Plzeňský,boy,2,Matyáš
2024,Plzeňský,boy,3,Jan
2024,Plzeňský,boy,4,Adam
2024,Plzeňský,boy,5,Lukáš
2024,Plzeňský,boy,6,Dominik
2024,Plzeňský,boy,7,Matěj
2024,Plzeňský,boy,8,Vojtěch
2024,Plzeňský,boy,9,David
2024,Plzeňský,boy,10,Filip
2024,Plzeňský,boy,11-12,Daniel
2024,Plzeňský,boy,11-12,Tomáš
2024,Plzeňský,boy,13,Tobiáš
2024,Plzeňský,boy,14,Martin
2024,Plzeňský,boy,15,Sebastian
2024,Plzeňský,boy,16,Ondřej
2024,Plzeňský,boy,17,Antonín
2024,Plzeňský,boy,18,Václav
2024,Plzeňský,boy,19,Marek
2024,Plzeňský,boy,20-21,Oliver
2024,Plzeňský,boy,20-21,Petr
2024,Karlovarský,boy,1,Jakub
2024,Karlovarský,boy,2,Jan
2024,Karlovarský,boy,3,Matyáš
2024,Karlovarský,boy,4,Sebastian
2024,Karlovarský,boy,5-6,David
2024,Karlovarský,boy,5-6,Dominik
2024,Karlovarský,boy,7-8,Daniel
2024,Karlovarský,boy,7-8,Matěj
2024,Karlovarský,boy,9,Martin
2024,Karlovarský,boy,10-11,Lukáš
2024,Karlovarský,boy,10-11,Filip
2024,Karlovarský,boy,12-14,Tomáš
2024,Karlovarský,boy,12-14,Petr
2024,Karlovarský,boy,12-14,Adam
2024,Karlovarský,boy,15,Tobiáš
2024,Karlovarský,boy,16,Vojtěch
2024,Karlovarský,boy,17-18,Šimon
2024,Karlovarský,boy,17-18,Václav
2024,Karlovarský,boy,19-20,Tadeáš
2024,Karlovarský,boy,19-20,Štěpán
2024,Ústecký,boy,1,Jakub
2024,Ústecký,boy,2,David
2024,Ústecký,boy,3,Matyáš
2024,Ústecký,boy,4,Jan
2024,Ústecký,boy,5,Dominik
2024,Ústecký,boy,6,Daniel
2024,Ústecký,boy,7,Adam
2024,Ústecký,boy,8-9,Oliver
2024,Ústecký,boy,8-9,Tomáš
2024,Ústecký,boy,10,Matěj
2024,Ústecký,boy,11,Martin
2024,Ústecký,boy,12,Filip
2024,Ústecký,boy,13-15,Sebastian
2024,Ústecký,boy,13-15,Marek
2024,Ústecký,boy,13-15,Lukáš
2024,Ústecký,boy,16-17,Petr
2024,Ústecký,boy,16-17,Vojtěch
2024,Ústecký,boy,18-19,Tobiáš
2024,Ústecký,boy,18-19,Štěpán
2024,Ústecký,boy,20,Ondřej
2024,Liberecký,boy,1,Matyáš
2024,Liberecký,boy,2,Jakub
2024,Liberecký,boy,3,Adam
2024,Liberecký,boy,4,Filip
2024,Liberecký,boy,5-6,Jan
2024,Liberecký,boy,5-6,Matěj
2024,Liberecký,boy,7,David
2024,Liberecký,boy,8,Oliver
2024,Liberecký,boy,9,Tomáš
2024,Liberecký,boy,10-11,Vojtěch
2024,Liberecký,boy,10-11,Dominik
2024,Liberecký,boy,12,Tobiáš
2024,Liberecký,boy,13,Daniel
2024,Liberecký,boy,14,Antonín
2024,Liberecký,boy,15,Šimon
2024,Liberecký,boy,16-18,Marek
2024,Liberecký,boy,16-18,Štěpán
2024,Liberecký,boy,16-18,Martin
2024,Liberecký,boy,19,Ondřej
2024,Liberecký,boy,20-22,Tadeáš
2024,Liberecký,boy,20-22,Mikuláš
2024,Liberecký,boy,20-22,Jáchym
2024,Královéhradecký,boy,1,Matyáš
2024,Královéhradecký,boy,2,Jakub
2024,Královéhradecký,boy,3,Vojtěch
2024,Královéhradecký,boy,4-5,Jan
2024,Královéhradecký,boy,4-5,Filip
2024,Královéhradecký,boy,6,Matěj
2024,Královéhradecký,boy,7-8,Dominik
2024,Královéhradecký,boy,7-8,Tomáš
2024,Královéhradecký,boy,9-10,Daniel
2024,Královéhradecký,boy,9-10,Adam
2024,Královéhradecký,boy,11,Štěpán
2024,Královéhradecký,boy,12-13,Tobiáš
2024,Královéhradecký,boy,12-13,Ondřej
2024,Královéhradecký,boy,14,David
2024,Královéhradecký,boy,15,Antonín
2024,Královéhradecký,boy,16,Tadeáš
2024,Královéhradecký,boy,17,Sebastian
2024,Královéhradecký,boy,18,Mikuláš
2024,Královéhradecký,boy,19,Marek
2024,Královéhradecký,boy,20-22,Samuel
2024,Královéhradecký,boy,20-22,Václav
2024,Královéhradecký,boy,20-22,Petr
2024,Pardubický,boy,1-2,Matyáš
2024,Pardubický,boy,1-2,Jakub
2024,Pardubický,boy,3,Vojtěch
2024,Pardubický,boy,4,Matěj
2024,Pardubický,boy,5,Jan
2024,Pardubický,boy,6,Filip
2024,Pardubický,boy,7,Tobiáš
2024,Pardubický,boy,8,David
2024,Pardubický,boy,9-10,Adam
2024,Pardubický,boy,9-10,Dominik
2024,Pardubický,boy,11,Antonín
2024,Pardubický,boy,12,Tomáš
2024,Pardubický,boy,13,Lukáš
2024,Pardubický,boy,14,Daniel
2024,Pardubický,boy,15-16,Ondřej
2024,Pardubický,boy,15-16,Marek
2024,Pardubický,boy,17,Oliver
2024,Pardubický,boy,18-20,Vilém
2024,Pardubický,boy,18-20,Mikuláš
2024,Pardubický,boy,18-20,Štěpán
2024,Vysočina,boy,1,Jakub
2024,Vysočina,boy,2,Jan
2024,Vysočina,boy,3,Adam
2024,Vysočina,boy,4,Matěj
2024,Vysočina,boy,5,Matyáš
2024,Vysočina,boy,6,Dominik
2024,Vysočina,boy,7,Tobiáš
2024,Vysočina,boy,8,David
2024,Vysočina,boy,9,Tomáš
2024,Vysočina,boy,10,Vojtěch
2024,Vysočina,boy,11,Štěpán
2024,Vysočina,boy,12,Filip
2024,Vysočina,boy,13,Daniel
2024,Vysočina,boy,14-16,Petr
2024,Vysočina,boy,14-16,Antonín
2024,Vysočina,boy,14-16,Marek
2024,Vysočina,boy,17-18,Martin
2024,Vysočina,boy,17-18,Oliver
2024,Vysočina,boy,19,Teodor
2024,Vysočina,boy,20,Jiří
2024,Jihomoravský,boy,1,Jakub
2024,Jihomoravský,boy,2,Matyáš
2024,Jihomoravský,boy,3,Adam
2024,Jihomoravský,boy,4,David
2024,Jihomoravský,boy,5,Matěj
2024,Jihomoravský,boy,6,Jan
2024,Jihomoravský,boy,7,Dominik
2024,Jihomoravský,boy,8,Vojtěch
2024,Jihomoravský,boy,9,Filip
2024,Jihomoravský,boy,10,Tomáš
2024,Jihomoravský,boy,11,Tobiáš
2024,Jihomoravský,boy,12,Oliver
2024,Jihomoravský,boy,13,Daniel
2024,Jihomoravský,boy,14,Štěpán
2024,Jihomoravský,boy,15-16,Sebastian
2024,Jihomoravský,boy,15-16,Samuel
2024,Jihomoravský,boy,17,Lukáš
2024,Jihomoravský,boy,18-19,Mikuláš
2024,Jihomoravský,boy,18-19,Ondřej
2024,Jihomoravský,boy,20,Marek
2024,Olomoucký,boy,1,Jakub
2024,Olomoucký,boy,2,Jan
2024,Olomoucký,boy,3,Matyáš
2024,Olomoucký,boy,4,Dominik
2024,Olomoucký,boy,5,Štěpán
2024,Olomoucký,boy,6,Vojtěch
2024,Olomoucký,boy,7,Adam
2024,Olomoucký,boy,8,Tobiáš
2024,Olomoucký,boy,9,Filip
2024,Olomoucký,boy,10,David
2024,Olomoucký,boy,11,Tomáš
2024,Olomoucký,boy,12,Matěj
2024,Olomoucký,boy,13-15,Oliver
2024,Olomoucký,boy,13-15,Daniel
2024,Olomoucký,boy,13-15,Lukáš
2024,Olomoucký,boy,16,Jonáš
2024,Olomoucký,boy,17-18,Ondřej
2024,Olomoucký,boy,17-18,Mikuláš
2024,Olomoucký,boy,19,Martin
2024,Olomoucký,boy,20,Sebastian
2024,Zlínský,boy,1,Jakub
2024,Zlínský,boy,2,Matyáš
2024,Zlínský,boy,3,Tomáš
2024,Zlínský,boy,4,Dominik
2024,Zlínský,boy,5-6,Adam
2024,Zlínský,boy,5-6,Jan
2024,Zlínský,boy,7,Matěj
2024,Zlínský,boy,8-9,Vojtěch
2024,Zlínský,boy,8-9,Štěpán
2024,Zlínský,boy,10,David
2024,Zlínský,boy,11,Antonín
2024,Zlínský,boy,12,Filip
2024,Zlínský,boy,13-14,Šimon
2024,Zlínský,boy,13-14,Sebastian
2024,Zlínský,boy,15-16,Ondřej
2024,Zlínský,boy,15-16,Daniel
2024,Zlínský,boy,17,Oliver
2024,Zlínský,boy,18,Martin
2024,Zlínský,boy,19,Lukáš
2024,Zlínský,boy,20,Tobiáš
2024,Moravskoslezský,boy,1,Jakub
2024,Moravskoslezský,boy,2,Matyáš
2024,Moravskoslezský,boy,3,Adam
2024,Moravskoslezský,boy,4,Jan
2024,Moravskoslezský,boy,5,Vojtěch
2024,Moravskoslezský,boy,6,Štěpán
2024,Moravskoslezský,boy,7,Oliver
2024,Moravskoslezský,boy,8,Filip
2024,Moravskoslezský,boy,9,Tomáš
2024,Moravskoslezský,boy,10,Daniel
2024,Moravskoslezský,boy,11-12,Matěj
2024,Moravskoslezský,boy,11-12,Dominik
2024,Moravskoslezský,boy,13,Sebastian
2024,Moravskoslezský,boy,14,Antonín
2024,Moravskoslezský,boy,15-16,Tobiáš
2024,Moravskoslezský,boy,15-16,Teodor
2024,Moravskoslezský,boy,17,David
2024,Moravskoslezský,boy,18,Viktor
2024,Moravskoslezský,boy,19,Ondřej
2024,Moravskoslezský,boy,20,Jonáš
2024,Česko,girl,1,Eliška
2024,Česko,girl,2,Viktorie
2024,Česko,girl,3,Sofie
2024,Česko,girl,4,Anna
2024,Česko,girl,5,Natálie
2024,Česko,girl,6,Amálie
2024,Česko,girl,7,Ema
2024,Česko,girl,8,Tereza
2024,Česko,girl,9,Laura
2024,Česko,girl,10,Adéla
2024,Česko,girl,11,Julie
2024,Česko,girl,12,Rozálie
2024,Česko,girl,13,Nela
2024,Česko,girl,14,Mia
2024,Česko,girl,15,Emma
2024,Česko,girl,16,Karolína
2024,Česko,girl,17,Barbora
2024,Česko,girl,18,Sára
2024,Česko,girl,19,Stella
2024,Česko,girl,20,Anežka
2024,Praha,girl,1,Anna
2024,Praha,girl,2,Sofie
2024,Praha,girl,3,Viktorie
2024,Praha,girl,4,Eliška
2024,Praha,girl,5,Natálie
2024,Praha,girl,6,Ema
2024,Praha,girl,7,Julie
2024,Praha,girl,8-9,Emma
2024,Praha,girl,8-9,Sára
2024,Praha,girl,10,Laura
2024,Praha,girl,11,Meda
2024,Praha,girl,12,Amálie
2024,Praha,girl,13,Tereza
2024,Praha,girl,14,Karolína
2024,Praha,girl,15-17,Nela
2024,Praha,girl,15-17,Rozálie
2024,Praha,girl,15-17,Mia
2024,Praha,girl,18,Adéla
2024,Praha,girl,19,Sofia
2024,Praha,girl,20,Veronika
2024,Středočeský,girl,1,Anna
2024,Středočeský,girl,2,Viktorie
2024,Středočeský,girl,3,Eliška
2024,Středočeský,girl,4,Sofie
2024,Středočeský,girl,5,Natálie
2024,Středočeský,girl,6,Ema
2024,Středočeský,girl,7,Adéla
2024,Středočeský,girl,8,Tereza
2024,Středočeský,girl,9,Julie
2024,Středočeský,girl,10,Laura
2024,Středočeský,girl,11-12,Rozálie
2024,Středočeský,girl,11-12,Mia
2024,Středočeský,girl,13-14,Emma
2024,Středočeský,girl,13-14,Amálie
2024,Středočeský,girl,15,Nela
2024,Středočeský,girl,16,Stella
2024,Středočeský,girl,17-18,Anežka
2024,Středočeský,girl,17-18,Karolína
2024,Středočeský,girl,19,Marie
2024,Středočeský,girl,20,Ella
2024,Jihočeský,girl,1,Eliška
2024,Jihočeský,girl,2,Anna
2024,Jihočeský,girl,3,Sofie
2024,Jihočeský,girl,4,Viktorie
2024,Jihočeský,girl,5,Tereza
2024,Jihočeský,girl,6,Natálie
2024,Jihočeský,girl,7,Rozálie
2024,Jihočeský,girl,8,Adéla
2024,Jihočeský,girl,9,Emma
2024,Jihočeský,girl,10-12,Veronika
2024,Jihočeský,girl,10-12,Karolína
2024,Jihočeský,girl,10-12,Amálie
2024,Jihočeský,girl,13,Mia
2024,Jihočeský,girl,14,Ema
2024,Jihočeský,girl,15-16,Laura
2024,Jihočeský,girl,15-16,Anežka
2024,Jihočeský,girl,17,Nela
2024,Jihočeský,girl,18,Barbora
2024,Jihočeský,girl,19,Lucie
2024,Jihočeský,girl,20-21,Stella
2024,Jihočeský,girl,20-21,Julie
2024,Plzeňský,girl,1,Eliška
2024,Plzeňský,girl,2,Sofie
2024,Plzeňský,girl,3,Viktorie
2024,Plzeňský,girl,4,Anna
2024,Plzeňský,girl,5,Natálie
2024,Plzeňský,girl,6,Adéla
2024,Plzeňský,girl,7-10,Rozálie
2024,Plzeňský,girl,7-10,Julie
2024,Plzeňský,girl,7-10,Tereza
2024,Plzeňský,girl,7-10,Emma
2024,Plzeňský,girl,11,Ema
2024,Plzeňský,girl,12,Nela
2024,Plzeňský,girl,13,Laura
2024,Plzeňský,girl,14,Amálie
2024,Plzeňský,girl,15,Mia
2024,Plzeňský,girl,16-17,Barbora
2024,Plzeňský,girl,16-17,Karolína
2024,Plzeňský,girl,18,Stella
2024,Plzeňský,girl,19,Anežka
2024,Plzeňský,girl,20-21,Klára
2024,Plzeňský,girl,20-21,Marie
2024,Karlovarský,girl,1,Sofie
2024,Karlovarský,girl,2,Eliška
2024,Karlovarský,girl,3,Viktorie
2024,Karlovarský,girl,4,Laura
2024,Karlovarský,girl,5,Adéla
2024,Karlovarský,girl,6,Stella
2024,Karlovarský,girl,7,Amálie
2024,Karlovarský,girl,8,Tereza
2024,Karlovarský,girl,9-10,Anna
2024,Karlovarský,girl,9-10,Emma
2024,Karlovarský,girl,11,Julie
2024,Karlovarský,girl,12,Mia
2024,Karlovarský,girl,13-17,Natálie
2024,Karlovarský,girl,13-17,Nela
2024,Karlovarský,girl,13-17,Rozálie
2024,Karlovarský,girl,13-17,Lucie
2024,Karlovarský,girl,13-17,Veronika
2024,Karlovarský,girl,18-19,Michaela
2024,Karlovarský,girl,18-19,Valerie
2024,Karlovarský,girl,20-22,Karolína
2024,Karlovarský,girl,20-22,Kateřina
2024,Karlovarský,girl,20-22,Barbora
2024,Ústecký,girl,1,Eliška
2024,Ústecký,girl,2,Sofie
2024,Ústecký,girl,3,Viktorie
2024,Ústecký,girl,4,Anna
2024,Ústecký,girl,5,Natálie
2024,Ústecký,girl,6,Amálie
2024,Ústecký,girl,7,Laura
2024,Ústecký,girl,8,Ema
2024,Ústecký,girl,9,Mia
2024,Ústecký,girl,10,Tereza
2024,Ústecký,girl,11,Adéla
2024,Ústecký,girl,12,Kristýna
2024,Ústecký,girl,13,Barbora
2024,Ústecký,girl,14,Rozálie
2024,Ústecký,girl,15,Nela
2024,Ústecký,girl,16-18,Emma
2024,Ústecký,girl,16-18,Karolína
2024,Ústecký,girl,16-18,Štěpánka
2024,Ústecký,girl,19,Anežka
2024,Ústecký,girl,20,Julie
2024,Liberecký,girl,1,Eliška
2024,Liberecký,girl,2,Anna
2024,Liberecký,girl,3,Amálie
2024,Liberecký,girl,4,Natálie
2024,Liberecký,girl,5,Viktorie
2024,Liberecký,girl,6,Sofie
2024,Liberecký,girl,7-8,Ema
2024,Liberecký,girl,7-8,Rozálie
2024,Liberecký,girl,9,Tereza
2024,Liberecký,girl,10,Anežka
2024,Liberecký,girl,11,Laura
2024,Liberecký,girl,12,Štěpánka
2024,Liberecký,girl,13-16,Emma
2024,Liberecký,girl,13-16,Mia
2024,Liberecký,girl,13-16,Adéla
2024,Liberecký,girl,13-16,Barbora
2024,Liberecký,girl,17-18,Kristýna
2024,Liberecký,girl,17-18,Sára
2024,Liberecký,girl,19,Jasmína
2024,Liberecký,girl,20,Julie
2024,Královéhradecký,girl,1,Eliška
2024,Královéhradecký,girl,2-3,Sofie
2024,Královéhradecký,girl,2-3,Viktorie
2024,Královéhradecký,girl,4,Natálie
2024,Královéhradecký,girl,5,Amálie
2024,Královéhradecký,girl,6,Anna
2024,Královéhradecký,girl,7,Tereza
2024,Královéhradecký,girl,8,Nela
2024,Královéhradecký,girl,9,Emma
2024,Královéhradecký,girl,10,Ema
2024,Královéhradecký,girl,11,Adéla
2024,Královéhradecký,girl,12,Marie
2024,Královéhradecký,girl,13,Anežka
2024,Královéhradecký,girl,14,Laura
2024,Královéhradecký,girl,15,Rozálie
2024,Královéhradecký,girl,16,Karolína
2024,Královéhradecký,girl,17,Mia
2024,Královéhradecký,girl,18-20,Julie
2024,Královéhradecký,girl,18-20,Kristýna
2024,Královéhradecký,girl,18-20,Barbora
2024,Pardubický,girl,1,Eliška
2024,Pardubický,girl,2,Viktorie
2024,Pardubický,girl,3,Sofie
2024,Pardubický,girl,4,Natálie
2024,Pardubický,girl,5,Anna
2024,Pardubický,girl,6,Amálie
2024,Pardubický,girl,7,Ema
2024,Pardubický,girl,8,Adéla
2024,Pardubický,girl,9,Tereza
2024,Pardubický,girl,10,Laura
2024,Pardubický,girl,11,Mia
2024,Pardubický,girl,12,Rozálie
2024,Pardubický,girl,13,Nela
2024,Pardubický,girl,14,Anežka
2024,Pardubický,girl,15-16,Valerie
2024,Pardubický,girl,15-16,Sára
2024,Pardubický,girl,17,Karolína
2024,Pardubický,girl,18-20,Emma
2024,Pardubický,girl,18-20,Julie
2024,Pardubický,girl,18-20,Josefína
2024,Vysočina,girl,1,Eliška
2024,Vysočina,girl,2,Anna
2024,Vysočina,girl,3,Natálie
2024,Vysočina,girl,4,Sofie
2024,Vysočina,girl,5,Viktorie
2024,Vysočina,girl,6,Amálie
2024,Vysočina,girl,7,Tereza
2024,Vysočina,girl,8,Adéla
2024,Vysočina,girl,9,Laura
2024,Vysočina,girl,10,Julie
2024,Vysočina,girl,11,Rozálie
2024,Vysočina,girl,12-13,Karolína
2024,Vysočina,girl,12-13,Barbora
2024,Vysočina,girl,14-15,Emma
2024,Vysočina,girl,14-15,Ema
2024,Vysočina,girl,16,Nela
2024,Vysočina,girl,17,Zuzana
2024,Vysočina,girl,18-20,Stella
2024,Vysočina,girl,18-20,Anežka
2024,Vysočina,girl,18-20,Sára
2024,Jihomoravský,girl,1,Eliška
2024,Jihomoravský,girl,2,Anna
2024,Jihomoravský,girl,3,Sofie
2024,Jihomoravský,girl,4,Viktorie
2024,Jihomoravský,girl,5,Natálie
2024,Jihomoravský,girl,6-7,Amálie
2024,Jihomoravský,girl,6-7,Laura
2024,Jihomoravský,girl,8,Tereza
2024,Jihomoravský,girl,9,Ema
2024,Jihomoravský,girl,10,Julie
2024,Jihomoravský,girl,11,Adéla
2024,Jihomoravský,girl,12,Nela
2024,Jihomoravský,girl,13,Sára
2024,Jihomoravský,girl,14,Mia
2024,Jihomoravský,girl,15,Karolína
2024,Jihomoravský,girl,16,Barbora
2024,Jihomoravský,girl,17,Klára
2024,Jihomoravský,girl,18,Rozálie
2024,Jihomoravský,girl,19,Kristýna
2024,Jihomoravský,girl,20,Valerie
2024,Olomoucký,girl,1,Eliška
2024,Olomoucký,girl,2,Viktorie
2024,Olomoucký,girl,3,Sofie
2024,Olomoucký,girl,4,Anna
2024,Olomoucký,girl,5,Natálie
2024,Olomoucký,girl,6-7,Ema
2024,Olomoucký,girl,6-7,Laura
2024,Olomoucký,girl,8,Julie
2024,Olomoucký,girl,9,Amálie
2024,Olomoucký,girl,10,Tereza
2024,Olomoucký,girl,11,Karolína
2024,Olomoucký,girl,12,Emma
2024,Olomoucký,girl,13,Mia
2024,Olomoucký,girl,14-15,Adéla
2024,Olomoucký,girl,14-15,Nela
2024,Olomoucký,girl,16-17,Stella
2024,Olomoucký,girl,16-17,Veronika
2024,Olomoucký,girl,18-20,Marie
2024,Olomoucký,girl,18-20,Anežka
2024,Olomoucký,girl,18-20,Valerie
2024,Zlínský,girl,1,Eliška
2024,Zlínský,girl,2,Sofie
2024,Zlínský,girl,3,Viktorie
2024,Zlínský,girl,4,Natálie
2024,Zlínský,girl,5,Anna
2024,Zlínský,girl,6,Ema
2024,Zlínský,girl,7,Amálie
2024,Zlínský,girl,8,Tereza
2024,Zlínský,girl,9,Julie
2024,Zlínský,girl,10,Nela
2024,Zlínský,girl,11-12,Laura
2024,Zlínský,girl,11-12,Rozálie
2024,Zlínský,girl,13,Mia
2024,Zlínský,girl,14,Adéla
2024,Zlínský,girl,15,Sára
2024,Zlínský,girl,16,Karolína
2024,Zlínský,girl,17,Barbora
2024,Zlínský,girl,18-20,Valerie
2024,Zlínský,girl,18-20,Beáta
2024,Zlínský,girl,18-20,Emma
2024,Moravskoslezský,girl,1,Viktorie
2024,Moravskoslezský,girl,2,Eliška
2024,Moravskoslezský,girl,3,Sofie
2024,Moravskoslezský,girl,4,Anna
2024,Moravskoslezský,girl,5,Laura
2024,Moravskoslezský,girl,6,Natálie
2024,Moravskoslezský,girl,7,Ema
2024,Moravskoslezský,girl,8,Tereza
2024,Moravskoslezský,girl,9,Julie
2024,Moravskoslezský,girl,10,Amálie
2024,Moravskoslezský,girl,11,Rozálie
2024,Moravskoslezský,girl,12,Adéla
2024,Moravskoslezský,girl,13,Stella
2024,Moravskoslezský,girl,14,Nela
2024,Moravskoslezský,girl,15,Sára
2024,Moravskoslezský,girl,16,Karolína
2024,Moravskoslezský,girl,17-18,Veronika
2024,Moravskoslezský,girl,17-18,Emma
2024,Moravskoslezský,girl,19-21,Nina
2024,Moravskoslezský,girl,19-21,Mia
2024,Moravskoslezský,girl,19-21,Kristýna
2024,Česko,boy,23,Samuel
2024,Česko,boy,24,Jonáš
2024,Česko,boy,25,Václav
2024,Česko,boy,28,Patrik
2024,Česko,boy,29,Jiří
2024,Česko,boy,30,Tadeáš
2024,Česko,boy,31,Kryštof
2024,Česko,boy,32,Michal
2024,Česko,boy,33,Viktor
2024,Česko,boy,34,Vilém
2024,Česko,boy,35,Jáchym
2024,Česko,boy,36,Eliáš
2024,Česko,boy,37,Josef
2024,Česko,boy,38,Richard
2024,Česko,boy,39,Eduard
2024,Česko,boy,40,František
2024,Česko,boy,41,Albert
2024,Česko,boy,42,Tobias
2024,Česko,boy,43,Theodor
2024,Česko,boy,44,Alex
2024,Česko,boy,45,Pavel
2024,Česko,boy,48,Vincent
2024,Česko,boy,49,Jindřich
2024,Česko,boy,50,Michael
2024,Česko,boy,51,Sebastián
2024,Česko,boy,52,Nikolas
2024,Česko,boy,53,Maxmilián
2024,Česko,boy,56,Matouš
2024,Česko,boy,57,Matteo
2024,Česko,boy,58,Mateo
2024,Česko,boy,61,Artur
2024,Česko,boy,62,Max
2024,Česko,boy,63,Miroslav
2024,Česko,boy,64,Erik
2024,Česko,boy,65,Mark
2024,Česko,boy,66,Hynek
2024,Česko,boy,67,Maxim
2024,Česko,boy,68,Hugo
2024,Česko,boy,69,Denis
2024,Česko,boy,72,Vítek
2024,Česko,boy,73,Mathias
2024,Česko,boy,74,Nicolas
2024,Česko,boy,75,Damian
2024,Česko,boy,76,Roman
2024,Česko,boy,77,Radek
2024,Česko,boy,78,Theo
2024,Česko,boy,79,Milan
2024,Česko,boy,82,William
2024,Česko,boy,83,Adrian
2024,Česko,boy,86,Zdeněk
2024,Česko,boy,96,Radim
2024,Česko,girl,21,Veronika
2024,Česko,girl,22,Marie
2024,Česko,girl,23,Kristýna
2024,Česko,girl,24,Meda
2024,Česko,girl,25,Valerie
2024,Česko,girl,26,Ella
2024,Česko,girl,27,Klára
2024,Česko,girl,28,Jasmína
2024,Česko,girl,29,Štěpánka
2024,Česko,girl,30,Josefína
2024,Česko,girl,31,Lucie
2024,Česko,girl,32,Aneta
2024,Česko,girl,33,Nina
2024,Česko,girl,34,Magdaléna
2024,Česko,girl,40,Rozárie
2024,Česko,girl,41,Kateřina
2024,Česko,girl,42,Sofia
2024,Česko,girl,43,Leontýna
2024,Česko,girl,44,Liliana
2024,Česko,girl,45,Gabriela
2024,Česko,girl,46,Emily
2024,Česko,girl,47,Amélie
2024,Česko,girl,53,Nikol
2024,Česko,girl,54,Antonie
2024,Česko,girl,55,Vivien
2024,Česko,girl,56,Izabela
2024,Česko,girl,57,Markéta
2024,Česko,girl,58,Eva
2024,Česko,girl,59,Thea
2024,Česko,girl,60,Zora
2024,Česko,girl,63,Diana
2024,Česko,girl,64,Lilien
2024,Česko,girl,65,Elen
2024,Česko,girl,66,Evelína
2024,Česko,girl,67,Olívie
2024,Česko,girl,68,Klaudie
2024,Česko,girl,69,Johana
2024,Česko,girl,72,Žofie
2024,Česko,girl,76,Nella
2024,Česko,girl,77,Valentýna
2024,Česko,girl,78,Linda
2024,Česko,girl,79,Valérie
2024,Česko,girl,80,Jana
2024,Česko,girl,83,Hana
2024,Česko,girl,91,Magdalena
2024,Česko,girl,92,Terezie
2024,Česko,girl,99,Sabina
